* ====================================================================
* record-id  : 20260803-012729-feab5b5
* testbench  : tb_mc_untrimmed.spice
* group      : mm_all (all contributors -- claim-supporting run)
* temp       : 125 C
* supply     : 3.30v (fixed nominal -- mismatch claim, no supply sweep)
* sw_stat_mismatch : 1
* dut variant : mm
* pdk        : gf180mcuD (/Users/rwalters/.volare)
* ngspice    : ngspice-46
* run (UTC)  : 2026-08-03T01:27:29Z
* ====================================================================

Note: Compatibility modes selected: hs a


Circuit: * tb_mc_untrimmed.spice -- issue #13 monte carlo mismatch analysis for the

Reset re-loads circuit * tb_mc_untrimmed.spice -- issue #13 monte carlo mismatch analysis for the

Circuit: * tb_mc_untrimmed.spice -- issue #13 monte carlo mismatch analysis for the

Doing analysis at TEMP = 125.000000 and TNOM = 27.000000

Using SPARSE 1.3 as Direct Linear Solver
 Reference value :  0.00000e+00
No. of Data Rows : 1
vref_val = 1.272954e+00
ibias_val = 6.469690e-01
isup_val = 2.860440e-05
Reset re-loads circuit * tb_mc_untrimmed.spice -- issue #13 monte carlo mismatch analysis for the

Circuit: * tb_mc_untrimmed.spice -- issue #13 monte carlo mismatch analysis for the

Doing analysis at TEMP = 125.000000 and TNOM = 27.000000

Using SPARSE 1.3 as Direct Linear Solver
 Reference value :  0.00000e+00
No. of Data Rows : 1
vref_val = 1.269902e+00
ibias_val = 6.474874e-01
isup_val = 2.877817e-05
Reset re-loads circuit * tb_mc_untrimmed.spice -- issue #13 monte carlo mismatch analysis for the

Circuit: * tb_mc_untrimmed.spice -- issue #13 monte carlo mismatch analysis for the

Doing analysis at TEMP = 125.000000 and TNOM = 27.000000

Using SPARSE 1.3 as Direct Linear Solver
 Reference value :  0.00000e+00
No. of Data Rows : 1
vref_val = 1.263104e+00
ibias_val = 6.449675e-01
isup_val = 2.831107e-05
Reset re-loads circuit * tb_mc_untrimmed.spice -- issue #13 monte carlo mismatch analysis for the

Circuit: * tb_mc_untrimmed.spice -- issue #13 monte carlo mismatch analysis for the

Doing analysis at TEMP = 125.000000 and TNOM = 27.000000

Using SPARSE 1.3 as Direct Linear Solver
 Reference value :  0.00000e+00
No. of Data Rows : 1
vref_val = 1.265689e+00
ibias_val = 6.461089e-01
isup_val = 2.853797e-05
Reset re-loads circuit * tb_mc_untrimmed.spice -- issue #13 monte carlo mismatch analysis for the

Circuit: * tb_mc_untrimmed.spice -- issue #13 monte carlo mismatch analysis for the

Doing analysis at TEMP = 125.000000 and TNOM = 27.000000

Using SPARSE 1.3 as Direct Linear Solver

No. of Data Rows : 1
vref_val = 1.273898e+00
ibias_val = 6.457631e-01
isup_val = 2.876910e-05
Reset re-loads circuit * tb_mc_untrimmed.spice -- issue #13 monte carlo mismatch analysis for the

Circuit: * tb_mc_untrimmed.spice -- issue #13 monte carlo mismatch analysis for the

Doing analysis at TEMP = 125.000000 and TNOM = 27.000000

Using SPARSE 1.3 as Direct Linear Solver
 Reference value :  0.00000e+00
No. of Data Rows : 1
vref_val = 1.264321e+00
ibias_val = 6.462207e-01
isup_val = 2.839796e-05
Reset re-loads circuit * tb_mc_untrimmed.spice -- issue #13 monte carlo mismatch analysis for the

Circuit: * tb_mc_untrimmed.spice -- issue #13 monte carlo mismatch analysis for the

Doing analysis at TEMP = 125.000000 and TNOM = 27.000000

Using SPARSE 1.3 as Direct Linear Solver
 Reference value :  0.00000e+00
No. of Data Rows : 1
vref_val = 1.270771e+00
ibias_val = 6.468323e-01
isup_val = 2.866998e-05
Reset re-loads circuit * tb_mc_untrimmed.spice -- issue #13 monte carlo mismatch analysis for the

Circuit: * tb_mc_untrimmed.spice -- issue #13 monte carlo mismatch analysis for the

Doing analysis at TEMP = 125.000000 and TNOM = 27.000000

Using SPARSE 1.3 as Direct Linear Solver

No. of Data Rows : 1
vref_val = 1.261653e+00
ibias_val = 6.478405e-01
isup_val = 2.842339e-05
Reset re-loads circuit * tb_mc_untrimmed.spice -- issue #13 monte carlo mismatch analysis for the

Circuit: * tb_mc_untrimmed.spice -- issue #13 monte carlo mismatch analysis for the

Doing analysis at TEMP = 125.000000 and TNOM = 27.000000

Using SPARSE 1.3 as Direct Linear Solver
 Reference value :  0.00000e+00
No. of Data Rows : 1
vref_val = 1.277775e+00
ibias_val = 6.481650e-01
isup_val = 2.884019e-05
Reset re-loads circuit * tb_mc_untrimmed.spice -- issue #13 monte carlo mismatch analysis for the

Circuit: * tb_mc_untrimmed.spice -- issue #13 monte carlo mismatch analysis for the

Doing analysis at TEMP = 125.000000 and TNOM = 27.000000

Using SPARSE 1.3 as Direct Linear Solver

No. of Data Rows : 1
vref_val = 1.272844e+00
ibias_val = 6.455044e-01
isup_val = 2.861286e-05
Reset re-loads circuit * tb_mc_untrimmed.spice -- issue #13 monte carlo mismatch analysis for the

Circuit: * tb_mc_untrimmed.spice -- issue #13 monte carlo mismatch analysis for the

Doing analysis at TEMP = 125.000000 and TNOM = 27.000000

Using SPARSE 1.3 as Direct Linear Solver
 Reference value :  0.00000e+00
No. of Data Rows : 1
vref_val = 1.267486e+00
ibias_val = 6.484468e-01
isup_val = 2.865228e-05
Reset re-loads circuit * tb_mc_untrimmed.spice -- issue #13 monte carlo mismatch analysis for the

Circuit: * tb_mc_untrimmed.spice -- issue #13 monte carlo mismatch analysis for the

Doing analysis at TEMP = 125.000000 and TNOM = 27.000000

Using SPARSE 1.3 as Direct Linear Solver
 Reference value :  0.00000e+00
No. of Data Rows : 1
vref_val = 1.278276e+00
ibias_val = 6.453503e-01
isup_val = 2.883976e-05
Reset re-loads circuit * tb_mc_untrimmed.spice -- issue #13 monte carlo mismatch analysis for the

Circuit: * tb_mc_untrimmed.spice -- issue #13 monte carlo mismatch analysis for the

Doing analysis at TEMP = 125.000000 and TNOM = 27.000000

Using SPARSE 1.3 as Direct Linear Solver
 Reference value :  0.00000e+00
No. of Data Rows : 1
vref_val = 1.264683e+00
ibias_val = 6.495497e-01
isup_val = 2.859650e-05
Reset re-loads circuit * tb_mc_untrimmed.spice -- issue #13 monte carlo mismatch analysis for the

Circuit: * tb_mc_untrimmed.spice -- issue #13 monte carlo mismatch analysis for the

Doing analysis at TEMP = 125.000000 and TNOM = 27.000000

Using SPARSE 1.3 as Direct Linear Solver

No. of Data Rows : 1
vref_val = 1.280998e+00
ibias_val = 6.496542e-01
isup_val = 2.914876e-05
Reset re-loads circuit * tb_mc_untrimmed.spice -- issue #13 monte carlo mismatch analysis for the

Circuit: * tb_mc_untrimmed.spice -- issue #13 monte carlo mismatch analysis for the

Doing analysis at TEMP = 125.000000 and TNOM = 27.000000

Using SPARSE 1.3 as Direct Linear Solver
 Reference value :  0.00000e+00
No. of Data Rows : 1
vref_val = 1.277563e+00
ibias_val = 6.453300e-01
isup_val = 2.871209e-05
Reset re-loads circuit * tb_mc_untrimmed.spice -- issue #13 monte carlo mismatch analysis for the

Circuit: * tb_mc_untrimmed.spice -- issue #13 monte carlo mismatch analysis for the

Doing analysis at TEMP = 125.000000 and TNOM = 27.000000

Using SPARSE 1.3 as Direct Linear Solver
 Reference value :  0.00000e+00
No. of Data Rows : 1
vref_val = 1.274942e+00
ibias_val = 6.441964e-01
isup_val = 2.867766e-05
Reset re-loads circuit * tb_mc_untrimmed.spice -- issue #13 monte carlo mismatch analysis for the

Circuit: * tb_mc_untrimmed.spice -- issue #13 monte carlo mismatch analysis for the

Doing analysis at TEMP = 125.000000 and TNOM = 27.000000

Using SPARSE 1.3 as Direct Linear Solver
 Reference value :  0.00000e+00
No. of Data Rows : 1
vref_val = 1.264944e+00
ibias_val = 6.484598e-01
isup_val = 2.854829e-05
Reset re-loads circuit * tb_mc_untrimmed.spice -- issue #13 monte carlo mismatch analysis for the

Circuit: * tb_mc_untrimmed.spice -- issue #13 monte carlo mismatch analysis for the

Doing analysis at TEMP = 125.000000 and TNOM = 27.000000

Using SPARSE 1.3 as Direct Linear Solver

No. of Data Rows : 1
vref_val = 1.269073e+00
ibias_val = 6.492419e-01
isup_val = 2.861658e-05
Reset re-loads circuit * tb_mc_untrimmed.spice -- issue #13 monte carlo mismatch analysis for the

Circuit: * tb_mc_untrimmed.spice -- issue #13 monte carlo mismatch analysis for the

Doing analysis at TEMP = 125.000000 and TNOM = 27.000000

Using SPARSE 1.3 as Direct Linear Solver
 Reference value :  0.00000e+00
No. of Data Rows : 1
vref_val = 1.273114e+00
ibias_val = 6.489352e-01
isup_val = 2.875527e-05
Reset re-loads circuit * tb_mc_untrimmed.spice -- issue #13 monte carlo mismatch analysis for the

Circuit: * tb_mc_untrimmed.spice -- issue #13 monte carlo mismatch analysis for the

Doing analysis at TEMP = 125.000000 and TNOM = 27.000000

Using SPARSE 1.3 as Direct Linear Solver
 Reference value :  0.00000e+00
No. of Data Rows : 1
vref_val = 1.273457e+00
ibias_val = 6.466971e-01
isup_val = 2.870020e-05
Reset re-loads circuit * tb_mc_untrimmed.spice -- issue #13 monte carlo mismatch analysis for the

Circuit: * tb_mc_untrimmed.spice -- issue #13 monte carlo mismatch analysis for the

Doing analysis at TEMP = 125.000000 and TNOM = 27.000000

Using SPARSE 1.3 as Direct Linear Solver

No. of Data Rows : 1
vref_val = 1.270664e+00
ibias_val = 6.464819e-01
isup_val = 2.864677e-05
Reset re-loads circuit * tb_mc_untrimmed.spice -- issue #13 monte carlo mismatch analysis for the

Circuit: * tb_mc_untrimmed.spice -- issue #13 monte carlo mismatch analysis for the

Doing analysis at TEMP = 125.000000 and TNOM = 27.000000

Using SPARSE 1.3 as Direct Linear Solver
 Reference value :  0.00000e+00
No. of Data Rows : 1
vref_val = 1.270552e+00
ibias_val = 6.444005e-01
isup_val = 2.850327e-05
Reset re-loads circuit * tb_mc_untrimmed.spice -- issue #13 monte carlo mismatch analysis for the

Circuit: * tb_mc_untrimmed.spice -- issue #13 monte carlo mismatch analysis for the

Doing analysis at TEMP = 125.000000 and TNOM = 27.000000

Using SPARSE 1.3 as Direct Linear Solver
 Reference value :  0.00000e+00
No. of Data Rows : 1
vref_val = 1.276682e+00
ibias_val = 6.484069e-01
isup_val = 2.891745e-05
Reset re-loads circuit * tb_mc_untrimmed.spice -- issue #13 monte carlo mismatch analysis for the

Circuit: * tb_mc_untrimmed.spice -- issue #13 monte carlo mismatch analysis for the

Doing analysis at TEMP = 125.000000 and TNOM = 27.000000

Using SPARSE 1.3 as Direct Linear Solver
 Reference value :  0.00000e+00
No. of Data Rows : 1
vref_val = 1.269086e+00
ibias_val = 6.436281e-01
isup_val = 2.845863e-05
Reset re-loads circuit * tb_mc_untrimmed.spice -- issue #13 monte carlo mismatch analysis for the

Circuit: * tb_mc_untrimmed.spice -- issue #13 monte carlo mismatch analysis for the

Doing analysis at TEMP = 125.000000 and TNOM = 27.000000

Using SPARSE 1.3 as Direct Linear Solver
 Reference value :  0.00000e+00
No. of Data Rows : 1
vref_val = 1.264699e+00
ibias_val = 6.512438e-01
isup_val = 2.855578e-05
Reset re-loads circuit * tb_mc_untrimmed.spice -- issue #13 monte carlo mismatch analysis for the

Circuit: * tb_mc_untrimmed.spice -- issue #13 monte carlo mismatch analysis for the

Doing analysis at TEMP = 125.000000 and TNOM = 27.000000

Using SPARSE 1.3 as Direct Linear Solver
 Reference value :  0.00000e+00
No. of Data Rows : 1
vref_val = 1.275044e+00
ibias_val = 6.494982e-01
isup_val = 2.885896e-05
Reset re-loads circuit * tb_mc_untrimmed.spice -- issue #13 monte carlo mismatch analysis for the

Circuit: * tb_mc_untrimmed.spice -- issue #13 monte carlo mismatch analysis for the

Doing analysis at TEMP = 125.000000 and TNOM = 27.000000

Using SPARSE 1.3 as Direct Linear Solver

No. of Data Rows : 1
vref_val = 1.264223e+00
ibias_val = 6.489996e-01
isup_val = 2.848808e-05
Reset re-loads circuit * tb_mc_untrimmed.spice -- issue #13 monte carlo mismatch analysis for the

Circuit: * tb_mc_untrimmed.spice -- issue #13 monte carlo mismatch analysis for the

Doing analysis at TEMP = 125.000000 and TNOM = 27.000000

Using SPARSE 1.3 as Direct Linear Solver
 Reference value :  0.00000e+00
No. of Data Rows : 1
vref_val = 1.260540e+00
ibias_val = 6.476579e-01
isup_val = 2.836542e-05
Reset re-loads circuit * tb_mc_untrimmed.spice -- issue #13 monte carlo mismatch analysis for the

Circuit: * tb_mc_untrimmed.spice -- issue #13 monte carlo mismatch analysis for the

Doing analysis at TEMP = 125.000000 and TNOM = 27.000000

Using SPARSE 1.3 as Direct Linear Solver
 Reference value :  0.00000e+00
No. of Data Rows : 1
vref_val = 1.269476e+00
ibias_val = 6.504205e-01
isup_val = 2.872641e-05
Reset re-loads circuit * tb_mc_untrimmed.spice -- issue #13 monte carlo mismatch analysis for the

Circuit: * tb_mc_untrimmed.spice -- issue #13 monte carlo mismatch analysis for the

Doing analysis at TEMP = 125.000000 and TNOM = 27.000000

Using SPARSE 1.3 as Direct Linear Solver
 Reference value :  0.00000e+00
No. of Data Rows : 1
vref_val = 1.260219e+00
ibias_val = 6.455112e-01
isup_val = 2.828222e-05
Reset re-loads circuit * tb_mc_untrimmed.spice -- issue #13 monte carlo mismatch analysis for the

Circuit: * tb_mc_untrimmed.spice -- issue #13 monte carlo mismatch analysis for the

Doing analysis at TEMP = 125.000000 and TNOM = 27.000000

Using SPARSE 1.3 as Direct Linear Solver
 Reference value :  0.00000e+00
No. of Data Rows : 1
vref_val = 1.276333e+00
ibias_val = 6.492585e-01
isup_val = 2.890777e-05
Reset re-loads circuit * tb_mc_untrimmed.spice -- issue #13 monte carlo mismatch analysis for the

Circuit: * tb_mc_untrimmed.spice -- issue #13 monte carlo mismatch analysis for the

Doing analysis at TEMP = 125.000000 and TNOM = 27.000000

Using SPARSE 1.3 as Direct Linear Solver
 Reference value :  0.00000e+00
No. of Data Rows : 1
vref_val = 1.280423e+00
ibias_val = 6.498037e-01
isup_val = 2.902759e-05
Reset re-loads circuit * tb_mc_untrimmed.spice -- issue #13 monte carlo mismatch analysis for the

Circuit: * tb_mc_untrimmed.spice -- issue #13 monte carlo mismatch analysis for the

Doing analysis at TEMP = 125.000000 and TNOM = 27.000000

Using SPARSE 1.3 as Direct Linear Solver

No. of Data Rows : 1
vref_val = 1.268920e+00
ibias_val = 6.458081e-01
isup_val = 2.847107e-05
Reset re-loads circuit * tb_mc_untrimmed.spice -- issue #13 monte carlo mismatch analysis for the

Circuit: * tb_mc_untrimmed.spice -- issue #13 monte carlo mismatch analysis for the

Doing analysis at TEMP = 125.000000 and TNOM = 27.000000

Using SPARSE 1.3 as Direct Linear Solver
 Reference value :  0.00000e+00
No. of Data Rows : 1
vref_val = 1.275992e+00
ibias_val = 6.476180e-01
isup_val = 2.882842e-05
Reset re-loads circuit * tb_mc_untrimmed.spice -- issue #13 monte carlo mismatch analysis for the

Circuit: * tb_mc_untrimmed.spice -- issue #13 monte carlo mismatch analysis for the

Doing analysis at TEMP = 125.000000 and TNOM = 27.000000

Using SPARSE 1.3 as Direct Linear Solver
 Reference value :  0.00000e+00
No. of Data Rows : 1
vref_val = 1.273527e+00
ibias_val = 6.490718e-01
isup_val = 2.887002e-05
Reset re-loads circuit * tb_mc_untrimmed.spice -- issue #13 monte carlo mismatch analysis for the

Circuit: * tb_mc_untrimmed.spice -- issue #13 monte carlo mismatch analysis for the

Doing analysis at TEMP = 125.000000 and TNOM = 27.000000

Using SPARSE 1.3 as Direct Linear Solver

No. of Data Rows : 1
vref_val = 1.265868e+00
ibias_val = 6.456741e-01
isup_val = 2.850312e-05
Reset re-loads circuit * tb_mc_untrimmed.spice -- issue #13 monte carlo mismatch analysis for the

Circuit: * tb_mc_untrimmed.spice -- issue #13 monte carlo mismatch analysis for the

Doing analysis at TEMP = 125.000000 and TNOM = 27.000000

Using SPARSE 1.3 as Direct Linear Solver
 Reference value :  0.00000e+00
No. of Data Rows : 1
vref_val = 1.279812e+00
ibias_val = 6.510307e-01
isup_val = 2.900984e-05
Reset re-loads circuit * tb_mc_untrimmed.spice -- issue #13 monte carlo mismatch analysis for the

Circuit: * tb_mc_untrimmed.spice -- issue #13 monte carlo mismatch analysis for the

Doing analysis at TEMP = 125.000000 and TNOM = 27.000000

Using SPARSE 1.3 as Direct Linear Solver
 Reference value :  0.00000e+00
No. of Data Rows : 1
vref_val = 1.264289e+00
ibias_val = 6.480546e-01
isup_val = 2.849354e-05
Reset re-loads circuit * tb_mc_untrimmed.spice -- issue #13 monte carlo mismatch analysis for the

Circuit: * tb_mc_untrimmed.spice -- issue #13 monte carlo mismatch analysis for the

Doing analysis at TEMP = 125.000000 and TNOM = 27.000000

Using SPARSE 1.3 as Direct Linear Solver
 Reference value :  0.00000e+00
No. of Data Rows : 1
vref_val = 1.274395e+00
ibias_val = 6.470572e-01
isup_val = 2.873211e-05
Reset re-loads circuit * tb_mc_untrimmed.spice -- issue #13 monte carlo mismatch analysis for the

Circuit: * tb_mc_untrimmed.spice -- issue #13 monte carlo mismatch analysis for the

Doing analysis at TEMP = 125.000000 and TNOM = 27.000000

Using SPARSE 1.3 as Direct Linear Solver
 Reference value :  0.00000e+00
No. of Data Rows : 1
vref_val = 1.275240e+00
ibias_val = 6.462017e-01
isup_val = 2.870419e-05
Reset re-loads circuit * tb_mc_untrimmed.spice -- issue #13 monte carlo mismatch analysis for the

Circuit: * tb_mc_untrimmed.spice -- issue #13 monte carlo mismatch analysis for the

Doing analysis at TEMP = 125.000000 and TNOM = 27.000000

Using SPARSE 1.3 as Direct Linear Solver
 Reference value :  0.00000e+00
No. of Data Rows : 1
vref_val = 1.266524e+00
ibias_val = 6.467056e-01
isup_val = 2.847721e-05
Reset re-loads circuit * tb_mc_untrimmed.spice -- issue #13 monte carlo mismatch analysis for the

Circuit: * tb_mc_untrimmed.spice -- issue #13 monte carlo mismatch analysis for the

Doing analysis at TEMP = 125.000000 and TNOM = 27.000000

Using SPARSE 1.3 as Direct Linear Solver
 Reference value :  0.00000e+00
No. of Data Rows : 1
vref_val = 1.269861e+00
ibias_val = 6.498281e-01
isup_val = 2.871187e-05
Reset re-loads circuit * tb_mc_untrimmed.spice -- issue #13 monte carlo mismatch analysis for the

Circuit: * tb_mc_untrimmed.spice -- issue #13 monte carlo mismatch analysis for the

Doing analysis at TEMP = 125.000000 and TNOM = 27.000000

Using SPARSE 1.3 as Direct Linear Solver
 Reference value :  0.00000e+00
No. of Data Rows : 1
vref_val = 1.277093e+00
ibias_val = 6.506930e-01
isup_val = 2.891574e-05
Reset re-loads circuit * tb_mc_untrimmed.spice -- issue #13 monte carlo mismatch analysis for the

Circuit: * tb_mc_untrimmed.spice -- issue #13 monte carlo mismatch analysis for the

Doing analysis at TEMP = 125.000000 and TNOM = 27.000000

Using SPARSE 1.3 as Direct Linear Solver
 Reference value :  0.00000e+00
No. of Data Rows : 1
vref_val = 1.275272e+00
ibias_val = 6.484813e-01
isup_val = 2.882508e-05
Reset re-loads circuit * tb_mc_untrimmed.spice -- issue #13 monte carlo mismatch analysis for the

Circuit: * tb_mc_untrimmed.spice -- issue #13 monte carlo mismatch analysis for the

Doing analysis at TEMP = 125.000000 and TNOM = 27.000000

Using SPARSE 1.3 as Direct Linear Solver
 Reference value :  0.00000e+00
No. of Data Rows : 1
vref_val = 1.265195e+00
ibias_val = 6.489992e-01
isup_val = 2.865503e-05
Reset re-loads circuit * tb_mc_untrimmed.spice -- issue #13 monte carlo mismatch analysis for the

Circuit: * tb_mc_untrimmed.spice -- issue #13 monte carlo mismatch analysis for the

Doing analysis at TEMP = 125.000000 and TNOM = 27.000000

Using SPARSE 1.3 as Direct Linear Solver
 Reference value :  0.00000e+00
No. of Data Rows : 1
vref_val = 1.275167e+00
ibias_val = 6.479005e-01
isup_val = 2.891958e-05
Reset re-loads circuit * tb_mc_untrimmed.spice -- issue #13 monte carlo mismatch analysis for the

Circuit: * tb_mc_untrimmed.spice -- issue #13 monte carlo mismatch analysis for the

Doing analysis at TEMP = 125.000000 and TNOM = 27.000000

Using SPARSE 1.3 as Direct Linear Solver
 Reference value :  0.00000e+00
No. of Data Rows : 1
vref_val = 1.265015e+00
ibias_val = 6.495890e-01
isup_val = 2.861951e-05
Reset re-loads circuit * tb_mc_untrimmed.spice -- issue #13 monte carlo mismatch analysis for the

Circuit: * tb_mc_untrimmed.spice -- issue #13 monte carlo mismatch analysis for the

Doing analysis at TEMP = 125.000000 and TNOM = 27.000000

Using SPARSE 1.3 as Direct Linear Solver
 Reference value :  0.00000e+00
No. of Data Rows : 1
vref_val = 1.266498e+00
ibias_val = 6.444597e-01
isup_val = 2.840455e-05
Reset re-loads circuit * tb_mc_untrimmed.spice -- issue #13 monte carlo mismatch analysis for the

Circuit: * tb_mc_untrimmed.spice -- issue #13 monte carlo mismatch analysis for the

Doing analysis at TEMP = 125.000000 and TNOM = 27.000000

Using SPARSE 1.3 as Direct Linear Solver
 Reference value :  0.00000e+00
No. of Data Rows : 1
vref_val = 1.272773e+00
ibias_val = 6.449913e-01
isup_val = 2.858033e-05
Reset re-loads circuit * tb_mc_untrimmed.spice -- issue #13 monte carlo mismatch analysis for the

Circuit: * tb_mc_untrimmed.spice -- issue #13 monte carlo mismatch analysis for the

Doing analysis at TEMP = 125.000000 and TNOM = 27.000000

Using SPARSE 1.3 as Direct Linear Solver
 Reference value :  0.00000e+00
No. of Data Rows : 1
vref_val = 1.268245e+00
ibias_val = 6.466290e-01
isup_val = 2.861825e-05
Reset re-loads circuit * tb_mc_untrimmed.spice -- issue #13 monte carlo mismatch analysis for the

Circuit: * tb_mc_untrimmed.spice -- issue #13 monte carlo mismatch analysis for the

Doing analysis at TEMP = 125.000000 and TNOM = 27.000000

Using SPARSE 1.3 as Direct Linear Solver
 Reference value :  0.00000e+00
No. of Data Rows : 1
vref_val = 1.268999e+00
ibias_val = 6.490784e-01
isup_val = 2.864849e-05
Reset re-loads circuit * tb_mc_untrimmed.spice -- issue #13 monte carlo mismatch analysis for the

Circuit: * tb_mc_untrimmed.spice -- issue #13 monte carlo mismatch analysis for the

Doing analysis at TEMP = 125.000000 and TNOM = 27.000000

Using SPARSE 1.3 as Direct Linear Solver
 Reference value :  0.00000e+00
No. of Data Rows : 1
vref_val = 1.274469e+00
ibias_val = 6.489582e-01
isup_val = 2.879784e-05
Reset re-loads circuit * tb_mc_untrimmed.spice -- issue #13 monte carlo mismatch analysis for the

Circuit: * tb_mc_untrimmed.spice -- issue #13 monte carlo mismatch analysis for the

Doing analysis at TEMP = 125.000000 and TNOM = 27.000000

Using SPARSE 1.3 as Direct Linear Solver

No. of Data Rows : 1
vref_val = 1.257020e+00
ibias_val = 6.470428e-01
isup_val = 2.821107e-05
Reset re-loads circuit * tb_mc_untrimmed.spice -- issue #13 monte carlo mismatch analysis for the

Circuit: * tb_mc_untrimmed.spice -- issue #13 monte carlo mismatch analysis for the

Doing analysis at TEMP = 125.000000 and TNOM = 27.000000

Using SPARSE 1.3 as Direct Linear Solver
 Reference value :  0.00000e+00
No. of Data Rows : 1
vref_val = 1.263747e+00
ibias_val = 6.490157e-01
isup_val = 2.861193e-05
Reset re-loads circuit * tb_mc_untrimmed.spice -- issue #13 monte carlo mismatch analysis for the

Circuit: * tb_mc_untrimmed.spice -- issue #13 monte carlo mismatch analysis for the

Doing analysis at TEMP = 125.000000 and TNOM = 27.000000

Using SPARSE 1.3 as Direct Linear Solver

No. of Data Rows : 1
vref_val = 1.268516e+00
ibias_val = 6.500748e-01
isup_val = 2.871666e-05
Reset re-loads circuit * tb_mc_untrimmed.spice -- issue #13 monte carlo mismatch analysis for the

Circuit: * tb_mc_untrimmed.spice -- issue #13 monte carlo mismatch analysis for the

Doing analysis at TEMP = 125.000000 and TNOM = 27.000000

Using SPARSE 1.3 as Direct Linear Solver
 Reference value :  0.00000e+00
No. of Data Rows : 1
vref_val = 1.255355e+00
ibias_val = 6.466664e-01
isup_val = 2.822318e-05
Reset re-loads circuit * tb_mc_untrimmed.spice -- issue #13 monte carlo mismatch analysis for the

Circuit: * tb_mc_untrimmed.spice -- issue #13 monte carlo mismatch analysis for the

Doing analysis at TEMP = 125.000000 and TNOM = 27.000000

Using SPARSE 1.3 as Direct Linear Solver

No. of Data Rows : 1
vref_val = 1.264016e+00
ibias_val = 6.453132e-01
isup_val = 2.825348e-05
Reset re-loads circuit * tb_mc_untrimmed.spice -- issue #13 monte carlo mismatch analysis for the

Circuit: * tb_mc_untrimmed.spice -- issue #13 monte carlo mismatch analysis for the

Doing analysis at TEMP = 125.000000 and TNOM = 27.000000

Using SPARSE 1.3 as Direct Linear Solver
 Reference value :  0.00000e+00
No. of Data Rows : 1
vref_val = 1.276653e+00
ibias_val = 6.464683e-01
isup_val = 2.880992e-05
Reset re-loads circuit * tb_mc_untrimmed.spice -- issue #13 monte carlo mismatch analysis for the

Circuit: * tb_mc_untrimmed.spice -- issue #13 monte carlo mismatch analysis for the

Doing analysis at TEMP = 125.000000 and TNOM = 27.000000

Using SPARSE 1.3 as Direct Linear Solver
 Reference value :  0.00000e+00
No. of Data Rows : 1
vref_val = 1.271373e+00
ibias_val = 6.445543e-01
isup_val = 2.850161e-05
Reset re-loads circuit * tb_mc_untrimmed.spice -- issue #13 monte carlo mismatch analysis for the

Circuit: * tb_mc_untrimmed.spice -- issue #13 monte carlo mismatch analysis for the

Doing analysis at TEMP = 125.000000 and TNOM = 27.000000

Using SPARSE 1.3 as Direct Linear Solver
 Reference value :  0.00000e+00
No. of Data Rows : 1
vref_val = 1.269002e+00
ibias_val = 6.517863e-01
isup_val = 2.890723e-05
Reset re-loads circuit * tb_mc_untrimmed.spice -- issue #13 monte carlo mismatch analysis for the

Circuit: * tb_mc_untrimmed.spice -- issue #13 monte carlo mismatch analysis for the

Doing analysis at TEMP = 125.000000 and TNOM = 27.000000

Using SPARSE 1.3 as Direct Linear Solver
 Reference value :  0.00000e+00
No. of Data Rows : 1
vref_val = 1.282120e+00
ibias_val = 6.516440e-01
isup_val = 2.907813e-05
Reset re-loads circuit * tb_mc_untrimmed.spice -- issue #13 monte carlo mismatch analysis for the

Circuit: * tb_mc_untrimmed.spice -- issue #13 monte carlo mismatch analysis for the

Doing analysis at TEMP = 125.000000 and TNOM = 27.000000

Using SPARSE 1.3 as Direct Linear Solver
 Reference value :  0.00000e+00
No. of Data Rows : 1
vref_val = 1.268715e+00
ibias_val = 6.481435e-01
isup_val = 2.858888e-05
Reset re-loads circuit * tb_mc_untrimmed.spice -- issue #13 monte carlo mismatch analysis for the

Circuit: * tb_mc_untrimmed.spice -- issue #13 monte carlo mismatch analysis for the

Doing analysis at TEMP = 125.000000 and TNOM = 27.000000

Using SPARSE 1.3 as Direct Linear Solver
 Reference value :  0.00000e+00
No. of Data Rows : 1
vref_val = 1.260155e+00
ibias_val = 6.429447e-01
isup_val = 2.823249e-05
Reset re-loads circuit * tb_mc_untrimmed.spice -- issue #13 monte carlo mismatch analysis for the

Circuit: * tb_mc_untrimmed.spice -- issue #13 monte carlo mismatch analysis for the

Doing analysis at TEMP = 125.000000 and TNOM = 27.000000

Using SPARSE 1.3 as Direct Linear Solver
 Reference value :  0.00000e+00
No. of Data Rows : 1
vref_val = 1.268427e+00
ibias_val = 6.525048e-01
isup_val = 2.884918e-05
Reset re-loads circuit * tb_mc_untrimmed.spice -- issue #13 monte carlo mismatch analysis for the

Circuit: * tb_mc_untrimmed.spice -- issue #13 monte carlo mismatch analysis for the

Doing analysis at TEMP = 125.000000 and TNOM = 27.000000

Using SPARSE 1.3 as Direct Linear Solver
 Reference value :  0.00000e+00
No. of Data Rows : 1
vref_val = 1.271559e+00
ibias_val = 6.472038e-01
isup_val = 2.852470e-05
Reset re-loads circuit * tb_mc_untrimmed.spice -- issue #13 monte carlo mismatch analysis for the

Circuit: * tb_mc_untrimmed.spice -- issue #13 monte carlo mismatch analysis for the

Doing analysis at TEMP = 125.000000 and TNOM = 27.000000

Using SPARSE 1.3 as Direct Linear Solver
 Reference value :  0.00000e+00
No. of Data Rows : 1
vref_val = 1.268156e+00
ibias_val = 6.473241e-01
isup_val = 2.859499e-05
Reset re-loads circuit * tb_mc_untrimmed.spice -- issue #13 monte carlo mismatch analysis for the

Circuit: * tb_mc_untrimmed.spice -- issue #13 monte carlo mismatch analysis for the

Doing analysis at TEMP = 125.000000 and TNOM = 27.000000

Using SPARSE 1.3 as Direct Linear Solver
 Reference value :  0.00000e+00
No. of Data Rows : 1
vref_val = 1.265310e+00
ibias_val = 6.471837e-01
isup_val = 2.850616e-05
Reset re-loads circuit * tb_mc_untrimmed.spice -- issue #13 monte carlo mismatch analysis for the

Circuit: * tb_mc_untrimmed.spice -- issue #13 monte carlo mismatch analysis for the

Doing analysis at TEMP = 125.000000 and TNOM = 27.000000

Using SPARSE 1.3 as Direct Linear Solver
 Reference value :  0.00000e+00
No. of Data Rows : 1
vref_val = 1.260088e+00
ibias_val = 6.459385e-01
isup_val = 2.833743e-05
Reset re-loads circuit * tb_mc_untrimmed.spice -- issue #13 monte carlo mismatch analysis for the

Circuit: * tb_mc_untrimmed.spice -- issue #13 monte carlo mismatch analysis for the

Doing analysis at TEMP = 125.000000 and TNOM = 27.000000

Using SPARSE 1.3 as Direct Linear Solver
 Reference value :  0.00000e+00
No. of Data Rows : 1
vref_val = 1.275761e+00
ibias_val = 6.479593e-01
isup_val = 2.889591e-05
Reset re-loads circuit * tb_mc_untrimmed.spice -- issue #13 monte carlo mismatch analysis for the

Circuit: * tb_mc_untrimmed.spice -- issue #13 monte carlo mismatch analysis for the

Doing analysis at TEMP = 125.000000 and TNOM = 27.000000

Using SPARSE 1.3 as Direct Linear Solver
 Reference value :  0.00000e+00
No. of Data Rows : 1
vref_val = 1.270938e+00
ibias_val = 6.518930e-01
isup_val = 2.886662e-05
Reset re-loads circuit * tb_mc_untrimmed.spice -- issue #13 monte carlo mismatch analysis for the

Circuit: * tb_mc_untrimmed.spice -- issue #13 monte carlo mismatch analysis for the

Doing analysis at TEMP = 125.000000 and TNOM = 27.000000

Using SPARSE 1.3 as Direct Linear Solver
 Reference value :  0.00000e+00
No. of Data Rows : 1
vref_val = 1.269528e+00
ibias_val = 6.441603e-01
isup_val = 2.853960e-05
Reset re-loads circuit * tb_mc_untrimmed.spice -- issue #13 monte carlo mismatch analysis for the

Circuit: * tb_mc_untrimmed.spice -- issue #13 monte carlo mismatch analysis for the

Doing analysis at TEMP = 125.000000 and TNOM = 27.000000

Using SPARSE 1.3 as Direct Linear Solver
 Reference value :  0.00000e+00
No. of Data Rows : 1
vref_val = 1.271667e+00
ibias_val = 6.481115e-01
isup_val = 2.875845e-05
Reset re-loads circuit * tb_mc_untrimmed.spice -- issue #13 monte carlo mismatch analysis for the

Circuit: * tb_mc_untrimmed.spice -- issue #13 monte carlo mismatch analysis for the

Doing analysis at TEMP = 125.000000 and TNOM = 27.000000

Using SPARSE 1.3 as Direct Linear Solver
 Reference value :  0.00000e+00
No. of Data Rows : 1
vref_val = 1.276286e+00
ibias_val = 6.480790e-01
isup_val = 2.884727e-05
Reset re-loads circuit * tb_mc_untrimmed.spice -- issue #13 monte carlo mismatch analysis for the

Circuit: * tb_mc_untrimmed.spice -- issue #13 monte carlo mismatch analysis for the

Doing analysis at TEMP = 125.000000 and TNOM = 27.000000

Using SPARSE 1.3 as Direct Linear Solver
 Reference value :  0.00000e+00
No. of Data Rows : 1
vref_val = 1.267360e+00
ibias_val = 6.503544e-01
isup_val = 2.871749e-05
Reset re-loads circuit * tb_mc_untrimmed.spice -- issue #13 monte carlo mismatch analysis for the

Circuit: * tb_mc_untrimmed.spice -- issue #13 monte carlo mismatch analysis for the

Doing analysis at TEMP = 125.000000 and TNOM = 27.000000

Using SPARSE 1.3 as Direct Linear Solver
 Reference value :  0.00000e+00
No. of Data Rows : 1
vref_val = 1.273118e+00
ibias_val = 6.484201e-01
isup_val = 2.882051e-05
Reset re-loads circuit * tb_mc_untrimmed.spice -- issue #13 monte carlo mismatch analysis for the

Circuit: * tb_mc_untrimmed.spice -- issue #13 monte carlo mismatch analysis for the

Doing analysis at TEMP = 125.000000 and TNOM = 27.000000

Using SPARSE 1.3 as Direct Linear Solver
 Reference value :  0.00000e+00
No. of Data Rows : 1
vref_val = 1.260069e+00
ibias_val = 6.505296e-01
isup_val = 2.852163e-05
Reset re-loads circuit * tb_mc_untrimmed.spice -- issue #13 monte carlo mismatch analysis for the

Circuit: * tb_mc_untrimmed.spice -- issue #13 monte carlo mismatch analysis for the

Doing analysis at TEMP = 125.000000 and TNOM = 27.000000

Using SPARSE 1.3 as Direct Linear Solver
 Reference value :  0.00000e+00
No. of Data Rows : 1
vref_val = 1.267846e+00
ibias_val = 6.492543e-01
isup_val = 2.870097e-05
Reset re-loads circuit * tb_mc_untrimmed.spice -- issue #13 monte carlo mismatch analysis for the

Circuit: * tb_mc_untrimmed.spice -- issue #13 monte carlo mismatch analysis for the

Doing analysis at TEMP = 125.000000 and TNOM = 27.000000

Using SPARSE 1.3 as Direct Linear Solver
 Reference value :  0.00000e+00
No. of Data Rows : 1
vref_val = 1.261534e+00
ibias_val = 6.497741e-01
isup_val = 2.856561e-05
Reset re-loads circuit * tb_mc_untrimmed.spice -- issue #13 monte carlo mismatch analysis for the

Circuit: * tb_mc_untrimmed.spice -- issue #13 monte carlo mismatch analysis for the

Doing analysis at TEMP = 125.000000 and TNOM = 27.000000

Using SPARSE 1.3 as Direct Linear Solver
 Reference value :  0.00000e+00
No. of Data Rows : 1
vref_val = 1.276468e+00
ibias_val = 6.477636e-01
isup_val = 2.892587e-05
Reset re-loads circuit * tb_mc_untrimmed.spice -- issue #13 monte carlo mismatch analysis for the

Circuit: * tb_mc_untrimmed.spice -- issue #13 monte carlo mismatch analysis for the

Doing analysis at TEMP = 125.000000 and TNOM = 27.000000

Using SPARSE 1.3 as Direct Linear Solver
 Reference value :  0.00000e+00
No. of Data Rows : 1
vref_val = 1.254281e+00
ibias_val = 6.471848e-01
isup_val = 2.807480e-05
Reset re-loads circuit * tb_mc_untrimmed.spice -- issue #13 monte carlo mismatch analysis for the

Circuit: * tb_mc_untrimmed.spice -- issue #13 monte carlo mismatch analysis for the

Doing analysis at TEMP = 125.000000 and TNOM = 27.000000

Using SPARSE 1.3 as Direct Linear Solver
 Reference value :  0.00000e+00
No. of Data Rows : 1
vref_val = 1.274519e+00
ibias_val = 6.486412e-01
isup_val = 2.883525e-05
Reset re-loads circuit * tb_mc_untrimmed.spice -- issue #13 monte carlo mismatch analysis for the

Circuit: * tb_mc_untrimmed.spice -- issue #13 monte carlo mismatch analysis for the

Doing analysis at TEMP = 125.000000 and TNOM = 27.000000

Using SPARSE 1.3 as Direct Linear Solver
 Reference value :  0.00000e+00
No. of Data Rows : 1
vref_val = 1.271663e+00
ibias_val = 6.492169e-01
isup_val = 2.863650e-05
Reset re-loads circuit * tb_mc_untrimmed.spice -- issue #13 monte carlo mismatch analysis for the

Circuit: * tb_mc_untrimmed.spice -- issue #13 monte carlo mismatch analysis for the

Doing analysis at TEMP = 125.000000 and TNOM = 27.000000

Using SPARSE 1.3 as Direct Linear Solver
 Reference value :  0.00000e+00
No. of Data Rows : 1
vref_val = 1.271982e+00
ibias_val = 6.520767e-01
isup_val = 2.890826e-05
Reset re-loads circuit * tb_mc_untrimmed.spice -- issue #13 monte carlo mismatch analysis for the

Circuit: * tb_mc_untrimmed.spice -- issue #13 monte carlo mismatch analysis for the

Doing analysis at TEMP = 125.000000 and TNOM = 27.000000

Using SPARSE 1.3 as Direct Linear Solver
 Reference value :  0.00000e+00
No. of Data Rows : 1
vref_val = 1.273664e+00
ibias_val = 6.493568e-01
isup_val = 2.880680e-05
Reset re-loads circuit * tb_mc_untrimmed.spice -- issue #13 monte carlo mismatch analysis for the

Circuit: * tb_mc_untrimmed.spice -- issue #13 monte carlo mismatch analysis for the

Doing analysis at TEMP = 125.000000 and TNOM = 27.000000

Using SPARSE 1.3 as Direct Linear Solver
 Reference value :  0.00000e+00
No. of Data Rows : 1
vref_val = 1.274384e+00
ibias_val = 6.463252e-01
isup_val = 2.867153e-05
Reset re-loads circuit * tb_mc_untrimmed.spice -- issue #13 monte carlo mismatch analysis for the

Circuit: * tb_mc_untrimmed.spice -- issue #13 monte carlo mismatch analysis for the

Doing analysis at TEMP = 125.000000 and TNOM = 27.000000

Using SPARSE 1.3 as Direct Linear Solver
 Reference value :  0.00000e+00
No. of Data Rows : 1
vref_val = 1.275023e+00
ibias_val = 6.481267e-01
isup_val = 2.886914e-05
Reset re-loads circuit * tb_mc_untrimmed.spice -- issue #13 monte carlo mismatch analysis for the

Circuit: * tb_mc_untrimmed.spice -- issue #13 monte carlo mismatch analysis for the

Doing analysis at TEMP = 125.000000 and TNOM = 27.000000

Using SPARSE 1.3 as Direct Linear Solver
 Reference value :  0.00000e+00
No. of Data Rows : 1
vref_val = 1.265241e+00
ibias_val = 6.487051e-01
isup_val = 2.854720e-05
Reset re-loads circuit * tb_mc_untrimmed.spice -- issue #13 monte carlo mismatch analysis for the

Circuit: * tb_mc_untrimmed.spice -- issue #13 monte carlo mismatch analysis for the

Doing analysis at TEMP = 125.000000 and TNOM = 27.000000

Using SPARSE 1.3 as Direct Linear Solver
 Reference value :  0.00000e+00
No. of Data Rows : 1
vref_val = 1.278408e+00
ibias_val = 6.490516e-01
isup_val = 2.896875e-05
Reset re-loads circuit * tb_mc_untrimmed.spice -- issue #13 monte carlo mismatch analysis for the

Circuit: * tb_mc_untrimmed.spice -- issue #13 monte carlo mismatch analysis for the

Doing analysis at TEMP = 125.000000 and TNOM = 27.000000

Using SPARSE 1.3 as Direct Linear Solver
 Reference value :  0.00000e+00
No. of Data Rows : 1
vref_val = 1.275546e+00
ibias_val = 6.464335e-01
isup_val = 2.877809e-05
Reset re-loads circuit * tb_mc_untrimmed.spice -- issue #13 monte carlo mismatch analysis for the

Circuit: * tb_mc_untrimmed.spice -- issue #13 monte carlo mismatch analysis for the

Doing analysis at TEMP = 125.000000 and TNOM = 27.000000

Using SPARSE 1.3 as Direct Linear Solver
 Reference value :  0.00000e+00
No. of Data Rows : 1
vref_val = 1.269287e+00
ibias_val = 6.520101e-01
isup_val = 2.881099e-05
Reset re-loads circuit * tb_mc_untrimmed.spice -- issue #13 monte carlo mismatch analysis for the

Circuit: * tb_mc_untrimmed.spice -- issue #13 monte carlo mismatch analysis for the

Doing analysis at TEMP = 125.000000 and TNOM = 27.000000

Using SPARSE 1.3 as Direct Linear Solver
 Reference value :  0.00000e+00
No. of Data Rows : 1
vref_val = 1.273832e+00
ibias_val = 6.451651e-01
isup_val = 2.865467e-05
Reset re-loads circuit * tb_mc_untrimmed.spice -- issue #13 monte carlo mismatch analysis for the

Circuit: * tb_mc_untrimmed.spice -- issue #13 monte carlo mismatch analysis for the

Doing analysis at TEMP = 125.000000 and TNOM = 27.000000

Using SPARSE 1.3 as Direct Linear Solver
 Reference value :  0.00000e+00
No. of Data Rows : 1
vref_val = 1.268510e+00
ibias_val = 6.482912e-01
isup_val = 2.850255e-05
Reset re-loads circuit * tb_mc_untrimmed.spice -- issue #13 monte carlo mismatch analysis for the

Circuit: * tb_mc_untrimmed.spice -- issue #13 monte carlo mismatch analysis for the

Doing analysis at TEMP = 125.000000 and TNOM = 27.000000

Using SPARSE 1.3 as Direct Linear Solver
 Reference value :  0.00000e+00
No. of Data Rows : 1
vref_val = 1.283627e+00
ibias_val = 6.465915e-01
isup_val = 2.895812e-05
Reset re-loads circuit * tb_mc_untrimmed.spice -- issue #13 monte carlo mismatch analysis for the

Circuit: * tb_mc_untrimmed.spice -- issue #13 monte carlo mismatch analysis for the

Doing analysis at TEMP = 125.000000 and TNOM = 27.000000

Using SPARSE 1.3 as Direct Linear Solver
 Reference value :  0.00000e+00
No. of Data Rows : 1
vref_val = 1.277268e+00
ibias_val = 6.484962e-01
isup_val = 2.891804e-05
Reset re-loads circuit * tb_mc_untrimmed.spice -- issue #13 monte carlo mismatch analysis for the

Circuit: * tb_mc_untrimmed.spice -- issue #13 monte carlo mismatch analysis for the

Doing analysis at TEMP = 125.000000 and TNOM = 27.000000

Using SPARSE 1.3 as Direct Linear Solver
 Reference value :  0.00000e+00
No. of Data Rows : 1
vref_val = 1.264230e+00
ibias_val = 6.441051e-01
isup_val = 2.836396e-05
Reset re-loads circuit * tb_mc_untrimmed.spice -- issue #13 monte carlo mismatch analysis for the

Circuit: * tb_mc_untrimmed.spice -- issue #13 monte carlo mismatch analysis for the

Doing analysis at TEMP = 125.000000 and TNOM = 27.000000

Using SPARSE 1.3 as Direct Linear Solver
 Reference value :  0.00000e+00
No. of Data Rows : 1
vref_val = 1.267271e+00
ibias_val = 6.436173e-01
isup_val = 2.836766e-05
Reset re-loads circuit * tb_mc_untrimmed.spice -- issue #13 monte carlo mismatch analysis for the

Circuit: * tb_mc_untrimmed.spice -- issue #13 monte carlo mismatch analysis for the

Doing analysis at TEMP = 125.000000 and TNOM = 27.000000

Using SPARSE 1.3 as Direct Linear Solver
 Reference value :  0.00000e+00
No. of Data Rows : 1
vref_val = 1.264637e+00
ibias_val = 6.482212e-01
isup_val = 2.861233e-05
Reset re-loads circuit * tb_mc_untrimmed.spice -- issue #13 monte carlo mismatch analysis for the

Circuit: * tb_mc_untrimmed.spice -- issue #13 monte carlo mismatch analysis for the

Doing analysis at TEMP = 125.000000 and TNOM = 27.000000

Using SPARSE 1.3 as Direct Linear Solver
 Reference value :  0.00000e+00
No. of Data Rows : 1
vref_val = 1.271423e+00
ibias_val = 6.501841e-01
isup_val = 2.885529e-05
Reset re-loads circuit * tb_mc_untrimmed.spice -- issue #13 monte carlo mismatch analysis for the

Circuit: * tb_mc_untrimmed.spice -- issue #13 monte carlo mismatch analysis for the

Doing analysis at TEMP = 125.000000 and TNOM = 27.000000

Using SPARSE 1.3 as Direct Linear Solver
 Reference value :  0.00000e+00
No. of Data Rows : 1
vref_val = 1.272242e+00
ibias_val = 6.484400e-01
isup_val = 2.875471e-05
Reset re-loads circuit * tb_mc_untrimmed.spice -- issue #13 monte carlo mismatch analysis for the

Circuit: * tb_mc_untrimmed.spice -- issue #13 monte carlo mismatch analysis for the

Doing analysis at TEMP = 125.000000 and TNOM = 27.000000

Using SPARSE 1.3 as Direct Linear Solver
 Reference value :  0.00000e+00
No. of Data Rows : 1
vref_val = 1.269634e+00
ibias_val = 6.489833e-01
isup_val = 2.874296e-05
Reset re-loads circuit * tb_mc_untrimmed.spice -- issue #13 monte carlo mismatch analysis for the

Circuit: * tb_mc_untrimmed.spice -- issue #13 monte carlo mismatch analysis for the

Doing analysis at TEMP = 125.000000 and TNOM = 27.000000

Using SPARSE 1.3 as Direct Linear Solver
 Reference value :  0.00000e+00
No. of Data Rows : 1
vref_val = 1.273930e+00
ibias_val = 6.472049e-01
isup_val = 2.879794e-05
Reset re-loads circuit * tb_mc_untrimmed.spice -- issue #13 monte carlo mismatch analysis for the

Circuit: * tb_mc_untrimmed.spice -- issue #13 monte carlo mismatch analysis for the

Doing analysis at TEMP = 125.000000 and TNOM = 27.000000

Using SPARSE 1.3 as Direct Linear Solver
 Reference value :  0.00000e+00
No. of Data Rows : 1
vref_val = 1.272060e+00
ibias_val = 6.496743e-01
isup_val = 2.880926e-05
Reset re-loads circuit * tb_mc_untrimmed.spice -- issue #13 monte carlo mismatch analysis for the

Circuit: * tb_mc_untrimmed.spice -- issue #13 monte carlo mismatch analysis for the

Doing analysis at TEMP = 125.000000 and TNOM = 27.000000

Using SPARSE 1.3 as Direct Linear Solver
 Reference value :  0.00000e+00
No. of Data Rows : 1
vref_val = 1.276732e+00
ibias_val = 6.471237e-01
isup_val = 2.885500e-05
Reset re-loads circuit * tb_mc_untrimmed.spice -- issue #13 monte carlo mismatch analysis for the

Circuit: * tb_mc_untrimmed.spice -- issue #13 monte carlo mismatch analysis for the

Doing analysis at TEMP = 125.000000 and TNOM = 27.000000

Using SPARSE 1.3 as Direct Linear Solver
 Reference value :  0.00000e+00
No. of Data Rows : 1
vref_val = 1.274844e+00
ibias_val = 6.455648e-01
isup_val = 2.872831e-05
Reset re-loads circuit * tb_mc_untrimmed.spice -- issue #13 monte carlo mismatch analysis for the

Circuit: * tb_mc_untrimmed.spice -- issue #13 monte carlo mismatch analysis for the

Doing analysis at TEMP = 125.000000 and TNOM = 27.000000

Using SPARSE 1.3 as Direct Linear Solver
 Reference value :  0.00000e+00
No. of Data Rows : 1
vref_val = 1.272253e+00
ibias_val = 6.472661e-01
isup_val = 2.864013e-05
Reset re-loads circuit * tb_mc_untrimmed.spice -- issue #13 monte carlo mismatch analysis for the

Circuit: * tb_mc_untrimmed.spice -- issue #13 monte carlo mismatch analysis for the

Doing analysis at TEMP = 125.000000 and TNOM = 27.000000

Using SPARSE 1.3 as Direct Linear Solver
 Reference value :  0.00000e+00
No. of Data Rows : 1
vref_val = 1.263909e+00
ibias_val = 6.457722e-01
isup_val = 2.844917e-05
Reset re-loads circuit * tb_mc_untrimmed.spice -- issue #13 monte carlo mismatch analysis for the

Circuit: * tb_mc_untrimmed.spice -- issue #13 monte carlo mismatch analysis for the

Doing analysis at TEMP = 125.000000 and TNOM = 27.000000

Using SPARSE 1.3 as Direct Linear Solver
 Reference value :  0.00000e+00
No. of Data Rows : 1
vref_val = 1.281004e+00
ibias_val = 6.513807e-01
isup_val = 2.910434e-05
Reset re-loads circuit * tb_mc_untrimmed.spice -- issue #13 monte carlo mismatch analysis for the

Circuit: * tb_mc_untrimmed.spice -- issue #13 monte carlo mismatch analysis for the

Doing analysis at TEMP = 125.000000 and TNOM = 27.000000

Using SPARSE 1.3 as Direct Linear Solver
 Reference value :  0.00000e+00
No. of Data Rows : 1
vref_val = 1.275289e+00
ibias_val = 6.454297e-01
isup_val = 2.879743e-05
Reset re-loads circuit * tb_mc_untrimmed.spice -- issue #13 monte carlo mismatch analysis for the

Circuit: * tb_mc_untrimmed.spice -- issue #13 monte carlo mismatch analysis for the

Doing analysis at TEMP = 125.000000 and TNOM = 27.000000

Using SPARSE 1.3 as Direct Linear Solver
 Reference value :  0.00000e+00
No. of Data Rows : 1
vref_val = 1.275744e+00
ibias_val = 6.471738e-01
isup_val = 2.883726e-05
Reset re-loads circuit * tb_mc_untrimmed.spice -- issue #13 monte carlo mismatch analysis for the

Circuit: * tb_mc_untrimmed.spice -- issue #13 monte carlo mismatch analysis for the

Doing analysis at TEMP = 125.000000 and TNOM = 27.000000

Using SPARSE 1.3 as Direct Linear Solver
 Reference value :  0.00000e+00
No. of Data Rows : 1
vref_val = 1.270810e+00
ibias_val = 6.447214e-01
isup_val = 2.847397e-05
Reset re-loads circuit * tb_mc_untrimmed.spice -- issue #13 monte carlo mismatch analysis for the

Circuit: * tb_mc_untrimmed.spice -- issue #13 monte carlo mismatch analysis for the

Doing analysis at TEMP = 125.000000 and TNOM = 27.000000

Using SPARSE 1.3 as Direct Linear Solver
 Reference value :  0.00000e+00
No. of Data Rows : 1
vref_val = 1.268434e+00
ibias_val = 6.520941e-01
isup_val = 2.876652e-05
Reset re-loads circuit * tb_mc_untrimmed.spice -- issue #13 monte carlo mismatch analysis for the

Circuit: * tb_mc_untrimmed.spice -- issue #13 monte carlo mismatch analysis for the

Doing analysis at TEMP = 125.000000 and TNOM = 27.000000

Using SPARSE 1.3 as Direct Linear Solver
 Reference value :  0.00000e+00
No. of Data Rows : 1
vref_val = 1.268685e+00
ibias_val = 6.477869e-01
isup_val = 2.867357e-05
Reset re-loads circuit * tb_mc_untrimmed.spice -- issue #13 monte carlo mismatch analysis for the

Circuit: * tb_mc_untrimmed.spice -- issue #13 monte carlo mismatch analysis for the

Doing analysis at TEMP = 125.000000 and TNOM = 27.000000

Using SPARSE 1.3 as Direct Linear Solver
 Reference value :  0.00000e+00
No. of Data Rows : 1
vref_val = 1.272969e+00
ibias_val = 6.493515e-01
isup_val = 2.880533e-05
Reset re-loads circuit * tb_mc_untrimmed.spice -- issue #13 monte carlo mismatch analysis for the

Circuit: * tb_mc_untrimmed.spice -- issue #13 monte carlo mismatch analysis for the

Doing analysis at TEMP = 125.000000 and TNOM = 27.000000

Using SPARSE 1.3 as Direct Linear Solver
 Reference value :  0.00000e+00
No. of Data Rows : 1
vref_val = 1.274413e+00
ibias_val = 6.465327e-01
isup_val = 2.874152e-05
Reset re-loads circuit * tb_mc_untrimmed.spice -- issue #13 monte carlo mismatch analysis for the

Circuit: * tb_mc_untrimmed.spice -- issue #13 monte carlo mismatch analysis for the

Doing analysis at TEMP = 125.000000 and TNOM = 27.000000

Using SPARSE 1.3 as Direct Linear Solver
 Reference value :  0.00000e+00
No. of Data Rows : 1
vref_val = 1.268097e+00
ibias_val = 6.471376e-01
isup_val = 2.859456e-05
Reset re-loads circuit * tb_mc_untrimmed.spice -- issue #13 monte carlo mismatch analysis for the

Circuit: * tb_mc_untrimmed.spice -- issue #13 monte carlo mismatch analysis for the

Doing analysis at TEMP = 125.000000 and TNOM = 27.000000

Using SPARSE 1.3 as Direct Linear Solver
 Reference value :  0.00000e+00
No. of Data Rows : 1
vref_val = 1.270708e+00
ibias_val = 6.453660e-01
isup_val = 2.871245e-05
Reset re-loads circuit * tb_mc_untrimmed.spice -- issue #13 monte carlo mismatch analysis for the

Circuit: * tb_mc_untrimmed.spice -- issue #13 monte carlo mismatch analysis for the

Doing analysis at TEMP = 125.000000 and TNOM = 27.000000

Using SPARSE 1.3 as Direct Linear Solver
 Reference value :  0.00000e+00
No. of Data Rows : 1
vref_val = 1.264996e+00
ibias_val = 6.461492e-01
isup_val = 2.853501e-05
Reset re-loads circuit * tb_mc_untrimmed.spice -- issue #13 monte carlo mismatch analysis for the

Circuit: * tb_mc_untrimmed.spice -- issue #13 monte carlo mismatch analysis for the

Doing analysis at TEMP = 125.000000 and TNOM = 27.000000

Using SPARSE 1.3 as Direct Linear Solver
 Reference value :  0.00000e+00
No. of Data Rows : 1
vref_val = 1.275344e+00
ibias_val = 6.517267e-01
isup_val = 2.898146e-05
Reset re-loads circuit * tb_mc_untrimmed.spice -- issue #13 monte carlo mismatch analysis for the

Circuit: * tb_mc_untrimmed.spice -- issue #13 monte carlo mismatch analysis for the

Doing analysis at TEMP = 125.000000 and TNOM = 27.000000

Using SPARSE 1.3 as Direct Linear Solver
 Reference value :  0.00000e+00
No. of Data Rows : 1
vref_val = 1.276603e+00
ibias_val = 6.462409e-01
isup_val = 2.884554e-05
Reset re-loads circuit * tb_mc_untrimmed.spice -- issue #13 monte carlo mismatch analysis for the

Circuit: * tb_mc_untrimmed.spice -- issue #13 monte carlo mismatch analysis for the

Doing analysis at TEMP = 125.000000 and TNOM = 27.000000

Using SPARSE 1.3 as Direct Linear Solver
 Reference value :  0.00000e+00
No. of Data Rows : 1
vref_val = 1.278005e+00
ibias_val = 6.472132e-01
isup_val = 2.886000e-05
Reset re-loads circuit * tb_mc_untrimmed.spice -- issue #13 monte carlo mismatch analysis for the

Circuit: * tb_mc_untrimmed.spice -- issue #13 monte carlo mismatch analysis for the

Doing analysis at TEMP = 125.000000 and TNOM = 27.000000

Using SPARSE 1.3 as Direct Linear Solver
 Reference value :  0.00000e+00
No. of Data Rows : 1
vref_val = 1.276849e+00
ibias_val = 6.473976e-01
isup_val = 2.880997e-05
Reset re-loads circuit * tb_mc_untrimmed.spice -- issue #13 monte carlo mismatch analysis for the

Circuit: * tb_mc_untrimmed.spice -- issue #13 monte carlo mismatch analysis for the

Doing analysis at TEMP = 125.000000 and TNOM = 27.000000

Using SPARSE 1.3 as Direct Linear Solver
 Reference value :  0.00000e+00
No. of Data Rows : 1
vref_val = 1.256209e+00
ibias_val = 6.506697e-01
isup_val = 2.842099e-05
Reset re-loads circuit * tb_mc_untrimmed.spice -- issue #13 monte carlo mismatch analysis for the

Circuit: * tb_mc_untrimmed.spice -- issue #13 monte carlo mismatch analysis for the

Doing analysis at TEMP = 125.000000 and TNOM = 27.000000

Using SPARSE 1.3 as Direct Linear Solver
 Reference value :  0.00000e+00
No. of Data Rows : 1
vref_val = 1.264342e+00
ibias_val = 6.455377e-01
isup_val = 2.840916e-05
Reset re-loads circuit * tb_mc_untrimmed.spice -- issue #13 monte carlo mismatch analysis for the

Circuit: * tb_mc_untrimmed.spice -- issue #13 monte carlo mismatch analysis for the

Doing analysis at TEMP = 125.000000 and TNOM = 27.000000

Using SPARSE 1.3 as Direct Linear Solver
 Reference value :  0.00000e+00
No. of Data Rows : 1
vref_val = 1.268342e+00
ibias_val = 6.449402e-01
isup_val = 2.844580e-05
Reset re-loads circuit * tb_mc_untrimmed.spice -- issue #13 monte carlo mismatch analysis for the

Circuit: * tb_mc_untrimmed.spice -- issue #13 monte carlo mismatch analysis for the

Doing analysis at TEMP = 125.000000 and TNOM = 27.000000

Using SPARSE 1.3 as Direct Linear Solver
 Reference value :  0.00000e+00
No. of Data Rows : 1
vref_val = 1.280111e+00
ibias_val = 6.489557e-01
isup_val = 2.895792e-05
Reset re-loads circuit * tb_mc_untrimmed.spice -- issue #13 monte carlo mismatch analysis for the

Circuit: * tb_mc_untrimmed.spice -- issue #13 monte carlo mismatch analysis for the

Doing analysis at TEMP = 125.000000 and TNOM = 27.000000

Using SPARSE 1.3 as Direct Linear Solver
 Reference value :  0.00000e+00
No. of Data Rows : 1
vref_val = 1.274415e+00
ibias_val = 6.496850e-01
isup_val = 2.887050e-05
Reset re-loads circuit * tb_mc_untrimmed.spice -- issue #13 monte carlo mismatch analysis for the

Circuit: * tb_mc_untrimmed.spice -- issue #13 monte carlo mismatch analysis for the

Doing analysis at TEMP = 125.000000 and TNOM = 27.000000

Using SPARSE 1.3 as Direct Linear Solver
 Reference value :  0.00000e+00
No. of Data Rows : 1
vref_val = 1.263399e+00
ibias_val = 6.475015e-01
isup_val = 2.848117e-05
Reset re-loads circuit * tb_mc_untrimmed.spice -- issue #13 monte carlo mismatch analysis for the

Circuit: * tb_mc_untrimmed.spice -- issue #13 monte carlo mismatch analysis for the

Doing analysis at TEMP = 125.000000 and TNOM = 27.000000

Using SPARSE 1.3 as Direct Linear Solver
 Reference value :  0.00000e+00
No. of Data Rows : 1
vref_val = 1.268236e+00
ibias_val = 6.479261e-01
isup_val = 2.862715e-05
Reset re-loads circuit * tb_mc_untrimmed.spice -- issue #13 monte carlo mismatch analysis for the

Circuit: * tb_mc_untrimmed.spice -- issue #13 monte carlo mismatch analysis for the

Doing analysis at TEMP = 125.000000 and TNOM = 27.000000

Using SPARSE 1.3 as Direct Linear Solver
 Reference value :  0.00000e+00
No. of Data Rows : 1
vref_val = 1.266700e+00
ibias_val = 6.474520e-01
isup_val = 2.848243e-05
Reset re-loads circuit * tb_mc_untrimmed.spice -- issue #13 monte carlo mismatch analysis for the

Circuit: * tb_mc_untrimmed.spice -- issue #13 monte carlo mismatch analysis for the

Doing analysis at TEMP = 125.000000 and TNOM = 27.000000

Using SPARSE 1.3 as Direct Linear Solver
 Reference value :  0.00000e+00
No. of Data Rows : 1
vref_val = 1.278667e+00
ibias_val = 6.483465e-01
isup_val = 2.900585e-05
Reset re-loads circuit * tb_mc_untrimmed.spice -- issue #13 monte carlo mismatch analysis for the

Circuit: * tb_mc_untrimmed.spice -- issue #13 monte carlo mismatch analysis for the

Doing analysis at TEMP = 125.000000 and TNOM = 27.000000

Using SPARSE 1.3 as Direct Linear Solver
 Reference value :  0.00000e+00
No. of Data Rows : 1
vref_val = 1.263898e+00
ibias_val = 6.504972e-01
isup_val = 2.854959e-05
Reset re-loads circuit * tb_mc_untrimmed.spice -- issue #13 monte carlo mismatch analysis for the

Circuit: * tb_mc_untrimmed.spice -- issue #13 monte carlo mismatch analysis for the

Doing analysis at TEMP = 125.000000 and TNOM = 27.000000

Using SPARSE 1.3 as Direct Linear Solver
 Reference value :  0.00000e+00
No. of Data Rows : 1
vref_val = 1.283835e+00
ibias_val = 6.502543e-01
isup_val = 2.910559e-05
Reset re-loads circuit * tb_mc_untrimmed.spice -- issue #13 monte carlo mismatch analysis for the

Circuit: * tb_mc_untrimmed.spice -- issue #13 monte carlo mismatch analysis for the

Doing analysis at TEMP = 125.000000 and TNOM = 27.000000

Using SPARSE 1.3 as Direct Linear Solver
 Reference value :  0.00000e+00
No. of Data Rows : 1
vref_val = 1.272127e+00
ibias_val = 6.473871e-01
isup_val = 2.867891e-05
Reset re-loads circuit * tb_mc_untrimmed.spice -- issue #13 monte carlo mismatch analysis for the

Circuit: * tb_mc_untrimmed.spice -- issue #13 monte carlo mismatch analysis for the

Doing analysis at TEMP = 125.000000 and TNOM = 27.000000

Using SPARSE 1.3 as Direct Linear Solver
 Reference value :  0.00000e+00
No. of Data Rows : 1
vref_val = 1.265607e+00
ibias_val = 6.492486e-01
isup_val = 2.853930e-05
Reset re-loads circuit * tb_mc_untrimmed.spice -- issue #13 monte carlo mismatch analysis for the

Circuit: * tb_mc_untrimmed.spice -- issue #13 monte carlo mismatch analysis for the

Doing analysis at TEMP = 125.000000 and TNOM = 27.000000

Using SPARSE 1.3 as Direct Linear Solver
 Reference value :  0.00000e+00
No. of Data Rows : 1
vref_val = 1.270912e+00
ibias_val = 6.470970e-01
isup_val = 2.869764e-05
Reset re-loads circuit * tb_mc_untrimmed.spice -- issue #13 monte carlo mismatch analysis for the

Circuit: * tb_mc_untrimmed.spice -- issue #13 monte carlo mismatch analysis for the

Doing analysis at TEMP = 125.000000 and TNOM = 27.000000

Using SPARSE 1.3 as Direct Linear Solver
 Reference value :  0.00000e+00
No. of Data Rows : 1
vref_val = 1.263172e+00
ibias_val = 6.468724e-01
isup_val = 2.838397e-05
Reset re-loads circuit * tb_mc_untrimmed.spice -- issue #13 monte carlo mismatch analysis for the

Circuit: * tb_mc_untrimmed.spice -- issue #13 monte carlo mismatch analysis for the

Doing analysis at TEMP = 125.000000 and TNOM = 27.000000

Using SPARSE 1.3 as Direct Linear Solver
 Reference value :  0.00000e+00
No. of Data Rows : 1
vref_val = 1.272334e+00
ibias_val = 6.435881e-01
isup_val = 2.852578e-05
Reset re-loads circuit * tb_mc_untrimmed.spice -- issue #13 monte carlo mismatch analysis for the

Circuit: * tb_mc_untrimmed.spice -- issue #13 monte carlo mismatch analysis for the

Doing analysis at TEMP = 125.000000 and TNOM = 27.000000

Using SPARSE 1.3 as Direct Linear Solver
 Reference value :  0.00000e+00
No. of Data Rows : 1
vref_val = 1.262078e+00
ibias_val = 6.430112e-01
isup_val = 2.825909e-05
Reset re-loads circuit * tb_mc_untrimmed.spice -- issue #13 monte carlo mismatch analysis for the

Circuit: * tb_mc_untrimmed.spice -- issue #13 monte carlo mismatch analysis for the

Doing analysis at TEMP = 125.000000 and TNOM = 27.000000

Using SPARSE 1.3 as Direct Linear Solver
 Reference value :  0.00000e+00
No. of Data Rows : 1
vref_val = 1.272678e+00
ibias_val = 6.495834e-01
isup_val = 2.886795e-05
Reset re-loads circuit * tb_mc_untrimmed.spice -- issue #13 monte carlo mismatch analysis for the

Circuit: * tb_mc_untrimmed.spice -- issue #13 monte carlo mismatch analysis for the

Doing analysis at TEMP = 125.000000 and TNOM = 27.000000

Using SPARSE 1.3 as Direct Linear Solver
 Reference value :  0.00000e+00
No. of Data Rows : 1
vref_val = 1.266405e+00
ibias_val = 6.479928e-01
isup_val = 2.850562e-05
Reset re-loads circuit * tb_mc_untrimmed.spice -- issue #13 monte carlo mismatch analysis for the

Circuit: * tb_mc_untrimmed.spice -- issue #13 monte carlo mismatch analysis for the

Doing analysis at TEMP = 125.000000 and TNOM = 27.000000

Using SPARSE 1.3 as Direct Linear Solver
 Reference value :  0.00000e+00
No. of Data Rows : 1
vref_val = 1.270840e+00
ibias_val = 6.502763e-01
isup_val = 2.872907e-05
Reset re-loads circuit * tb_mc_untrimmed.spice -- issue #13 monte carlo mismatch analysis for the

Circuit: * tb_mc_untrimmed.spice -- issue #13 monte carlo mismatch analysis for the

Doing analysis at TEMP = 125.000000 and TNOM = 27.000000

Using SPARSE 1.3 as Direct Linear Solver
 Reference value :  0.00000e+00
No. of Data Rows : 1
vref_val = 1.269713e+00
ibias_val = 6.466627e-01
isup_val = 2.863434e-05
Reset re-loads circuit * tb_mc_untrimmed.spice -- issue #13 monte carlo mismatch analysis for the

Circuit: * tb_mc_untrimmed.spice -- issue #13 monte carlo mismatch analysis for the

Doing analysis at TEMP = 125.000000 and TNOM = 27.000000

Using SPARSE 1.3 as Direct Linear Solver
 Reference value :  0.00000e+00
No. of Data Rows : 1
vref_val = 1.268201e+00
ibias_val = 6.457451e-01
isup_val = 2.853801e-05
Reset re-loads circuit * tb_mc_untrimmed.spice -- issue #13 monte carlo mismatch analysis for the

Circuit: * tb_mc_untrimmed.spice -- issue #13 monte carlo mismatch analysis for the

Doing analysis at TEMP = 125.000000 and TNOM = 27.000000

Using SPARSE 1.3 as Direct Linear Solver
 Reference value :  0.00000e+00
No. of Data Rows : 1
vref_val = 1.271263e+00
ibias_val = 6.442404e-01
isup_val = 2.848878e-05
Reset re-loads circuit * tb_mc_untrimmed.spice -- issue #13 monte carlo mismatch analysis for the

Circuit: * tb_mc_untrimmed.spice -- issue #13 monte carlo mismatch analysis for the

Doing analysis at TEMP = 125.000000 and TNOM = 27.000000

Using SPARSE 1.3 as Direct Linear Solver
 Reference value :  0.00000e+00
No. of Data Rows : 1
vref_val = 1.275743e+00
ibias_val = 6.491858e-01
isup_val = 2.893296e-05
Reset re-loads circuit * tb_mc_untrimmed.spice -- issue #13 monte carlo mismatch analysis for the

Circuit: * tb_mc_untrimmed.spice -- issue #13 monte carlo mismatch analysis for the

Doing analysis at TEMP = 125.000000 and TNOM = 27.000000

Using SPARSE 1.3 as Direct Linear Solver
 Reference value :  0.00000e+00
No. of Data Rows : 1
vref_val = 1.266262e+00
ibias_val = 6.445544e-01
isup_val = 2.843605e-05
Reset re-loads circuit * tb_mc_untrimmed.spice -- issue #13 monte carlo mismatch analysis for the

Circuit: * tb_mc_untrimmed.spice -- issue #13 monte carlo mismatch analysis for the

Doing analysis at TEMP = 125.000000 and TNOM = 27.000000

Using SPARSE 1.3 as Direct Linear Solver
 Reference value :  0.00000e+00
No. of Data Rows : 1
vref_val = 1.264514e+00
ibias_val = 6.479811e-01
isup_val = 2.850986e-05
Reset re-loads circuit * tb_mc_untrimmed.spice -- issue #13 monte carlo mismatch analysis for the

Circuit: * tb_mc_untrimmed.spice -- issue #13 monte carlo mismatch analysis for the

Doing analysis at TEMP = 125.000000 and TNOM = 27.000000

Using SPARSE 1.3 as Direct Linear Solver
 Reference value :  0.00000e+00
No. of Data Rows : 1
vref_val = 1.258512e+00
ibias_val = 6.471303e-01
isup_val = 2.833720e-05
Reset re-loads circuit * tb_mc_untrimmed.spice -- issue #13 monte carlo mismatch analysis for the

Circuit: * tb_mc_untrimmed.spice -- issue #13 monte carlo mismatch analysis for the

Doing analysis at TEMP = 125.000000 and TNOM = 27.000000

Using SPARSE 1.3 as Direct Linear Solver
 Reference value :  0.00000e+00
No. of Data Rows : 1
vref_val = 1.267301e+00
ibias_val = 6.441736e-01
isup_val = 2.839897e-05
Reset re-loads circuit * tb_mc_untrimmed.spice -- issue #13 monte carlo mismatch analysis for the

Circuit: * tb_mc_untrimmed.spice -- issue #13 monte carlo mismatch analysis for the

Doing analysis at TEMP = 125.000000 and TNOM = 27.000000

Using SPARSE 1.3 as Direct Linear Solver
 Reference value :  0.00000e+00
No. of Data Rows : 1
vref_val = 1.269058e+00
ibias_val = 6.448388e-01
isup_val = 2.842822e-05
Reset re-loads circuit * tb_mc_untrimmed.spice -- issue #13 monte carlo mismatch analysis for the

Circuit: * tb_mc_untrimmed.spice -- issue #13 monte carlo mismatch analysis for the

Doing analysis at TEMP = 125.000000 and TNOM = 27.000000

Using SPARSE 1.3 as Direct Linear Solver
 Reference value :  0.00000e+00
No. of Data Rows : 1
vref_val = 1.267212e+00
ibias_val = 6.515593e-01
isup_val = 2.869325e-05
Reset re-loads circuit * tb_mc_untrimmed.spice -- issue #13 monte carlo mismatch analysis for the

Circuit: * tb_mc_untrimmed.spice -- issue #13 monte carlo mismatch analysis for the

Doing analysis at TEMP = 125.000000 and TNOM = 27.000000

Using SPARSE 1.3 as Direct Linear Solver
 Reference value :  0.00000e+00
No. of Data Rows : 1
vref_val = 1.274619e+00
ibias_val = 6.509162e-01
isup_val = 2.896539e-05
Reset re-loads circuit * tb_mc_untrimmed.spice -- issue #13 monte carlo mismatch analysis for the

Circuit: * tb_mc_untrimmed.spice -- issue #13 monte carlo mismatch analysis for the

Doing analysis at TEMP = 125.000000 and TNOM = 27.000000

Using SPARSE 1.3 as Direct Linear Solver
 Reference value :  0.00000e+00
No. of Data Rows : 1
vref_val = 1.271626e+00
ibias_val = 6.511906e-01
isup_val = 2.885586e-05
Reset re-loads circuit * tb_mc_untrimmed.spice -- issue #13 monte carlo mismatch analysis for the

Circuit: * tb_mc_untrimmed.spice -- issue #13 monte carlo mismatch analysis for the

Doing analysis at TEMP = 125.000000 and TNOM = 27.000000

Using SPARSE 1.3 as Direct Linear Solver
 Reference value :  0.00000e+00
No. of Data Rows : 1
vref_val = 1.278286e+00
ibias_val = 6.483383e-01
isup_val = 2.890101e-05
Reset re-loads circuit * tb_mc_untrimmed.spice -- issue #13 monte carlo mismatch analysis for the

Circuit: * tb_mc_untrimmed.spice -- issue #13 monte carlo mismatch analysis for the

Doing analysis at TEMP = 125.000000 and TNOM = 27.000000

Using SPARSE 1.3 as Direct Linear Solver
 Reference value :  0.00000e+00
No. of Data Rows : 1
vref_val = 1.273327e+00
ibias_val = 6.491786e-01
isup_val = 2.891913e-05
Reset re-loads circuit * tb_mc_untrimmed.spice -- issue #13 monte carlo mismatch analysis for the

Circuit: * tb_mc_untrimmed.spice -- issue #13 monte carlo mismatch analysis for the

Doing analysis at TEMP = 125.000000 and TNOM = 27.000000

Using SPARSE 1.3 as Direct Linear Solver
 Reference value :  0.00000e+00
No. of Data Rows : 1
vref_val = 1.275468e+00
ibias_val = 6.494821e-01
isup_val = 2.884952e-05
Reset re-loads circuit * tb_mc_untrimmed.spice -- issue #13 monte carlo mismatch analysis for the

Circuit: * tb_mc_untrimmed.spice -- issue #13 monte carlo mismatch analysis for the

Doing analysis at TEMP = 125.000000 and TNOM = 27.000000

Using SPARSE 1.3 as Direct Linear Solver
 Reference value :  0.00000e+00
No. of Data Rows : 1
vref_val = 1.268309e+00
ibias_val = 6.462627e-01
isup_val = 2.857689e-05
Reset re-loads circuit * tb_mc_untrimmed.spice -- issue #13 monte carlo mismatch analysis for the

Circuit: * tb_mc_untrimmed.spice -- issue #13 monte carlo mismatch analysis for the

Doing analysis at TEMP = 125.000000 and TNOM = 27.000000

Using SPARSE 1.3 as Direct Linear Solver
 Reference value :  0.00000e+00
No. of Data Rows : 1
vref_val = 1.276698e+00
ibias_val = 6.480374e-01
isup_val = 2.887238e-05
Reset re-loads circuit * tb_mc_untrimmed.spice -- issue #13 monte carlo mismatch analysis for the

Circuit: * tb_mc_untrimmed.spice -- issue #13 monte carlo mismatch analysis for the

Doing analysis at TEMP = 125.000000 and TNOM = 27.000000

Using SPARSE 1.3 as Direct Linear Solver
 Reference value :  0.00000e+00
No. of Data Rows : 1
vref_val = 1.272884e+00
ibias_val = 6.475615e-01
isup_val = 2.868916e-05
Reset re-loads circuit * tb_mc_untrimmed.spice -- issue #13 monte carlo mismatch analysis for the

Circuit: * tb_mc_untrimmed.spice -- issue #13 monte carlo mismatch analysis for the

Doing analysis at TEMP = 125.000000 and TNOM = 27.000000

Using SPARSE 1.3 as Direct Linear Solver
 Reference value :  0.00000e+00
No. of Data Rows : 1
vref_val = 1.267011e+00
ibias_val = 6.451393e-01
isup_val = 2.842025e-05
Reset re-loads circuit * tb_mc_untrimmed.spice -- issue #13 monte carlo mismatch analysis for the

Circuit: * tb_mc_untrimmed.spice -- issue #13 monte carlo mismatch analysis for the

Doing analysis at TEMP = 125.000000 and TNOM = 27.000000

Using SPARSE 1.3 as Direct Linear Solver
 Reference value :  0.00000e+00
No. of Data Rows : 1
vref_val = 1.273695e+00
ibias_val = 6.479811e-01
isup_val = 2.872356e-05
Reset re-loads circuit * tb_mc_untrimmed.spice -- issue #13 monte carlo mismatch analysis for the

Circuit: * tb_mc_untrimmed.spice -- issue #13 monte carlo mismatch analysis for the

Doing analysis at TEMP = 125.000000 and TNOM = 27.000000

Using SPARSE 1.3 as Direct Linear Solver
 Reference value :  0.00000e+00
No. of Data Rows : 1
vref_val = 1.266411e+00
ibias_val = 6.465260e-01
isup_val = 2.849778e-05
Reset re-loads circuit * tb_mc_untrimmed.spice -- issue #13 monte carlo mismatch analysis for the

Circuit: * tb_mc_untrimmed.spice -- issue #13 monte carlo mismatch analysis for the

Doing analysis at TEMP = 125.000000 and TNOM = 27.000000

Using SPARSE 1.3 as Direct Linear Solver
 Reference value :  0.00000e+00
No. of Data Rows : 1
vref_val = 1.265468e+00
ibias_val = 6.518358e-01
isup_val = 2.867159e-05
Reset re-loads circuit * tb_mc_untrimmed.spice -- issue #13 monte carlo mismatch analysis for the

Circuit: * tb_mc_untrimmed.spice -- issue #13 monte carlo mismatch analysis for the

Doing analysis at TEMP = 125.000000 and TNOM = 27.000000

Using SPARSE 1.3 as Direct Linear Solver
 Reference value :  0.00000e+00
No. of Data Rows : 1
vref_val = 1.266024e+00
ibias_val = 6.512993e-01
isup_val = 2.861660e-05
Reset re-loads circuit * tb_mc_untrimmed.spice -- issue #13 monte carlo mismatch analysis for the

Circuit: * tb_mc_untrimmed.spice -- issue #13 monte carlo mismatch analysis for the

Doing analysis at TEMP = 125.000000 and TNOM = 27.000000

Using SPARSE 1.3 as Direct Linear Solver
 Reference value :  0.00000e+00
No. of Data Rows : 1
vref_val = 1.271933e+00
ibias_val = 6.503656e-01
isup_val = 2.885099e-05
Reset re-loads circuit * tb_mc_untrimmed.spice -- issue #13 monte carlo mismatch analysis for the

Circuit: * tb_mc_untrimmed.spice -- issue #13 monte carlo mismatch analysis for the

Doing analysis at TEMP = 125.000000 and TNOM = 27.000000

Using SPARSE 1.3 as Direct Linear Solver
 Reference value :  0.00000e+00
No. of Data Rows : 1
vref_val = 1.261039e+00
ibias_val = 6.459664e-01
isup_val = 2.843411e-05
Reset re-loads circuit * tb_mc_untrimmed.spice -- issue #13 monte carlo mismatch analysis for the

Circuit: * tb_mc_untrimmed.spice -- issue #13 monte carlo mismatch analysis for the

Doing analysis at TEMP = 125.000000 and TNOM = 27.000000

Using SPARSE 1.3 as Direct Linear Solver
 Reference value :  0.00000e+00
No. of Data Rows : 1
vref_val = 1.267536e+00
ibias_val = 6.462641e-01
isup_val = 2.857085e-05
Reset re-loads circuit * tb_mc_untrimmed.spice -- issue #13 monte carlo mismatch analysis for the

Circuit: * tb_mc_untrimmed.spice -- issue #13 monte carlo mismatch analysis for the

Doing analysis at TEMP = 125.000000 and TNOM = 27.000000

Using SPARSE 1.3 as Direct Linear Solver
 Reference value :  0.00000e+00
No. of Data Rows : 1
vref_val = 1.267430e+00
ibias_val = 6.494399e-01
isup_val = 2.868801e-05
Reset re-loads circuit * tb_mc_untrimmed.spice -- issue #13 monte carlo mismatch analysis for the

Circuit: * tb_mc_untrimmed.spice -- issue #13 monte carlo mismatch analysis for the

Doing analysis at TEMP = 125.000000 and TNOM = 27.000000

Using SPARSE 1.3 as Direct Linear Solver
 Reference value :  0.00000e+00
No. of Data Rows : 1
vref_val = 1.269977e+00
ibias_val = 6.485049e-01
isup_val = 2.869740e-05
Reset re-loads circuit * tb_mc_untrimmed.spice -- issue #13 monte carlo mismatch analysis for the

Circuit: * tb_mc_untrimmed.spice -- issue #13 monte carlo mismatch analysis for the

Doing analysis at TEMP = 125.000000 and TNOM = 27.000000

Using SPARSE 1.3 as Direct Linear Solver
 Reference value :  0.00000e+00
No. of Data Rows : 1
vref_val = 1.273054e+00
ibias_val = 6.495610e-01
isup_val = 2.880128e-05
Reset re-loads circuit * tb_mc_untrimmed.spice -- issue #13 monte carlo mismatch analysis for the

Circuit: * tb_mc_untrimmed.spice -- issue #13 monte carlo mismatch analysis for the

Doing analysis at TEMP = 125.000000 and TNOM = 27.000000

Using SPARSE 1.3 as Direct Linear Solver
 Reference value :  0.00000e+00
No. of Data Rows : 1
vref_val = 1.269745e+00
ibias_val = 6.491218e-01
isup_val = 2.864174e-05
Reset re-loads circuit * tb_mc_untrimmed.spice -- issue #13 monte carlo mismatch analysis for the

Circuit: * tb_mc_untrimmed.spice -- issue #13 monte carlo mismatch analysis for the

Doing analysis at TEMP = 125.000000 and TNOM = 27.000000

Using SPARSE 1.3 as Direct Linear Solver
 Reference value :  0.00000e+00
No. of Data Rows : 1
vref_val = 1.280907e+00
ibias_val = 6.481306e-01
isup_val = 2.904743e-05
Reset re-loads circuit * tb_mc_untrimmed.spice -- issue #13 monte carlo mismatch analysis for the

Circuit: * tb_mc_untrimmed.spice -- issue #13 monte carlo mismatch analysis for the

Doing analysis at TEMP = 125.000000 and TNOM = 27.000000

Using SPARSE 1.3 as Direct Linear Solver
 Reference value :  0.00000e+00
No. of Data Rows : 1
vref_val = 1.259099e+00
ibias_val = 6.497548e-01
isup_val = 2.843331e-05
Reset re-loads circuit * tb_mc_untrimmed.spice -- issue #13 monte carlo mismatch analysis for the

Circuit: * tb_mc_untrimmed.spice -- issue #13 monte carlo mismatch analysis for the

Doing analysis at TEMP = 125.000000 and TNOM = 27.000000

Using SPARSE 1.3 as Direct Linear Solver
 Reference value :  0.00000e+00
No. of Data Rows : 1
vref_val = 1.277014e+00
ibias_val = 6.505629e-01
isup_val = 2.901703e-05
Reset re-loads circuit * tb_mc_untrimmed.spice -- issue #13 monte carlo mismatch analysis for the

Circuit: * tb_mc_untrimmed.spice -- issue #13 monte carlo mismatch analysis for the

Doing analysis at TEMP = 125.000000 and TNOM = 27.000000

Using SPARSE 1.3 as Direct Linear Solver
 Reference value :  0.00000e+00
No. of Data Rows : 1
vref_val = 1.270900e+00
ibias_val = 6.475268e-01
isup_val = 2.861841e-05
Reset re-loads circuit * tb_mc_untrimmed.spice -- issue #13 monte carlo mismatch analysis for the

Circuit: * tb_mc_untrimmed.spice -- issue #13 monte carlo mismatch analysis for the

Doing analysis at TEMP = 125.000000 and TNOM = 27.000000

Using SPARSE 1.3 as Direct Linear Solver
 Reference value :  0.00000e+00
No. of Data Rows : 1
vref_val = 1.276266e+00
ibias_val = 6.488576e-01
isup_val = 2.894445e-05
Reset re-loads circuit * tb_mc_untrimmed.spice -- issue #13 monte carlo mismatch analysis for the

Circuit: * tb_mc_untrimmed.spice -- issue #13 monte carlo mismatch analysis for the

Doing analysis at TEMP = 125.000000 and TNOM = 27.000000

Using SPARSE 1.3 as Direct Linear Solver
 Reference value :  0.00000e+00
No. of Data Rows : 1
vref_val = 1.279736e+00
ibias_val = 6.466357e-01
isup_val = 2.888366e-05
Reset re-loads circuit * tb_mc_untrimmed.spice -- issue #13 monte carlo mismatch analysis for the

Circuit: * tb_mc_untrimmed.spice -- issue #13 monte carlo mismatch analysis for the

Doing analysis at TEMP = 125.000000 and TNOM = 27.000000

Using SPARSE 1.3 as Direct Linear Solver
 Reference value :  0.00000e+00
No. of Data Rows : 1
vref_val = 1.270384e+00
ibias_val = 6.484640e-01
isup_val = 2.879447e-05
Reset re-loads circuit * tb_mc_untrimmed.spice -- issue #13 monte carlo mismatch analysis for the

Circuit: * tb_mc_untrimmed.spice -- issue #13 monte carlo mismatch analysis for the

Doing analysis at TEMP = 125.000000 and TNOM = 27.000000

Using SPARSE 1.3 as Direct Linear Solver
 Reference value :  0.00000e+00
No. of Data Rows : 1
vref_val = 1.268528e+00
ibias_val = 6.447564e-01
isup_val = 2.847348e-05
Reset re-loads circuit * tb_mc_untrimmed.spice -- issue #13 monte carlo mismatch analysis for the

Circuit: * tb_mc_untrimmed.spice -- issue #13 monte carlo mismatch analysis for the

Doing analysis at TEMP = 125.000000 and TNOM = 27.000000

Using SPARSE 1.3 as Direct Linear Solver
 Reference value :  0.00000e+00
No. of Data Rows : 1
vref_val = 1.263870e+00
ibias_val = 6.473233e-01
isup_val = 2.849756e-05
Reset re-loads circuit * tb_mc_untrimmed.spice -- issue #13 monte carlo mismatch analysis for the

Circuit: * tb_mc_untrimmed.spice -- issue #13 monte carlo mismatch analysis for the

Doing analysis at TEMP = 125.000000 and TNOM = 27.000000

Using SPARSE 1.3 as Direct Linear Solver
 Reference value :  0.00000e+00
No. of Data Rows : 1
vref_val = 1.268521e+00
ibias_val = 6.469037e-01
isup_val = 2.855159e-05
Reset re-loads circuit * tb_mc_untrimmed.spice -- issue #13 monte carlo mismatch analysis for the

Circuit: * tb_mc_untrimmed.spice -- issue #13 monte carlo mismatch analysis for the

Doing analysis at TEMP = 125.000000 and TNOM = 27.000000

Using SPARSE 1.3 as Direct Linear Solver
 Reference value :  0.00000e+00
No. of Data Rows : 1
vref_val = 1.279039e+00
ibias_val = 6.468431e-01
isup_val = 2.896035e-05
Reset re-loads circuit * tb_mc_untrimmed.spice -- issue #13 monte carlo mismatch analysis for the

Circuit: * tb_mc_untrimmed.spice -- issue #13 monte carlo mismatch analysis for the

Doing analysis at TEMP = 125.000000 and TNOM = 27.000000

Using SPARSE 1.3 as Direct Linear Solver
 Reference value :  0.00000e+00
No. of Data Rows : 1
vref_val = 1.267863e+00
ibias_val = 6.529454e-01
isup_val = 2.879425e-05
Reset re-loads circuit * tb_mc_untrimmed.spice -- issue #13 monte carlo mismatch analysis for the

Circuit: * tb_mc_untrimmed.spice -- issue #13 monte carlo mismatch analysis for the

Doing analysis at TEMP = 125.000000 and TNOM = 27.000000

Using SPARSE 1.3 as Direct Linear Solver
 Reference value :  0.00000e+00
No. of Data Rows : 1
vref_val = 1.268010e+00
ibias_val = 6.475156e-01
isup_val = 2.861747e-05
Reset re-loads circuit * tb_mc_untrimmed.spice -- issue #13 monte carlo mismatch analysis for the

Circuit: * tb_mc_untrimmed.spice -- issue #13 monte carlo mismatch analysis for the

Doing analysis at TEMP = 125.000000 and TNOM = 27.000000

Using SPARSE 1.3 as Direct Linear Solver
 Reference value :  0.00000e+00
No. of Data Rows : 1
vref_val = 1.270515e+00
ibias_val = 6.430244e-01
isup_val = 2.852391e-05
Reset re-loads circuit * tb_mc_untrimmed.spice -- issue #13 monte carlo mismatch analysis for the

Circuit: * tb_mc_untrimmed.spice -- issue #13 monte carlo mismatch analysis for the

Doing analysis at TEMP = 125.000000 and TNOM = 27.000000

Using SPARSE 1.3 as Direct Linear Solver
 Reference value :  0.00000e+00
No. of Data Rows : 1
vref_val = 1.267163e+00
ibias_val = 6.522277e-01
isup_val = 2.883607e-05
Reset re-loads circuit * tb_mc_untrimmed.spice -- issue #13 monte carlo mismatch analysis for the

Circuit: * tb_mc_untrimmed.spice -- issue #13 monte carlo mismatch analysis for the

Doing analysis at TEMP = 125.000000 and TNOM = 27.000000

Using SPARSE 1.3 as Direct Linear Solver
 Reference value :  0.00000e+00
No. of Data Rows : 1
vref_val = 1.275318e+00
ibias_val = 6.487278e-01
isup_val = 2.889239e-05
Reset re-loads circuit * tb_mc_untrimmed.spice -- issue #13 monte carlo mismatch analysis for the

Circuit: * tb_mc_untrimmed.spice -- issue #13 monte carlo mismatch analysis for the

Doing analysis at TEMP = 125.000000 and TNOM = 27.000000

Using SPARSE 1.3 as Direct Linear Solver
 Reference value :  0.00000e+00
No. of Data Rows : 1
vref_val = 1.272644e+00
ibias_val = 6.501945e-01
isup_val = 2.886909e-05
Reset re-loads circuit * tb_mc_untrimmed.spice -- issue #13 monte carlo mismatch analysis for the

Circuit: * tb_mc_untrimmed.spice -- issue #13 monte carlo mismatch analysis for the

Doing analysis at TEMP = 125.000000 and TNOM = 27.000000

Using SPARSE 1.3 as Direct Linear Solver
 Reference value :  0.00000e+00
No. of Data Rows : 1
vref_val = 1.267506e+00
ibias_val = 6.453256e-01
isup_val = 2.847185e-05
Reset re-loads circuit * tb_mc_untrimmed.spice -- issue #13 monte carlo mismatch analysis for the

Circuit: * tb_mc_untrimmed.spice -- issue #13 monte carlo mismatch analysis for the

Doing analysis at TEMP = 125.000000 and TNOM = 27.000000

Using SPARSE 1.3 as Direct Linear Solver
 Reference value :  0.00000e+00
No. of Data Rows : 1
vref_val = 1.273154e+00
ibias_val = 6.520719e-01
isup_val = 2.895873e-05
Reset re-loads circuit * tb_mc_untrimmed.spice -- issue #13 monte carlo mismatch analysis for the

Circuit: * tb_mc_untrimmed.spice -- issue #13 monte carlo mismatch analysis for the

Doing analysis at TEMP = 125.000000 and TNOM = 27.000000

Using SPARSE 1.3 as Direct Linear Solver
 Reference value :  0.00000e+00
No. of Data Rows : 1
vref_val = 1.278219e+00
ibias_val = 6.468296e-01
isup_val = 2.888304e-05
Reset re-loads circuit * tb_mc_untrimmed.spice -- issue #13 monte carlo mismatch analysis for the

Circuit: * tb_mc_untrimmed.spice -- issue #13 monte carlo mismatch analysis for the

Doing analysis at TEMP = 125.000000 and TNOM = 27.000000

Using SPARSE 1.3 as Direct Linear Solver
 Reference value :  0.00000e+00
No. of Data Rows : 1
vref_val = 1.276590e+00
ibias_val = 6.503949e-01
isup_val = 2.905990e-05
Reset re-loads circuit * tb_mc_untrimmed.spice -- issue #13 monte carlo mismatch analysis for the

Circuit: * tb_mc_untrimmed.spice -- issue #13 monte carlo mismatch analysis for the

Doing analysis at TEMP = 125.000000 and TNOM = 27.000000

Using SPARSE 1.3 as Direct Linear Solver
 Reference value :  0.00000e+00
No. of Data Rows : 1
vref_val = 1.269438e+00
ibias_val = 6.473611e-01
isup_val = 2.868308e-05
Reset re-loads circuit * tb_mc_untrimmed.spice -- issue #13 monte carlo mismatch analysis for the

Circuit: * tb_mc_untrimmed.spice -- issue #13 monte carlo mismatch analysis for the

Doing analysis at TEMP = 125.000000 and TNOM = 27.000000

Using SPARSE 1.3 as Direct Linear Solver
 Reference value :  0.00000e+00
No. of Data Rows : 1
vref_val = 1.277029e+00
ibias_val = 6.484351e-01
isup_val = 2.894519e-05
Reset re-loads circuit * tb_mc_untrimmed.spice -- issue #13 monte carlo mismatch analysis for the

Circuit: * tb_mc_untrimmed.spice -- issue #13 monte carlo mismatch analysis for the

Doing analysis at TEMP = 125.000000 and TNOM = 27.000000

Using SPARSE 1.3 as Direct Linear Solver
 Reference value :  0.00000e+00
No. of Data Rows : 1
vref_val = 1.274644e+00
ibias_val = 6.507317e-01
isup_val = 2.892323e-05
Reset re-loads circuit * tb_mc_untrimmed.spice -- issue #13 monte carlo mismatch analysis for the

Circuit: * tb_mc_untrimmed.spice -- issue #13 monte carlo mismatch analysis for the

Doing analysis at TEMP = 125.000000 and TNOM = 27.000000

Using SPARSE 1.3 as Direct Linear Solver
 Reference value :  0.00000e+00
No. of Data Rows : 1
vref_val = 1.263308e+00
ibias_val = 6.479866e-01
isup_val = 2.842816e-05
Reset re-loads circuit * tb_mc_untrimmed.spice -- issue #13 monte carlo mismatch analysis for the

Circuit: * tb_mc_untrimmed.spice -- issue #13 monte carlo mismatch analysis for the

Doing analysis at TEMP = 125.000000 and TNOM = 27.000000

Using SPARSE 1.3 as Direct Linear Solver
 Reference value :  0.00000e+00
No. of Data Rows : 1
vref_val = 1.267761e+00
ibias_val = 6.511474e-01
isup_val = 2.876914e-05
Reset re-loads circuit * tb_mc_untrimmed.spice -- issue #13 monte carlo mismatch analysis for the

Circuit: * tb_mc_untrimmed.spice -- issue #13 monte carlo mismatch analysis for the

Doing analysis at TEMP = 125.000000 and TNOM = 27.000000

Using SPARSE 1.3 as Direct Linear Solver
 Reference value :  0.00000e+00
No. of Data Rows : 1
vref_val = 1.270269e+00
ibias_val = 6.453262e-01
isup_val = 2.850803e-05
Reset re-loads circuit * tb_mc_untrimmed.spice -- issue #13 monte carlo mismatch analysis for the

Circuit: * tb_mc_untrimmed.spice -- issue #13 monte carlo mismatch analysis for the

Doing analysis at TEMP = 125.000000 and TNOM = 27.000000

Using SPARSE 1.3 as Direct Linear Solver
 Reference value :  0.00000e+00
No. of Data Rows : 1
vref_val = 1.271123e+00
ibias_val = 6.478284e-01
isup_val = 2.864149e-05
Reset re-loads circuit * tb_mc_untrimmed.spice -- issue #13 monte carlo mismatch analysis for the

Circuit: * tb_mc_untrimmed.spice -- issue #13 monte carlo mismatch analysis for the

Doing analysis at TEMP = 125.000000 and TNOM = 27.000000

Using SPARSE 1.3 as Direct Linear Solver
 Reference value :  0.00000e+00
No. of Data Rows : 1
vref_val = 1.269225e+00
ibias_val = 6.447079e-01
isup_val = 2.857612e-05
Reset re-loads circuit * tb_mc_untrimmed.spice -- issue #13 monte carlo mismatch analysis for the

Circuit: * tb_mc_untrimmed.spice -- issue #13 monte carlo mismatch analysis for the

Doing analysis at TEMP = 125.000000 and TNOM = 27.000000

Using SPARSE 1.3 as Direct Linear Solver
 Reference value :  0.00000e+00
No. of Data Rows : 1
vref_val = 1.269329e+00
ibias_val = 6.506629e-01
isup_val = 2.870305e-05
Reset re-loads circuit * tb_mc_untrimmed.spice -- issue #13 monte carlo mismatch analysis for the

Circuit: * tb_mc_untrimmed.spice -- issue #13 monte carlo mismatch analysis for the

Doing analysis at TEMP = 125.000000 and TNOM = 27.000000

Using SPARSE 1.3 as Direct Linear Solver
 Reference value :  0.00000e+00
No. of Data Rows : 1
vref_val = 1.273754e+00
ibias_val = 6.467031e-01
isup_val = 2.871512e-05
Reset re-loads circuit * tb_mc_untrimmed.spice -- issue #13 monte carlo mismatch analysis for the

Circuit: * tb_mc_untrimmed.spice -- issue #13 monte carlo mismatch analysis for the

Doing analysis at TEMP = 125.000000 and TNOM = 27.000000

Using SPARSE 1.3 as Direct Linear Solver
 Reference value :  0.00000e+00
No. of Data Rows : 1
vref_val = 1.263664e+00
ibias_val = 6.488600e-01
isup_val = 2.855536e-05
Reset re-loads circuit * tb_mc_untrimmed.spice -- issue #13 monte carlo mismatch analysis for the

Circuit: * tb_mc_untrimmed.spice -- issue #13 monte carlo mismatch analysis for the

Doing analysis at TEMP = 125.000000 and TNOM = 27.000000

Using SPARSE 1.3 as Direct Linear Solver
 Reference value :  0.00000e+00
No. of Data Rows : 1
vref_val = 1.275181e+00
ibias_val = 6.466085e-01
isup_val = 2.869192e-05
Reset re-loads circuit * tb_mc_untrimmed.spice -- issue #13 monte carlo mismatch analysis for the

Circuit: * tb_mc_untrimmed.spice -- issue #13 monte carlo mismatch analysis for the

Doing analysis at TEMP = 125.000000 and TNOM = 27.000000

Using SPARSE 1.3 as Direct Linear Solver
 Reference value :  0.00000e+00
No. of Data Rows : 1
vref_val = 1.259182e+00
ibias_val = 6.498849e-01
isup_val = 2.843965e-05
Reset re-loads circuit * tb_mc_untrimmed.spice -- issue #13 monte carlo mismatch analysis for the

Circuit: * tb_mc_untrimmed.spice -- issue #13 monte carlo mismatch analysis for the

Doing analysis at TEMP = 125.000000 and TNOM = 27.000000

Using SPARSE 1.3 as Direct Linear Solver
 Reference value :  0.00000e+00
No. of Data Rows : 1
vref_val = 1.272973e+00
ibias_val = 6.446616e-01
isup_val = 2.862221e-05
Reset re-loads circuit * tb_mc_untrimmed.spice -- issue #13 monte carlo mismatch analysis for the

Circuit: * tb_mc_untrimmed.spice -- issue #13 monte carlo mismatch analysis for the

Doing analysis at TEMP = 125.000000 and TNOM = 27.000000

Using SPARSE 1.3 as Direct Linear Solver
 Reference value :  0.00000e+00
No. of Data Rows : 1
vref_val = 1.270217e+00
ibias_val = 6.486285e-01
isup_val = 2.870955e-05
Reset re-loads circuit * tb_mc_untrimmed.spice -- issue #13 monte carlo mismatch analysis for the

Circuit: * tb_mc_untrimmed.spice -- issue #13 monte carlo mismatch analysis for the

Doing analysis at TEMP = 125.000000 and TNOM = 27.000000

Using SPARSE 1.3 as Direct Linear Solver
 Reference value :  0.00000e+00
No. of Data Rows : 1
vref_val = 1.278510e+00
ibias_val = 6.483097e-01
isup_val = 2.883506e-05
Reset re-loads circuit * tb_mc_untrimmed.spice -- issue #13 monte carlo mismatch analysis for the

Circuit: * tb_mc_untrimmed.spice -- issue #13 monte carlo mismatch analysis for the

Doing analysis at TEMP = 125.000000 and TNOM = 27.000000

Using SPARSE 1.3 as Direct Linear Solver
 Reference value :  0.00000e+00
No. of Data Rows : 1
vref_val = 1.283052e+00
ibias_val = 6.499981e-01
isup_val = 2.912326e-05
Reset re-loads circuit * tb_mc_untrimmed.spice -- issue #13 monte carlo mismatch analysis for the

Circuit: * tb_mc_untrimmed.spice -- issue #13 monte carlo mismatch analysis for the

Doing analysis at TEMP = 125.000000 and TNOM = 27.000000

Using SPARSE 1.3 as Direct Linear Solver
 Reference value :  0.00000e+00
No. of Data Rows : 1
vref_val = 1.264114e+00
ibias_val = 6.452391e-01
isup_val = 2.838741e-05
Reset re-loads circuit * tb_mc_untrimmed.spice -- issue #13 monte carlo mismatch analysis for the

Circuit: * tb_mc_untrimmed.spice -- issue #13 monte carlo mismatch analysis for the

Doing analysis at TEMP = 125.000000 and TNOM = 27.000000

Using SPARSE 1.3 as Direct Linear Solver
 Reference value :  0.00000e+00
No. of Data Rows : 1
vref_val = 1.262667e+00
ibias_val = 6.487318e-01
isup_val = 2.847398e-05
Reset re-loads circuit * tb_mc_untrimmed.spice -- issue #13 monte carlo mismatch analysis for the

Circuit: * tb_mc_untrimmed.spice -- issue #13 monte carlo mismatch analysis for the

Doing analysis at TEMP = 125.000000 and TNOM = 27.000000

Using SPARSE 1.3 as Direct Linear Solver
 Reference value :  0.00000e+00
No. of Data Rows : 1
vref_val = 1.268323e+00
ibias_val = 6.498019e-01
isup_val = 2.869132e-05
Reset re-loads circuit * tb_mc_untrimmed.spice -- issue #13 monte carlo mismatch analysis for the

Circuit: * tb_mc_untrimmed.spice -- issue #13 monte carlo mismatch analysis for the

Doing analysis at TEMP = 125.000000 and TNOM = 27.000000

Using SPARSE 1.3 as Direct Linear Solver
 Reference value :  0.00000e+00
No. of Data Rows : 1
vref_val = 1.266991e+00
ibias_val = 6.481001e-01
isup_val = 2.863799e-05
Reset re-loads circuit * tb_mc_untrimmed.spice -- issue #13 monte carlo mismatch analysis for the

Circuit: * tb_mc_untrimmed.spice -- issue #13 monte carlo mismatch analysis for the

Doing analysis at TEMP = 125.000000 and TNOM = 27.000000

Using SPARSE 1.3 as Direct Linear Solver
 Reference value :  0.00000e+00
No. of Data Rows : 1
vref_val = 1.259872e+00
ibias_val = 6.480148e-01
isup_val = 2.836095e-05
Reset re-loads circuit * tb_mc_untrimmed.spice -- issue #13 monte carlo mismatch analysis for the

Circuit: * tb_mc_untrimmed.spice -- issue #13 monte carlo mismatch analysis for the

Doing analysis at TEMP = 125.000000 and TNOM = 27.000000

Using SPARSE 1.3 as Direct Linear Solver
 Reference value :  0.00000e+00
No. of Data Rows : 1
vref_val = 1.267709e+00
ibias_val = 6.450145e-01
isup_val = 2.843667e-05
Reset re-loads circuit * tb_mc_untrimmed.spice -- issue #13 monte carlo mismatch analysis for the

Circuit: * tb_mc_untrimmed.spice -- issue #13 monte carlo mismatch analysis for the

Doing analysis at TEMP = 125.000000 and TNOM = 27.000000

Using SPARSE 1.3 as Direct Linear Solver
 Reference value :  0.00000e+00
No. of Data Rows : 1
vref_val = 1.272248e+00
ibias_val = 6.503328e-01
isup_val = 2.884471e-05
Reset re-loads circuit * tb_mc_untrimmed.spice -- issue #13 monte carlo mismatch analysis for the

Circuit: * tb_mc_untrimmed.spice -- issue #13 monte carlo mismatch analysis for the

Doing analysis at TEMP = 125.000000 and TNOM = 27.000000

Using SPARSE 1.3 as Direct Linear Solver
 Reference value :  0.00000e+00
No. of Data Rows : 1
vref_val = 1.274366e+00
ibias_val = 6.504518e-01
isup_val = 2.885632e-05
Reset re-loads circuit * tb_mc_untrimmed.spice -- issue #13 monte carlo mismatch analysis for the

Circuit: * tb_mc_untrimmed.spice -- issue #13 monte carlo mismatch analysis for the

Doing analysis at TEMP = 125.000000 and TNOM = 27.000000

Using SPARSE 1.3 as Direct Linear Solver
 Reference value :  0.00000e+00
No. of Data Rows : 1
vref_val = 1.275159e+00
ibias_val = 6.475716e-01
isup_val = 2.880055e-05
Reset re-loads circuit * tb_mc_untrimmed.spice -- issue #13 monte carlo mismatch analysis for the

Circuit: * tb_mc_untrimmed.spice -- issue #13 monte carlo mismatch analysis for the

Doing analysis at TEMP = 125.000000 and TNOM = 27.000000

Using SPARSE 1.3 as Direct Linear Solver
 Reference value :  0.00000e+00
No. of Data Rows : 1
vref_val = 1.263169e+00
ibias_val = 6.457787e-01
isup_val = 2.851140e-05
Reset re-loads circuit * tb_mc_untrimmed.spice -- issue #13 monte carlo mismatch analysis for the

Circuit: * tb_mc_untrimmed.spice -- issue #13 monte carlo mismatch analysis for the

Doing analysis at TEMP = 125.000000 and TNOM = 27.000000

Using SPARSE 1.3 as Direct Linear Solver
 Reference value :  0.00000e+00
No. of Data Rows : 1
vref_val = 1.258089e+00
ibias_val = 6.439893e-01
isup_val = 2.820640e-05
Reset re-loads circuit * tb_mc_untrimmed.spice -- issue #13 monte carlo mismatch analysis for the

Circuit: * tb_mc_untrimmed.spice -- issue #13 monte carlo mismatch analysis for the

Doing analysis at TEMP = 125.000000 and TNOM = 27.000000

Using SPARSE 1.3 as Direct Linear Solver
 Reference value :  0.00000e+00
No. of Data Rows : 1
vref_val = 1.265219e+00
ibias_val = 6.489912e-01
isup_val = 2.858207e-05
Reset re-loads circuit * tb_mc_untrimmed.spice -- issue #13 monte carlo mismatch analysis for the

Circuit: * tb_mc_untrimmed.spice -- issue #13 monte carlo mismatch analysis for the

Doing analysis at TEMP = 125.000000 and TNOM = 27.000000

Using SPARSE 1.3 as Direct Linear Solver
 Reference value :  0.00000e+00
No. of Data Rows : 1
vref_val = 1.267185e+00
ibias_val = 6.506960e-01
isup_val = 2.873721e-05
Reset re-loads circuit * tb_mc_untrimmed.spice -- issue #13 monte carlo mismatch analysis for the

Circuit: * tb_mc_untrimmed.spice -- issue #13 monte carlo mismatch analysis for the

Doing analysis at TEMP = 125.000000 and TNOM = 27.000000

Using SPARSE 1.3 as Direct Linear Solver
 Reference value :  0.00000e+00
No. of Data Rows : 1
vref_val = 1.262671e+00
ibias_val = 6.475404e-01
isup_val = 2.841374e-05
Reset re-loads circuit * tb_mc_untrimmed.spice -- issue #13 monte carlo mismatch analysis for the

Circuit: * tb_mc_untrimmed.spice -- issue #13 monte carlo mismatch analysis for the

Doing analysis at TEMP = 125.000000 and TNOM = 27.000000

Using SPARSE 1.3 as Direct Linear Solver
 Reference value :  0.00000e+00
No. of Data Rows : 1
vref_val = 1.266784e+00
ibias_val = 6.412299e-01
isup_val = 2.828054e-05
Reset re-loads circuit * tb_mc_untrimmed.spice -- issue #13 monte carlo mismatch analysis for the

Circuit: * tb_mc_untrimmed.spice -- issue #13 monte carlo mismatch analysis for the

Doing analysis at TEMP = 125.000000 and TNOM = 27.000000

Using SPARSE 1.3 as Direct Linear Solver
 Reference value :  0.00000e+00
No. of Data Rows : 1
vref_val = 1.278708e+00
ibias_val = 6.514639e-01
isup_val = 2.909996e-05
Reset re-loads circuit * tb_mc_untrimmed.spice -- issue #13 monte carlo mismatch analysis for the

Circuit: * tb_mc_untrimmed.spice -- issue #13 monte carlo mismatch analysis for the

Doing analysis at TEMP = 125.000000 and TNOM = 27.000000

Using SPARSE 1.3 as Direct Linear Solver
 Reference value :  0.00000e+00
No. of Data Rows : 1
vref_val = 1.259870e+00
ibias_val = 6.504584e-01
isup_val = 2.850289e-05
Reset re-loads circuit * tb_mc_untrimmed.spice -- issue #13 monte carlo mismatch analysis for the

Circuit: * tb_mc_untrimmed.spice -- issue #13 monte carlo mismatch analysis for the

Doing analysis at TEMP = 125.000000 and TNOM = 27.000000

Using SPARSE 1.3 as Direct Linear Solver
 Reference value :  0.00000e+00
No. of Data Rows : 1
vref_val = 1.268923e+00
ibias_val = 6.473673e-01
isup_val = 2.861515e-05
Reset re-loads circuit * tb_mc_untrimmed.spice -- issue #13 monte carlo mismatch analysis for the

Circuit: * tb_mc_untrimmed.spice -- issue #13 monte carlo mismatch analysis for the

Doing analysis at TEMP = 125.000000 and TNOM = 27.000000

Using SPARSE 1.3 as Direct Linear Solver
 Reference value :  0.00000e+00
No. of Data Rows : 1
vref_val = 1.268987e+00
ibias_val = 6.468366e-01
isup_val = 2.861623e-05
Reset re-loads circuit * tb_mc_untrimmed.spice -- issue #13 monte carlo mismatch analysis for the

Circuit: * tb_mc_untrimmed.spice -- issue #13 monte carlo mismatch analysis for the

Doing analysis at TEMP = 125.000000 and TNOM = 27.000000

Using SPARSE 1.3 as Direct Linear Solver
 Reference value :  0.00000e+00
No. of Data Rows : 1
vref_val = 1.264427e+00
ibias_val = 6.494642e-01
isup_val = 2.855996e-05
Reset re-loads circuit * tb_mc_untrimmed.spice -- issue #13 monte carlo mismatch analysis for the

Circuit: * tb_mc_untrimmed.spice -- issue #13 monte carlo mismatch analysis for the

Doing analysis at TEMP = 125.000000 and TNOM = 27.000000

Using SPARSE 1.3 as Direct Linear Solver
 Reference value :  0.00000e+00
No. of Data Rows : 1
vref_val = 1.265235e+00
ibias_val = 6.484946e-01
isup_val = 2.866783e-05
Reset re-loads circuit * tb_mc_untrimmed.spice -- issue #13 monte carlo mismatch analysis for the

Circuit: * tb_mc_untrimmed.spice -- issue #13 monte carlo mismatch analysis for the

Doing analysis at TEMP = 125.000000 and TNOM = 27.000000

Using SPARSE 1.3 as Direct Linear Solver
 Reference value :  0.00000e+00
No. of Data Rows : 1
vref_val = 1.272467e+00
ibias_val = 6.459890e-01
isup_val = 2.867565e-05
Reset re-loads circuit * tb_mc_untrimmed.spice -- issue #13 monte carlo mismatch analysis for the

Circuit: * tb_mc_untrimmed.spice -- issue #13 monte carlo mismatch analysis for the

Doing analysis at TEMP = 125.000000 and TNOM = 27.000000

Using SPARSE 1.3 as Direct Linear Solver
 Reference value :  0.00000e+00
No. of Data Rows : 1
vref_val = 1.267537e+00
ibias_val = 6.474990e-01
isup_val = 2.863006e-05
Reset re-loads circuit * tb_mc_untrimmed.spice -- issue #13 monte carlo mismatch analysis for the

Circuit: * tb_mc_untrimmed.spice -- issue #13 monte carlo mismatch analysis for the

Doing analysis at TEMP = 125.000000 and TNOM = 27.000000

Using SPARSE 1.3 as Direct Linear Solver
 Reference value :  0.00000e+00
No. of Data Rows : 1
vref_val = 1.272325e+00
ibias_val = 6.482496e-01
isup_val = 2.879165e-05
Reset re-loads circuit * tb_mc_untrimmed.spice -- issue #13 monte carlo mismatch analysis for the

Circuit: * tb_mc_untrimmed.spice -- issue #13 monte carlo mismatch analysis for the

Doing analysis at TEMP = 125.000000 and TNOM = 27.000000

Using SPARSE 1.3 as Direct Linear Solver
 Reference value :  0.00000e+00
No. of Data Rows : 1
vref_val = 1.269993e+00
ibias_val = 6.459555e-01
isup_val = 2.862512e-05
Reset re-loads circuit * tb_mc_untrimmed.spice -- issue #13 monte carlo mismatch analysis for the

Circuit: * tb_mc_untrimmed.spice -- issue #13 monte carlo mismatch analysis for the

Doing analysis at TEMP = 125.000000 and TNOM = 27.000000

Using SPARSE 1.3 as Direct Linear Solver
 Reference value :  0.00000e+00
No. of Data Rows : 1
vref_val = 1.264842e+00
ibias_val = 6.482736e-01
isup_val = 2.841623e-05
Reset re-loads circuit * tb_mc_untrimmed.spice -- issue #13 monte carlo mismatch analysis for the

Circuit: * tb_mc_untrimmed.spice -- issue #13 monte carlo mismatch analysis for the

Doing analysis at TEMP = 125.000000 and TNOM = 27.000000

Using SPARSE 1.3 as Direct Linear Solver
 Reference value :  0.00000e+00
No. of Data Rows : 1
vref_val = 1.272030e+00
ibias_val = 6.478687e-01
isup_val = 2.871217e-05
Reset re-loads circuit * tb_mc_untrimmed.spice -- issue #13 monte carlo mismatch analysis for the

Circuit: * tb_mc_untrimmed.spice -- issue #13 monte carlo mismatch analysis for the

Doing analysis at TEMP = 125.000000 and TNOM = 27.000000

Using SPARSE 1.3 as Direct Linear Solver
 Reference value :  0.00000e+00
No. of Data Rows : 1
vref_val = 1.274884e+00
ibias_val = 6.455747e-01
isup_val = 2.878737e-05
Reset re-loads circuit * tb_mc_untrimmed.spice -- issue #13 monte carlo mismatch analysis for the

Circuit: * tb_mc_untrimmed.spice -- issue #13 monte carlo mismatch analysis for the

Doing analysis at TEMP = 125.000000 and TNOM = 27.000000

Using SPARSE 1.3 as Direct Linear Solver
 Reference value :  0.00000e+00
No. of Data Rows : 1
vref_val = 1.268507e+00
ibias_val = 6.516940e-01
isup_val = 2.878657e-05
Reset re-loads circuit * tb_mc_untrimmed.spice -- issue #13 monte carlo mismatch analysis for the

Circuit: * tb_mc_untrimmed.spice -- issue #13 monte carlo mismatch analysis for the

Doing analysis at TEMP = 125.000000 and TNOM = 27.000000

Using SPARSE 1.3 as Direct Linear Solver
 Reference value :  0.00000e+00
No. of Data Rows : 1
vref_val = 1.271088e+00
ibias_val = 6.508451e-01
isup_val = 2.881831e-05
Reset re-loads circuit * tb_mc_untrimmed.spice -- issue #13 monte carlo mismatch analysis for the

Circuit: * tb_mc_untrimmed.spice -- issue #13 monte carlo mismatch analysis for the

Doing analysis at TEMP = 125.000000 and TNOM = 27.000000

Using SPARSE 1.3 as Direct Linear Solver
 Reference value :  0.00000e+00
No. of Data Rows : 1
vref_val = 1.273674e+00
ibias_val = 6.476137e-01
isup_val = 2.876239e-05
Reset re-loads circuit * tb_mc_untrimmed.spice -- issue #13 monte carlo mismatch analysis for the

Circuit: * tb_mc_untrimmed.spice -- issue #13 monte carlo mismatch analysis for the

Doing analysis at TEMP = 125.000000 and TNOM = 27.000000

Using SPARSE 1.3 as Direct Linear Solver
 Reference value :  0.00000e+00
No. of Data Rows : 1
vref_val = 1.272533e+00
ibias_val = 6.532449e-01
isup_val = 2.898457e-05
Reset re-loads circuit * tb_mc_untrimmed.spice -- issue #13 monte carlo mismatch analysis for the

Circuit: * tb_mc_untrimmed.spice -- issue #13 monte carlo mismatch analysis for the

Doing analysis at TEMP = 125.000000 and TNOM = 27.000000

Using SPARSE 1.3 as Direct Linear Solver
 Reference value :  0.00000e+00
No. of Data Rows : 1
vref_val = 1.270522e+00
ibias_val = 6.461824e-01
isup_val = 2.861527e-05
Reset re-loads circuit * tb_mc_untrimmed.spice -- issue #13 monte carlo mismatch analysis for the

Circuit: * tb_mc_untrimmed.spice -- issue #13 monte carlo mismatch analysis for the

Doing analysis at TEMP = 125.000000 and TNOM = 27.000000

Using SPARSE 1.3 as Direct Linear Solver
 Reference value :  0.00000e+00
No. of Data Rows : 1
vref_val = 1.264017e+00
ibias_val = 6.484353e-01
isup_val = 2.846086e-05
Reset re-loads circuit * tb_mc_untrimmed.spice -- issue #13 monte carlo mismatch analysis for the

Circuit: * tb_mc_untrimmed.spice -- issue #13 monte carlo mismatch analysis for the

Doing analysis at TEMP = 125.000000 and TNOM = 27.000000

Using SPARSE 1.3 as Direct Linear Solver
 Reference value :  0.00000e+00
No. of Data Rows : 1
vref_val = 1.285029e+00
ibias_val = 6.480501e-01
isup_val = 2.913895e-05
Reset re-loads circuit * tb_mc_untrimmed.spice -- issue #13 monte carlo mismatch analysis for the

Circuit: * tb_mc_untrimmed.spice -- issue #13 monte carlo mismatch analysis for the

Doing analysis at TEMP = 125.000000 and TNOM = 27.000000

Using SPARSE 1.3 as Direct Linear Solver
 Reference value :  0.00000e+00
No. of Data Rows : 1
vref_val = 1.270723e+00
ibias_val = 6.467335e-01
isup_val = 2.863947e-05
Reset re-loads circuit * tb_mc_untrimmed.spice -- issue #13 monte carlo mismatch analysis for the

Circuit: * tb_mc_untrimmed.spice -- issue #13 monte carlo mismatch analysis for the

Doing analysis at TEMP = 125.000000 and TNOM = 27.000000

Using SPARSE 1.3 as Direct Linear Solver
 Reference value :  0.00000e+00
No. of Data Rows : 1
vref_val = 1.267114e+00
ibias_val = 6.482237e-01
isup_val = 2.850993e-05
Reset re-loads circuit * tb_mc_untrimmed.spice -- issue #13 monte carlo mismatch analysis for the

Circuit: * tb_mc_untrimmed.spice -- issue #13 monte carlo mismatch analysis for the

Doing analysis at TEMP = 125.000000 and TNOM = 27.000000

Using SPARSE 1.3 as Direct Linear Solver
 Reference value :  0.00000e+00
No. of Data Rows : 1
vref_val = 1.272553e+00
ibias_val = 6.482382e-01
isup_val = 2.883652e-05
Reset re-loads circuit * tb_mc_untrimmed.spice -- issue #13 monte carlo mismatch analysis for the

Circuit: * tb_mc_untrimmed.spice -- issue #13 monte carlo mismatch analysis for the

Doing analysis at TEMP = 125.000000 and TNOM = 27.000000

Using SPARSE 1.3 as Direct Linear Solver
 Reference value :  0.00000e+00
No. of Data Rows : 1
vref_val = 1.270068e+00
ibias_val = 6.501419e-01
isup_val = 2.877456e-05
Reset re-loads circuit * tb_mc_untrimmed.spice -- issue #13 monte carlo mismatch analysis for the

Circuit: * tb_mc_untrimmed.spice -- issue #13 monte carlo mismatch analysis for the

Doing analysis at TEMP = 125.000000 and TNOM = 27.000000

Using SPARSE 1.3 as Direct Linear Solver
 Reference value :  0.00000e+00
No. of Data Rows : 1
vref_val = 1.267630e+00
ibias_val = 6.459737e-01
isup_val = 2.851596e-05
Reset re-loads circuit * tb_mc_untrimmed.spice -- issue #13 monte carlo mismatch analysis for the

Circuit: * tb_mc_untrimmed.spice -- issue #13 monte carlo mismatch analysis for the

Doing analysis at TEMP = 125.000000 and TNOM = 27.000000

Using SPARSE 1.3 as Direct Linear Solver
 Reference value :  0.00000e+00
No. of Data Rows : 1
vref_val = 1.269866e+00
ibias_val = 6.461129e-01
isup_val = 2.861212e-05
Reset re-loads circuit * tb_mc_untrimmed.spice -- issue #13 monte carlo mismatch analysis for the

Circuit: * tb_mc_untrimmed.spice -- issue #13 monte carlo mismatch analysis for the

Doing analysis at TEMP = 125.000000 and TNOM = 27.000000

Using SPARSE 1.3 as Direct Linear Solver
 Reference value :  0.00000e+00
No. of Data Rows : 1
vref_val = 1.274004e+00
ibias_val = 6.464192e-01
isup_val = 2.871569e-05
Reset re-loads circuit * tb_mc_untrimmed.spice -- issue #13 monte carlo mismatch analysis for the

Circuit: * tb_mc_untrimmed.spice -- issue #13 monte carlo mismatch analysis for the

Doing analysis at TEMP = 125.000000 and TNOM = 27.000000

Using SPARSE 1.3 as Direct Linear Solver
 Reference value :  0.00000e+00
No. of Data Rows : 1
vref_val = 1.262486e+00
ibias_val = 6.439237e-01
isup_val = 2.831467e-05
Reset re-loads circuit * tb_mc_untrimmed.spice -- issue #13 monte carlo mismatch analysis for the

Circuit: * tb_mc_untrimmed.spice -- issue #13 monte carlo mismatch analysis for the

Doing analysis at TEMP = 125.000000 and TNOM = 27.000000

Using SPARSE 1.3 as Direct Linear Solver
 Reference value :  0.00000e+00
No. of Data Rows : 1
vref_val = 1.271032e+00
ibias_val = 6.507729e-01
isup_val = 2.880135e-05
Reset re-loads circuit * tb_mc_untrimmed.spice -- issue #13 monte carlo mismatch analysis for the

Circuit: * tb_mc_untrimmed.spice -- issue #13 monte carlo mismatch analysis for the

Doing analysis at TEMP = 125.000000 and TNOM = 27.000000

Using SPARSE 1.3 as Direct Linear Solver
 Reference value :  0.00000e+00
No. of Data Rows : 1
vref_val = 1.271716e+00
ibias_val = 6.467222e-01
isup_val = 2.868561e-05
Reset re-loads circuit * tb_mc_untrimmed.spice -- issue #13 monte carlo mismatch analysis for the

Circuit: * tb_mc_untrimmed.spice -- issue #13 monte carlo mismatch analysis for the

Doing analysis at TEMP = 125.000000 and TNOM = 27.000000

Using SPARSE 1.3 as Direct Linear Solver

No. of Data Rows : 1
vref_val = 1.268115e+00
ibias_val = 6.423540e-01
isup_val = 2.839772e-05
Reset re-loads circuit * tb_mc_untrimmed.spice -- issue #13 monte carlo mismatch analysis for the

Circuit: * tb_mc_untrimmed.spice -- issue #13 monte carlo mismatch analysis for the

Doing analysis at TEMP = 125.000000 and TNOM = 27.000000

Using SPARSE 1.3 as Direct Linear Solver
 Reference value :  0.00000e+00
No. of Data Rows : 1
vref_val = 1.268356e+00
ibias_val = 6.492206e-01
isup_val = 2.870992e-05
Reset re-loads circuit * tb_mc_untrimmed.spice -- issue #13 monte carlo mismatch analysis for the

Circuit: * tb_mc_untrimmed.spice -- issue #13 monte carlo mismatch analysis for the

Doing analysis at TEMP = 125.000000 and TNOM = 27.000000

Using SPARSE 1.3 as Direct Linear Solver
 Reference value :  0.00000e+00
No. of Data Rows : 1
vref_val = 1.266120e+00
ibias_val = 6.434861e-01
isup_val = 2.843897e-05
Reset re-loads circuit * tb_mc_untrimmed.spice -- issue #13 monte carlo mismatch analysis for the

Circuit: * tb_mc_untrimmed.spice -- issue #13 monte carlo mismatch analysis for the

Doing analysis at TEMP = 125.000000 and TNOM = 27.000000

Using SPARSE 1.3 as Direct Linear Solver
 Reference value :  0.00000e+00
No. of Data Rows : 1
vref_val = 1.272717e+00
ibias_val = 6.467950e-01
isup_val = 2.885220e-05
Reset re-loads circuit * tb_mc_untrimmed.spice -- issue #13 monte carlo mismatch analysis for the

Circuit: * tb_mc_untrimmed.spice -- issue #13 monte carlo mismatch analysis for the

Doing analysis at TEMP = 125.000000 and TNOM = 27.000000

Using SPARSE 1.3 as Direct Linear Solver
 Reference value :  0.00000e+00
No. of Data Rows : 1
vref_val = 1.271584e+00
ibias_val = 6.496200e-01
isup_val = 2.879271e-05
Reset re-loads circuit * tb_mc_untrimmed.spice -- issue #13 monte carlo mismatch analysis for the

Circuit: * tb_mc_untrimmed.spice -- issue #13 monte carlo mismatch analysis for the

Doing analysis at TEMP = 125.000000 and TNOM = 27.000000

Using SPARSE 1.3 as Direct Linear Solver

No. of Data Rows : 1
vref_val = 1.273388e+00
ibias_val = 6.478678e-01
isup_val = 2.875610e-05
Reset re-loads circuit * tb_mc_untrimmed.spice -- issue #13 monte carlo mismatch analysis for the

Circuit: * tb_mc_untrimmed.spice -- issue #13 monte carlo mismatch analysis for the

Doing analysis at TEMP = 125.000000 and TNOM = 27.000000

Using SPARSE 1.3 as Direct Linear Solver
 Reference value :  0.00000e+00
No. of Data Rows : 1
vref_val = 1.272739e+00
ibias_val = 6.502619e-01
isup_val = 2.885039e-05
Reset re-loads circuit * tb_mc_untrimmed.spice -- issue #13 monte carlo mismatch analysis for the

Circuit: * tb_mc_untrimmed.spice -- issue #13 monte carlo mismatch analysis for the

Doing analysis at TEMP = 125.000000 and TNOM = 27.000000

Using SPARSE 1.3 as Direct Linear Solver
 Reference value :  0.00000e+00
No. of Data Rows : 1
vref_val = 1.271611e+00
ibias_val = 6.455061e-01
isup_val = 2.856469e-05
Reset re-loads circuit * tb_mc_untrimmed.spice -- issue #13 monte carlo mismatch analysis for the

Circuit: * tb_mc_untrimmed.spice -- issue #13 monte carlo mismatch analysis for the

Doing analysis at TEMP = 125.000000 and TNOM = 27.000000

Using SPARSE 1.3 as Direct Linear Solver
 Reference value :  0.00000e+00
No. of Data Rows : 1
vref_val = 1.275415e+00
ibias_val = 6.472898e-01
isup_val = 2.877846e-05
Reset re-loads circuit * tb_mc_untrimmed.spice -- issue #13 monte carlo mismatch analysis for the

Circuit: * tb_mc_untrimmed.spice -- issue #13 monte carlo mismatch analysis for the

Doing analysis at TEMP = 125.000000 and TNOM = 27.000000

Using SPARSE 1.3 as Direct Linear Solver
 Reference value :  0.00000e+00
No. of Data Rows : 1
vref_val = 1.270070e+00
ibias_val = 6.496272e-01
isup_val = 2.872561e-05
Reset re-loads circuit * tb_mc_untrimmed.spice -- issue #13 monte carlo mismatch analysis for the

Circuit: * tb_mc_untrimmed.spice -- issue #13 monte carlo mismatch analysis for the

Doing analysis at TEMP = 125.000000 and TNOM = 27.000000

Using SPARSE 1.3 as Direct Linear Solver
 Reference value :  0.00000e+00
No. of Data Rows : 1
vref_val = 1.267342e+00
ibias_val = 6.423866e-01
isup_val = 2.841018e-05
Reset re-loads circuit * tb_mc_untrimmed.spice -- issue #13 monte carlo mismatch analysis for the

Circuit: * tb_mc_untrimmed.spice -- issue #13 monte carlo mismatch analysis for the

Doing analysis at TEMP = 125.000000 and TNOM = 27.000000

Using SPARSE 1.3 as Direct Linear Solver
 Reference value :  0.00000e+00
No. of Data Rows : 1
vref_val = 1.278236e+00
ibias_val = 6.479934e-01
isup_val = 2.894068e-05
Reset re-loads circuit * tb_mc_untrimmed.spice -- issue #13 monte carlo mismatch analysis for the

Circuit: * tb_mc_untrimmed.spice -- issue #13 monte carlo mismatch analysis for the

Doing analysis at TEMP = 125.000000 and TNOM = 27.000000

Using SPARSE 1.3 as Direct Linear Solver
 Reference value :  0.00000e+00
No. of Data Rows : 1
vref_val = 1.273428e+00
ibias_val = 6.460537e-01
isup_val = 2.868369e-05
Reset re-loads circuit * tb_mc_untrimmed.spice -- issue #13 monte carlo mismatch analysis for the

Circuit: * tb_mc_untrimmed.spice -- issue #13 monte carlo mismatch analysis for the

Doing analysis at TEMP = 125.000000 and TNOM = 27.000000

Using SPARSE 1.3 as Direct Linear Solver
 Reference value :  0.00000e+00
No. of Data Rows : 1
vref_val = 1.275625e+00
ibias_val = 6.468375e-01
isup_val = 2.875513e-05
Reset re-loads circuit * tb_mc_untrimmed.spice -- issue #13 monte carlo mismatch analysis for the

Circuit: * tb_mc_untrimmed.spice -- issue #13 monte carlo mismatch analysis for the

Doing analysis at TEMP = 125.000000 and TNOM = 27.000000

Using SPARSE 1.3 as Direct Linear Solver
 Reference value :  0.00000e+00
No. of Data Rows : 1
vref_val = 1.261302e+00
ibias_val = 6.439212e-01
isup_val = 2.819808e-05
Reset re-loads circuit * tb_mc_untrimmed.spice -- issue #13 monte carlo mismatch analysis for the

Circuit: * tb_mc_untrimmed.spice -- issue #13 monte carlo mismatch analysis for the

Doing analysis at TEMP = 125.000000 and TNOM = 27.000000

Using SPARSE 1.3 as Direct Linear Solver
 Reference value :  0.00000e+00
No. of Data Rows : 1
vref_val = 1.262483e+00
ibias_val = 6.436069e-01
isup_val = 2.827276e-05
Reset re-loads circuit * tb_mc_untrimmed.spice -- issue #13 monte carlo mismatch analysis for the

Circuit: * tb_mc_untrimmed.spice -- issue #13 monte carlo mismatch analysis for the

Doing analysis at TEMP = 125.000000 and TNOM = 27.000000

Using SPARSE 1.3 as Direct Linear Solver
 Reference value :  0.00000e+00
No. of Data Rows : 1
vref_val = 1.273164e+00
ibias_val = 6.490250e-01
isup_val = 2.881477e-05
Reset re-loads circuit * tb_mc_untrimmed.spice -- issue #13 monte carlo mismatch analysis for the

Circuit: * tb_mc_untrimmed.spice -- issue #13 monte carlo mismatch analysis for the

Doing analysis at TEMP = 125.000000 and TNOM = 27.000000

Using SPARSE 1.3 as Direct Linear Solver
 Reference value :  0.00000e+00
No. of Data Rows : 1
vref_val = 1.257387e+00
ibias_val = 6.452715e-01
isup_val = 2.818690e-05
Reset re-loads circuit * tb_mc_untrimmed.spice -- issue #13 monte carlo mismatch analysis for the

Circuit: * tb_mc_untrimmed.spice -- issue #13 monte carlo mismatch analysis for the

Doing analysis at TEMP = 125.000000 and TNOM = 27.000000

Using SPARSE 1.3 as Direct Linear Solver
 Reference value :  0.00000e+00
No. of Data Rows : 1
vref_val = 1.285534e+00
ibias_val = 6.474612e-01
isup_val = 2.903797e-05
Reset re-loads circuit * tb_mc_untrimmed.spice -- issue #13 monte carlo mismatch analysis for the

Circuit: * tb_mc_untrimmed.spice -- issue #13 monte carlo mismatch analysis for the

Doing analysis at TEMP = 125.000000 and TNOM = 27.000000

Using SPARSE 1.3 as Direct Linear Solver
 Reference value :  0.00000e+00
No. of Data Rows : 1
vref_val = 1.267150e+00
ibias_val = 6.506113e-01
isup_val = 2.870870e-05
Reset re-loads circuit * tb_mc_untrimmed.spice -- issue #13 monte carlo mismatch analysis for the

Circuit: * tb_mc_untrimmed.spice -- issue #13 monte carlo mismatch analysis for the

Doing analysis at TEMP = 125.000000 and TNOM = 27.000000

Using SPARSE 1.3 as Direct Linear Solver
 Reference value :  0.00000e+00
No. of Data Rows : 1
vref_val = 1.267648e+00
ibias_val = 6.505657e-01
isup_val = 2.869292e-05
Reset re-loads circuit * tb_mc_untrimmed.spice -- issue #13 monte carlo mismatch analysis for the

Circuit: * tb_mc_untrimmed.spice -- issue #13 monte carlo mismatch analysis for the

Doing analysis at TEMP = 125.000000 and TNOM = 27.000000

Using SPARSE 1.3 as Direct Linear Solver
 Reference value :  0.00000e+00
No. of Data Rows : 1
vref_val = 1.283044e+00
ibias_val = 6.461027e-01
isup_val = 2.888137e-05
Reset re-loads circuit * tb_mc_untrimmed.spice -- issue #13 monte carlo mismatch analysis for the

Circuit: * tb_mc_untrimmed.spice -- issue #13 monte carlo mismatch analysis for the

Doing analysis at TEMP = 125.000000 and TNOM = 27.000000

Using SPARSE 1.3 as Direct Linear Solver
 Reference value :  0.00000e+00
No. of Data Rows : 1
vref_val = 1.270016e+00
ibias_val = 6.490443e-01
isup_val = 2.876476e-05
Reset re-loads circuit * tb_mc_untrimmed.spice -- issue #13 monte carlo mismatch analysis for the

Circuit: * tb_mc_untrimmed.spice -- issue #13 monte carlo mismatch analysis for the

Doing analysis at TEMP = 125.000000 and TNOM = 27.000000

Using SPARSE 1.3 as Direct Linear Solver
 Reference value :  0.00000e+00
No. of Data Rows : 1
vref_val = 1.275873e+00
ibias_val = 6.490315e-01
isup_val = 2.888529e-05
Reset re-loads circuit * tb_mc_untrimmed.spice -- issue #13 monte carlo mismatch analysis for the

Circuit: * tb_mc_untrimmed.spice -- issue #13 monte carlo mismatch analysis for the

Doing analysis at TEMP = 125.000000 and TNOM = 27.000000

Using SPARSE 1.3 as Direct Linear Solver
 Reference value :  0.00000e+00
No. of Data Rows : 1
vref_val = 1.264672e+00
ibias_val = 6.460528e-01
isup_val = 2.846198e-05
Reset re-loads circuit * tb_mc_untrimmed.spice -- issue #13 monte carlo mismatch analysis for the

Circuit: * tb_mc_untrimmed.spice -- issue #13 monte carlo mismatch analysis for the

Doing analysis at TEMP = 125.000000 and TNOM = 27.000000

Using SPARSE 1.3 as Direct Linear Solver
 Reference value :  0.00000e+00
No. of Data Rows : 1
vref_val = 1.267664e+00
ibias_val = 6.481934e-01
isup_val = 2.867942e-05
Reset re-loads circuit * tb_mc_untrimmed.spice -- issue #13 monte carlo mismatch analysis for the

Circuit: * tb_mc_untrimmed.spice -- issue #13 monte carlo mismatch analysis for the

Doing analysis at TEMP = 125.000000 and TNOM = 27.000000

Using SPARSE 1.3 as Direct Linear Solver
 Reference value :  0.00000e+00
No. of Data Rows : 1
vref_val = 1.272397e+00
ibias_val = 6.484553e-01
isup_val = 2.865984e-05
Reset re-loads circuit * tb_mc_untrimmed.spice -- issue #13 monte carlo mismatch analysis for the

Circuit: * tb_mc_untrimmed.spice -- issue #13 monte carlo mismatch analysis for the

Doing analysis at TEMP = 125.000000 and TNOM = 27.000000

Using SPARSE 1.3 as Direct Linear Solver
 Reference value :  0.00000e+00
No. of Data Rows : 1
vref_val = 1.276118e+00
ibias_val = 6.505823e-01
isup_val = 2.900447e-05
Reset re-loads circuit * tb_mc_untrimmed.spice -- issue #13 monte carlo mismatch analysis for the

Circuit: * tb_mc_untrimmed.spice -- issue #13 monte carlo mismatch analysis for the

Doing analysis at TEMP = 125.000000 and TNOM = 27.000000

Using SPARSE 1.3 as Direct Linear Solver
 Reference value :  0.00000e+00
No. of Data Rows : 1
vref_val = 1.268994e+00
ibias_val = 6.450857e-01
isup_val = 2.855009e-05
Reset re-loads circuit * tb_mc_untrimmed.spice -- issue #13 monte carlo mismatch analysis for the

Circuit: * tb_mc_untrimmed.spice -- issue #13 monte carlo mismatch analysis for the

Doing analysis at TEMP = 125.000000 and TNOM = 27.000000

Using SPARSE 1.3 as Direct Linear Solver
 Reference value :  0.00000e+00
No. of Data Rows : 1
vref_val = 1.272375e+00
ibias_val = 6.462153e-01
isup_val = 2.866098e-05
Reset re-loads circuit * tb_mc_untrimmed.spice -- issue #13 monte carlo mismatch analysis for the

Circuit: * tb_mc_untrimmed.spice -- issue #13 monte carlo mismatch analysis for the

Doing analysis at TEMP = 125.000000 and TNOM = 27.000000

Using SPARSE 1.3 as Direct Linear Solver
 Reference value :  0.00000e+00
No. of Data Rows : 1
vref_val = 1.263288e+00
ibias_val = 6.442506e-01
isup_val = 2.826169e-05
Reset re-loads circuit * tb_mc_untrimmed.spice -- issue #13 monte carlo mismatch analysis for the

Circuit: * tb_mc_untrimmed.spice -- issue #13 monte carlo mismatch analysis for the

Doing analysis at TEMP = 125.000000 and TNOM = 27.000000

Using SPARSE 1.3 as Direct Linear Solver
 Reference value :  0.00000e+00
No. of Data Rows : 1
vref_val = 1.272971e+00
ibias_val = 6.474999e-01
isup_val = 2.871043e-05
Reset re-loads circuit * tb_mc_untrimmed.spice -- issue #13 monte carlo mismatch analysis for the

Circuit: * tb_mc_untrimmed.spice -- issue #13 monte carlo mismatch analysis for the

Doing analysis at TEMP = 125.000000 and TNOM = 27.000000

Using SPARSE 1.3 as Direct Linear Solver
 Reference value :  0.00000e+00
No. of Data Rows : 1
vref_val = 1.269761e+00
ibias_val = 6.502364e-01
isup_val = 2.878113e-05
Reset re-loads circuit * tb_mc_untrimmed.spice -- issue #13 monte carlo mismatch analysis for the

Circuit: * tb_mc_untrimmed.spice -- issue #13 monte carlo mismatch analysis for the

Doing analysis at TEMP = 125.000000 and TNOM = 27.000000

Using SPARSE 1.3 as Direct Linear Solver
 Reference value :  0.00000e+00
No. of Data Rows : 1
vref_val = 1.260938e+00
ibias_val = 6.500483e-01
isup_val = 2.848878e-05
Reset re-loads circuit * tb_mc_untrimmed.spice -- issue #13 monte carlo mismatch analysis for the

Circuit: * tb_mc_untrimmed.spice -- issue #13 monte carlo mismatch analysis for the

Doing analysis at TEMP = 125.000000 and TNOM = 27.000000

Using SPARSE 1.3 as Direct Linear Solver
 Reference value :  0.00000e+00
No. of Data Rows : 1
vref_val = 1.276309e+00
ibias_val = 6.497515e-01
isup_val = 2.902081e-05
Reset re-loads circuit * tb_mc_untrimmed.spice -- issue #13 monte carlo mismatch analysis for the

Circuit: * tb_mc_untrimmed.spice -- issue #13 monte carlo mismatch analysis for the

Doing analysis at TEMP = 125.000000 and TNOM = 27.000000

Using SPARSE 1.3 as Direct Linear Solver
 Reference value :  0.00000e+00
No. of Data Rows : 1
vref_val = 1.278224e+00
ibias_val = 6.523463e-01
isup_val = 2.913279e-05
Reset re-loads circuit * tb_mc_untrimmed.spice -- issue #13 monte carlo mismatch analysis for the

Circuit: * tb_mc_untrimmed.spice -- issue #13 monte carlo mismatch analysis for the

Doing analysis at TEMP = 125.000000 and TNOM = 27.000000

Using SPARSE 1.3 as Direct Linear Solver
 Reference value :  0.00000e+00
No. of Data Rows : 1
vref_val = 1.271198e+00
ibias_val = 6.458606e-01
isup_val = 2.857062e-05
Reset re-loads circuit * tb_mc_untrimmed.spice -- issue #13 monte carlo mismatch analysis for the

Circuit: * tb_mc_untrimmed.spice -- issue #13 monte carlo mismatch analysis for the

Doing analysis at TEMP = 125.000000 and TNOM = 27.000000

Using SPARSE 1.3 as Direct Linear Solver
 Reference value :  0.00000e+00
No. of Data Rows : 1
vref_val = 1.266530e+00
ibias_val = 6.438877e-01
isup_val = 2.848803e-05
Reset re-loads circuit * tb_mc_untrimmed.spice -- issue #13 monte carlo mismatch analysis for the

Circuit: * tb_mc_untrimmed.spice -- issue #13 monte carlo mismatch analysis for the

Doing analysis at TEMP = 125.000000 and TNOM = 27.000000

Using SPARSE 1.3 as Direct Linear Solver
 Reference value :  0.00000e+00
No. of Data Rows : 1
vref_val = 1.271297e+00
ibias_val = 6.423359e-01
isup_val = 2.842529e-05
Reset re-loads circuit * tb_mc_untrimmed.spice -- issue #13 monte carlo mismatch analysis for the

Circuit: * tb_mc_untrimmed.spice -- issue #13 monte carlo mismatch analysis for the

Doing analysis at TEMP = 125.000000 and TNOM = 27.000000

Using SPARSE 1.3 as Direct Linear Solver
 Reference value :  0.00000e+00
No. of Data Rows : 1
vref_val = 1.264208e+00
ibias_val = 6.480651e-01
isup_val = 2.855591e-05
Reset re-loads circuit * tb_mc_untrimmed.spice -- issue #13 monte carlo mismatch analysis for the

Circuit: * tb_mc_untrimmed.spice -- issue #13 monte carlo mismatch analysis for the

Doing analysis at TEMP = 125.000000 and TNOM = 27.000000

Using SPARSE 1.3 as Direct Linear Solver
 Reference value :  0.00000e+00
No. of Data Rows : 1
vref_val = 1.254004e+00
ibias_val = 6.448856e-01
isup_val = 2.809052e-05
Reset re-loads circuit * tb_mc_untrimmed.spice -- issue #13 monte carlo mismatch analysis for the

Circuit: * tb_mc_untrimmed.spice -- issue #13 monte carlo mismatch analysis for the

Doing analysis at TEMP = 125.000000 and TNOM = 27.000000

Using SPARSE 1.3 as Direct Linear Solver
 Reference value :  0.00000e+00
No. of Data Rows : 1
vref_val = 1.266766e+00
ibias_val = 6.493369e-01
isup_val = 2.858748e-05
Reset re-loads circuit * tb_mc_untrimmed.spice -- issue #13 monte carlo mismatch analysis for the

Circuit: * tb_mc_untrimmed.spice -- issue #13 monte carlo mismatch analysis for the

Doing analysis at TEMP = 125.000000 and TNOM = 27.000000

Using SPARSE 1.3 as Direct Linear Solver
 Reference value :  0.00000e+00
No. of Data Rows : 1
vref_val = 1.273106e+00
ibias_val = 6.459265e-01
isup_val = 2.859102e-05
Reset re-loads circuit * tb_mc_untrimmed.spice -- issue #13 monte carlo mismatch analysis for the

Circuit: * tb_mc_untrimmed.spice -- issue #13 monte carlo mismatch analysis for the

Doing analysis at TEMP = 125.000000 and TNOM = 27.000000

Using SPARSE 1.3 as Direct Linear Solver
 Reference value :  0.00000e+00
No. of Data Rows : 1
vref_val = 1.281510e+00
ibias_val = 6.532012e-01
isup_val = 2.914864e-05
Reset re-loads circuit * tb_mc_untrimmed.spice -- issue #13 monte carlo mismatch analysis for the

Circuit: * tb_mc_untrimmed.spice -- issue #13 monte carlo mismatch analysis for the

Doing analysis at TEMP = 125.000000 and TNOM = 27.000000

Using SPARSE 1.3 as Direct Linear Solver
 Reference value :  0.00000e+00
No. of Data Rows : 1
vref_val = 1.258762e+00
ibias_val = 6.489976e-01
isup_val = 2.840255e-05
Reset re-loads circuit * tb_mc_untrimmed.spice -- issue #13 monte carlo mismatch analysis for the

Circuit: * tb_mc_untrimmed.spice -- issue #13 monte carlo mismatch analysis for the

Doing analysis at TEMP = 125.000000 and TNOM = 27.000000

Using SPARSE 1.3 as Direct Linear Solver
 Reference value :  0.00000e+00
No. of Data Rows : 1
vref_val = 1.263954e+00
ibias_val = 6.439659e-01
isup_val = 2.828007e-05
ngspice-46 done
Warning: m=xx on .subckt line will override multiplier m hierarchy!

Warning : IC on non-existent node - xx1.casc, ignored
   Please check line .ic v(fb)=1.0 v(sns1)=0.6 v(sns2)=0.6 v(vref)=1.2 v(ibias)=0.6 v(xx1.casc)=1.8

Warning : IC on non-existent node - xx1.casc, ignored
   Please check line .ic v(fb)=1.0 v(sns1)=0.6 v(sns2)=0.6 v(vref)=1.2 v(ibias)=0.6 v(xx1.casc)=1.8

Note: Starting dynamic gmin stepping
Note: Dynamic gmin stepping completed
Warning : IC on non-existent node - xx1.casc, ignored
   Please check line .ic v(fb)=1.0 v(sns1)=0.6 v(sns2)=0.6 v(vref)=1.2 v(ibias)=0.6 v(xx1.casc)=1.8

Note: Starting dynamic gmin stepping
Note: Dynamic gmin stepping completed
Warning : IC on non-existent node - xx1.casc, ignored
   Please check line .ic v(fb)=1.0 v(sns1)=0.6 v(sns2)=0.6 v(vref)=1.2 v(ibias)=0.6 v(xx1.casc)=1.8

Note: Starting dynamic gmin stepping
Note: Dynamic gmin stepping completed
Warning : IC on non-existent node - xx1.casc, ignored
   Please check line .ic v(fb)=1.0 v(sns1)=0.6 v(sns2)=0.6 v(vref)=1.2 v(ibias)=0.6 v(xx1.casc)=1.8

Note: Starting dynamic gmin stepping
Note: Dynamic gmin stepping completed
Warning : IC on non-existent node - xx1.casc, ignored
   Please check line .ic v(fb)=1.0 v(sns1)=0.6 v(sns2)=0.6 v(vref)=1.2 v(ibias)=0.6 v(xx1.casc)=1.8

Note: Starting dynamic gmin stepping
Note: Dynamic gmin stepping completed
Warning : IC on non-existent node - xx1.casc, ignored
   Please check line .ic v(fb)=1.0 v(sns1)=0.6 v(sns2)=0.6 v(vref)=1.2 v(ibias)=0.6 v(xx1.casc)=1.8

Note: Starting dynamic gmin stepping
Note: Dynamic gmin stepping completed
Warning : IC on non-existent node - xx1.casc, ignored
   Please check line .ic v(fb)=1.0 v(sns1)=0.6 v(sns2)=0.6 v(vref)=1.2 v(ibias)=0.6 v(xx1.casc)=1.8

Note: Starting dynamic gmin stepping
Note: Dynamic gmin stepping completed
Warning : IC on non-existent node - xx1.casc, ignored
   Please check line .ic v(fb)=1.0 v(sns1)=0.6 v(sns2)=0.6 v(vref)=1.2 v(ibias)=0.6 v(xx1.casc)=1.8

Note: Starting dynamic gmin stepping
Note: Dynamic gmin stepping completed
Warning : IC on non-existent node - xx1.casc, ignored
   Please check line .ic v(fb)=1.0 v(sns1)=0.6 v(sns2)=0.6 v(vref)=1.2 v(ibias)=0.6 v(xx1.casc)=1.8

Note: Starting dynamic gmin stepping
Note: Dynamic gmin stepping completed
Warning : IC on non-existent node - xx1.casc, ignored
   Please check line .ic v(fb)=1.0 v(sns1)=0.6 v(sns2)=0.6 v(vref)=1.2 v(ibias)=0.6 v(xx1.casc)=1.8

Note: Starting dynamic gmin stepping
Note: Dynamic gmin stepping completed
Warning : IC on non-existent node - xx1.casc, ignored
   Please check line .ic v(fb)=1.0 v(sns1)=0.6 v(sns2)=0.6 v(vref)=1.2 v(ibias)=0.6 v(xx1.casc)=1.8

Note: Starting dynamic gmin stepping
Note: Dynamic gmin stepping completed
Warning : IC on non-existent node - xx1.casc, ignored
   Please check line .ic v(fb)=1.0 v(sns1)=0.6 v(sns2)=0.6 v(vref)=1.2 v(ibias)=0.6 v(xx1.casc)=1.8

Note: Starting dynamic gmin stepping
Note: Dynamic gmin stepping completed
Warning : IC on non-existent node - xx1.casc, ignored
   Please check line .ic v(fb)=1.0 v(sns1)=0.6 v(sns2)=0.6 v(vref)=1.2 v(ibias)=0.6 v(xx1.casc)=1.8

Note: Starting dynamic gmin stepping
Note: Dynamic gmin stepping completed
Warning : IC on non-existent node - xx1.casc, ignored
   Please check line .ic v(fb)=1.0 v(sns1)=0.6 v(sns2)=0.6 v(vref)=1.2 v(ibias)=0.6 v(xx1.casc)=1.8

Note: Starting dynamic gmin stepping
Note: Dynamic gmin stepping completed
Warning : IC on non-existent node - xx1.casc, ignored
   Please check line .ic v(fb)=1.0 v(sns1)=0.6 v(sns2)=0.6 v(vref)=1.2 v(ibias)=0.6 v(xx1.casc)=1.8

Note: Starting dynamic gmin stepping
Note: Dynamic gmin stepping completed
Warning : IC on non-existent node - xx1.casc, ignored
   Please check line .ic v(fb)=1.0 v(sns1)=0.6 v(sns2)=0.6 v(vref)=1.2 v(ibias)=0.6 v(xx1.casc)=1.8

Note: Starting dynamic gmin stepping
Note: Dynamic gmin stepping completed
Warning : IC on non-existent node - xx1.casc, ignored
   Please check line .ic v(fb)=1.0 v(sns1)=0.6 v(sns2)=0.6 v(vref)=1.2 v(ibias)=0.6 v(xx1.casc)=1.8

Note: Starting dynamic gmin stepping
Note: Dynamic gmin stepping completed
Warning : IC on non-existent node - xx1.casc, ignored
   Please check line .ic v(fb)=1.0 v(sns1)=0.6 v(sns2)=0.6 v(vref)=1.2 v(ibias)=0.6 v(xx1.casc)=1.8

Note: Starting dynamic gmin stepping
Note: Dynamic gmin stepping completed
Warning : IC on non-existent node - xx1.casc, ignored
   Please check line .ic v(fb)=1.0 v(sns1)=0.6 v(sns2)=0.6 v(vref)=1.2 v(ibias)=0.6 v(xx1.casc)=1.8

Note: Starting dynamic gmin stepping
Note: Dynamic gmin stepping completed
Warning : IC on non-existent node - xx1.casc, ignored
   Please check line .ic v(fb)=1.0 v(sns1)=0.6 v(sns2)=0.6 v(vref)=1.2 v(ibias)=0.6 v(xx1.casc)=1.8

Note: Starting dynamic gmin stepping
Note: Dynamic gmin stepping completed
Warning : IC on non-existent node - xx1.casc, ignored
   Please check line .ic v(fb)=1.0 v(sns1)=0.6 v(sns2)=0.6 v(vref)=1.2 v(ibias)=0.6 v(xx1.casc)=1.8

Note: Starting dynamic gmin stepping
Note: Dynamic gmin stepping completed
Warning : IC on non-existent node - xx1.casc, ignored
   Please check line .ic v(fb)=1.0 v(sns1)=0.6 v(sns2)=0.6 v(vref)=1.2 v(ibias)=0.6 v(xx1.casc)=1.8

Note: Starting dynamic gmin stepping
Note: Dynamic gmin stepping completed
Warning : IC on non-existent node - xx1.casc, ignored
   Please check line .ic v(fb)=1.0 v(sns1)=0.6 v(sns2)=0.6 v(vref)=1.2 v(ibias)=0.6 v(xx1.casc)=1.8

Note: Starting dynamic gmin stepping
Note: Dynamic gmin stepping completed
Warning : IC on non-existent node - xx1.casc, ignored
   Please check line .ic v(fb)=1.0 v(sns1)=0.6 v(sns2)=0.6 v(vref)=1.2 v(ibias)=0.6 v(xx1.casc)=1.8

Note: Starting dynamic gmin stepping
Note: Dynamic gmin stepping completed
Warning : IC on non-existent node - xx1.casc, ignored
   Please check line .ic v(fb)=1.0 v(sns1)=0.6 v(sns2)=0.6 v(vref)=1.2 v(ibias)=0.6 v(xx1.casc)=1.8

Note: Starting dynamic gmin stepping
Note: Dynamic gmin stepping completed
Warning : IC on non-existent node - xx1.casc, ignored
   Please check line .ic v(fb)=1.0 v(sns1)=0.6 v(sns2)=0.6 v(vref)=1.2 v(ibias)=0.6 v(xx1.casc)=1.8

Note: Starting dynamic gmin stepping
Note: Dynamic gmin stepping completed
Warning : IC on non-existent node - xx1.casc, ignored
   Please check line .ic v(fb)=1.0 v(sns1)=0.6 v(sns2)=0.6 v(vref)=1.2 v(ibias)=0.6 v(xx1.casc)=1.8

Note: Starting dynamic gmin stepping
Note: Dynamic gmin stepping completed
Warning : IC on non-existent node - xx1.casc, ignored
   Please check line .ic v(fb)=1.0 v(sns1)=0.6 v(sns2)=0.6 v(vref)=1.2 v(ibias)=0.6 v(xx1.casc)=1.8

Note: Starting dynamic gmin stepping
Note: Dynamic gmin stepping completed
Warning : IC on non-existent node - xx1.casc, ignored
   Please check line .ic v(fb)=1.0 v(sns1)=0.6 v(sns2)=0.6 v(vref)=1.2 v(ibias)=0.6 v(xx1.casc)=1.8

Note: Starting dynamic gmin stepping
Note: Dynamic gmin stepping completed
Warning : IC on non-existent node - xx1.casc, ignored
   Please check line .ic v(fb)=1.0 v(sns1)=0.6 v(sns2)=0.6 v(vref)=1.2 v(ibias)=0.6 v(xx1.casc)=1.8

Note: Starting dynamic gmin stepping
Note: Dynamic gmin stepping completed
Warning : IC on non-existent node - xx1.casc, ignored
   Please check line .ic v(fb)=1.0 v(sns1)=0.6 v(sns2)=0.6 v(vref)=1.2 v(ibias)=0.6 v(xx1.casc)=1.8

Note: Starting dynamic gmin stepping
Note: Dynamic gmin stepping completed
Warning : IC on non-existent node - xx1.casc, ignored
   Please check line .ic v(fb)=1.0 v(sns1)=0.6 v(sns2)=0.6 v(vref)=1.2 v(ibias)=0.6 v(xx1.casc)=1.8

Note: Starting dynamic gmin stepping
Note: Dynamic gmin stepping completed
Warning : IC on non-existent node - xx1.casc, ignored
   Please check line .ic v(fb)=1.0 v(sns1)=0.6 v(sns2)=0.6 v(vref)=1.2 v(ibias)=0.6 v(xx1.casc)=1.8

Note: Starting dynamic gmin stepping
Note: Dynamic gmin stepping completed
Warning : IC on non-existent node - xx1.casc, ignored
   Please check line .ic v(fb)=1.0 v(sns1)=0.6 v(sns2)=0.6 v(vref)=1.2 v(ibias)=0.6 v(xx1.casc)=1.8

Note: Starting dynamic gmin stepping
Note: Dynamic gmin stepping completed
Warning : IC on non-existent node - xx1.casc, ignored
   Please check line .ic v(fb)=1.0 v(sns1)=0.6 v(sns2)=0.6 v(vref)=1.2 v(ibias)=0.6 v(xx1.casc)=1.8

Note: Starting dynamic gmin stepping
Note: Dynamic gmin stepping completed
Warning : IC on non-existent node - xx1.casc, ignored
   Please check line .ic v(fb)=1.0 v(sns1)=0.6 v(sns2)=0.6 v(vref)=1.2 v(ibias)=0.6 v(xx1.casc)=1.8

Note: Starting dynamic gmin stepping
Note: Dynamic gmin stepping completed
Warning : IC on non-existent node - xx1.casc, ignored
   Please check line .ic v(fb)=1.0 v(sns1)=0.6 v(sns2)=0.6 v(vref)=1.2 v(ibias)=0.6 v(xx1.casc)=1.8

Note: Starting dynamic gmin stepping
Note: Dynamic gmin stepping completed
Warning : IC on non-existent node - xx1.casc, ignored
   Please check line .ic v(fb)=1.0 v(sns1)=0.6 v(sns2)=0.6 v(vref)=1.2 v(ibias)=0.6 v(xx1.casc)=1.8

Note: Starting dynamic gmin stepping
Note: Dynamic gmin stepping completed
Warning : IC on non-existent node - xx1.casc, ignored
   Please check line .ic v(fb)=1.0 v(sns1)=0.6 v(sns2)=0.6 v(vref)=1.2 v(ibias)=0.6 v(xx1.casc)=1.8

Note: Starting dynamic gmin stepping
Note: Dynamic gmin stepping completed
Warning : IC on non-existent node - xx1.casc, ignored
   Please check line .ic v(fb)=1.0 v(sns1)=0.6 v(sns2)=0.6 v(vref)=1.2 v(ibias)=0.6 v(xx1.casc)=1.8

Note: Starting dynamic gmin stepping
Note: Dynamic gmin stepping completed
Warning : IC on non-existent node - xx1.casc, ignored
   Please check line .ic v(fb)=1.0 v(sns1)=0.6 v(sns2)=0.6 v(vref)=1.2 v(ibias)=0.6 v(xx1.casc)=1.8

Note: Starting dynamic gmin stepping
Note: Dynamic gmin stepping completed
Warning : IC on non-existent node - xx1.casc, ignored
   Please check line .ic v(fb)=1.0 v(sns1)=0.6 v(sns2)=0.6 v(vref)=1.2 v(ibias)=0.6 v(xx1.casc)=1.8

Note: Starting dynamic gmin stepping
Note: Dynamic gmin stepping completed
Warning : IC on non-existent node - xx1.casc, ignored
   Please check line .ic v(fb)=1.0 v(sns1)=0.6 v(sns2)=0.6 v(vref)=1.2 v(ibias)=0.6 v(xx1.casc)=1.8

Note: Starting dynamic gmin stepping
Note: Dynamic gmin stepping completed
Warning : IC on non-existent node - xx1.casc, ignored
   Please check line .ic v(fb)=1.0 v(sns1)=0.6 v(sns2)=0.6 v(vref)=1.2 v(ibias)=0.6 v(xx1.casc)=1.8

Note: Starting dynamic gmin stepping
Note: Dynamic gmin stepping completed
Warning : IC on non-existent node - xx1.casc, ignored
   Please check line .ic v(fb)=1.0 v(sns1)=0.6 v(sns2)=0.6 v(vref)=1.2 v(ibias)=0.6 v(xx1.casc)=1.8

Note: Starting dynamic gmin stepping
Note: Dynamic gmin stepping completed
Warning : IC on non-existent node - xx1.casc, ignored
   Please check line .ic v(fb)=1.0 v(sns1)=0.6 v(sns2)=0.6 v(vref)=1.2 v(ibias)=0.6 v(xx1.casc)=1.8

Note: Starting dynamic gmin stepping
Note: Dynamic gmin stepping completed
Warning : IC on non-existent node - xx1.casc, ignored
   Please check line .ic v(fb)=1.0 v(sns1)=0.6 v(sns2)=0.6 v(vref)=1.2 v(ibias)=0.6 v(xx1.casc)=1.8

Note: Starting dynamic gmin stepping
Note: Dynamic gmin stepping completed
Warning : IC on non-existent node - xx1.casc, ignored
   Please check line .ic v(fb)=1.0 v(sns1)=0.6 v(sns2)=0.6 v(vref)=1.2 v(ibias)=0.6 v(xx1.casc)=1.8

Note: Starting dynamic gmin stepping
Note: Dynamic gmin stepping completed
Warning : IC on non-existent node - xx1.casc, ignored
   Please check line .ic v(fb)=1.0 v(sns1)=0.6 v(sns2)=0.6 v(vref)=1.2 v(ibias)=0.6 v(xx1.casc)=1.8

Note: Starting dynamic gmin stepping
Note: Dynamic gmin stepping completed
Warning : IC on non-existent node - xx1.casc, ignored
   Please check line .ic v(fb)=1.0 v(sns1)=0.6 v(sns2)=0.6 v(vref)=1.2 v(ibias)=0.6 v(xx1.casc)=1.8

Note: Starting dynamic gmin stepping
Note: Dynamic gmin stepping completed
Warning : IC on non-existent node - xx1.casc, ignored
   Please check line .ic v(fb)=1.0 v(sns1)=0.6 v(sns2)=0.6 v(vref)=1.2 v(ibias)=0.6 v(xx1.casc)=1.8

Note: Starting dynamic gmin stepping
Note: Dynamic gmin stepping completed
Warning : IC on non-existent node - xx1.casc, ignored
   Please check line .ic v(fb)=1.0 v(sns1)=0.6 v(sns2)=0.6 v(vref)=1.2 v(ibias)=0.6 v(xx1.casc)=1.8

Note: Starting dynamic gmin stepping
Note: Dynamic gmin stepping completed
Warning : IC on non-existent node - xx1.casc, ignored
   Please check line .ic v(fb)=1.0 v(sns1)=0.6 v(sns2)=0.6 v(vref)=1.2 v(ibias)=0.6 v(xx1.casc)=1.8

Note: Starting dynamic gmin stepping
Note: Dynamic gmin stepping completed
Warning : IC on non-existent node - xx1.casc, ignored
   Please check line .ic v(fb)=1.0 v(sns1)=0.6 v(sns2)=0.6 v(vref)=1.2 v(ibias)=0.6 v(xx1.casc)=1.8

Note: Starting dynamic gmin stepping
Note: Dynamic gmin stepping completed
Warning : IC on non-existent node - xx1.casc, ignored
   Please check line .ic v(fb)=1.0 v(sns1)=0.6 v(sns2)=0.6 v(vref)=1.2 v(ibias)=0.6 v(xx1.casc)=1.8

Note: Starting dynamic gmin stepping
Note: Dynamic gmin stepping completed
Warning : IC on non-existent node - xx1.casc, ignored
   Please check line .ic v(fb)=1.0 v(sns1)=0.6 v(sns2)=0.6 v(vref)=1.2 v(ibias)=0.6 v(xx1.casc)=1.8

Note: Starting dynamic gmin stepping
Note: Dynamic gmin stepping completed
Warning : IC on non-existent node - xx1.casc, ignored
   Please check line .ic v(fb)=1.0 v(sns1)=0.6 v(sns2)=0.6 v(vref)=1.2 v(ibias)=0.6 v(xx1.casc)=1.8

Note: Starting dynamic gmin stepping
Note: Dynamic gmin stepping completed
Warning : IC on non-existent node - xx1.casc, ignored
   Please check line .ic v(fb)=1.0 v(sns1)=0.6 v(sns2)=0.6 v(vref)=1.2 v(ibias)=0.6 v(xx1.casc)=1.8

Note: Starting dynamic gmin stepping
Note: Dynamic gmin stepping completed
Warning : IC on non-existent node - xx1.casc, ignored
   Please check line .ic v(fb)=1.0 v(sns1)=0.6 v(sns2)=0.6 v(vref)=1.2 v(ibias)=0.6 v(xx1.casc)=1.8

Note: Starting dynamic gmin stepping
Note: Dynamic gmin stepping completed
Warning : IC on non-existent node - xx1.casc, ignored
   Please check line .ic v(fb)=1.0 v(sns1)=0.6 v(sns2)=0.6 v(vref)=1.2 v(ibias)=0.6 v(xx1.casc)=1.8

Note: Starting dynamic gmin stepping
Note: Dynamic gmin stepping completed
Warning : IC on non-existent node - xx1.casc, ignored
   Please check line .ic v(fb)=1.0 v(sns1)=0.6 v(sns2)=0.6 v(vref)=1.2 v(ibias)=0.6 v(xx1.casc)=1.8

Note: Starting dynamic gmin stepping
Note: Dynamic gmin stepping completed
Warning : IC on non-existent node - xx1.casc, ignored
   Please check line .ic v(fb)=1.0 v(sns1)=0.6 v(sns2)=0.6 v(vref)=1.2 v(ibias)=0.6 v(xx1.casc)=1.8

Note: Starting dynamic gmin stepping
Note: Dynamic gmin stepping completed
Warning : IC on non-existent node - xx1.casc, ignored
   Please check line .ic v(fb)=1.0 v(sns1)=0.6 v(sns2)=0.6 v(vref)=1.2 v(ibias)=0.6 v(xx1.casc)=1.8

Note: Starting dynamic gmin stepping
Note: Dynamic gmin stepping completed
Warning : IC on non-existent node - xx1.casc, ignored
   Please check line .ic v(fb)=1.0 v(sns1)=0.6 v(sns2)=0.6 v(vref)=1.2 v(ibias)=0.6 v(xx1.casc)=1.8

Note: Starting dynamic gmin stepping
Note: Dynamic gmin stepping completed
Warning : IC on non-existent node - xx1.casc, ignored
   Please check line .ic v(fb)=1.0 v(sns1)=0.6 v(sns2)=0.6 v(vref)=1.2 v(ibias)=0.6 v(xx1.casc)=1.8

Note: Starting dynamic gmin stepping
Note: Dynamic gmin stepping completed
Warning : IC on non-existent node - xx1.casc, ignored
   Please check line .ic v(fb)=1.0 v(sns1)=0.6 v(sns2)=0.6 v(vref)=1.2 v(ibias)=0.6 v(xx1.casc)=1.8

Note: Starting dynamic gmin stepping
Note: Dynamic gmin stepping completed
Warning : IC on non-existent node - xx1.casc, ignored
   Please check line .ic v(fb)=1.0 v(sns1)=0.6 v(sns2)=0.6 v(vref)=1.2 v(ibias)=0.6 v(xx1.casc)=1.8

Note: Starting dynamic gmin stepping
Note: Dynamic gmin stepping completed
Warning : IC on non-existent node - xx1.casc, ignored
   Please check line .ic v(fb)=1.0 v(sns1)=0.6 v(sns2)=0.6 v(vref)=1.2 v(ibias)=0.6 v(xx1.casc)=1.8

Note: Starting dynamic gmin stepping
Note: Dynamic gmin stepping completed
Warning : IC on non-existent node - xx1.casc, ignored
   Please check line .ic v(fb)=1.0 v(sns1)=0.6 v(sns2)=0.6 v(vref)=1.2 v(ibias)=0.6 v(xx1.casc)=1.8

Note: Starting dynamic gmin stepping
Note: Dynamic gmin stepping completed
Warning : IC on non-existent node - xx1.casc, ignored
   Please check line .ic v(fb)=1.0 v(sns1)=0.6 v(sns2)=0.6 v(vref)=1.2 v(ibias)=0.6 v(xx1.casc)=1.8

Note: Starting dynamic gmin stepping
Note: Dynamic gmin stepping completed
Warning : IC on non-existent node - xx1.casc, ignored
   Please check line .ic v(fb)=1.0 v(sns1)=0.6 v(sns2)=0.6 v(vref)=1.2 v(ibias)=0.6 v(xx1.casc)=1.8

Note: Starting dynamic gmin stepping
Note: Dynamic gmin stepping completed
Warning : IC on non-existent node - xx1.casc, ignored
   Please check line .ic v(fb)=1.0 v(sns1)=0.6 v(sns2)=0.6 v(vref)=1.2 v(ibias)=0.6 v(xx1.casc)=1.8

Note: Starting dynamic gmin stepping
Note: Dynamic gmin stepping completed
Warning : IC on non-existent node - xx1.casc, ignored
   Please check line .ic v(fb)=1.0 v(sns1)=0.6 v(sns2)=0.6 v(vref)=1.2 v(ibias)=0.6 v(xx1.casc)=1.8

Note: Starting dynamic gmin stepping
Note: Dynamic gmin stepping completed
Warning : IC on non-existent node - xx1.casc, ignored
   Please check line .ic v(fb)=1.0 v(sns1)=0.6 v(sns2)=0.6 v(vref)=1.2 v(ibias)=0.6 v(xx1.casc)=1.8

Note: Starting dynamic gmin stepping
Note: Dynamic gmin stepping completed
Warning : IC on non-existent node - xx1.casc, ignored
   Please check line .ic v(fb)=1.0 v(sns1)=0.6 v(sns2)=0.6 v(vref)=1.2 v(ibias)=0.6 v(xx1.casc)=1.8

Note: Starting dynamic gmin stepping
Note: Dynamic gmin stepping completed
Warning : IC on non-existent node - xx1.casc, ignored
   Please check line .ic v(fb)=1.0 v(sns1)=0.6 v(sns2)=0.6 v(vref)=1.2 v(ibias)=0.6 v(xx1.casc)=1.8

Note: Starting dynamic gmin stepping
Note: Dynamic gmin stepping completed
Warning : IC on non-existent node - xx1.casc, ignored
   Please check line .ic v(fb)=1.0 v(sns1)=0.6 v(sns2)=0.6 v(vref)=1.2 v(ibias)=0.6 v(xx1.casc)=1.8

Note: Starting dynamic gmin stepping
Note: Dynamic gmin stepping completed
Warning : IC on non-existent node - xx1.casc, ignored
   Please check line .ic v(fb)=1.0 v(sns1)=0.6 v(sns2)=0.6 v(vref)=1.2 v(ibias)=0.6 v(xx1.casc)=1.8

Note: Starting dynamic gmin stepping
Note: Dynamic gmin stepping completed
Warning : IC on non-existent node - xx1.casc, ignored
   Please check line .ic v(fb)=1.0 v(sns1)=0.6 v(sns2)=0.6 v(vref)=1.2 v(ibias)=0.6 v(xx1.casc)=1.8

Note: Starting dynamic gmin stepping
Note: Dynamic gmin stepping completed
Warning : IC on non-existent node - xx1.casc, ignored
   Please check line .ic v(fb)=1.0 v(sns1)=0.6 v(sns2)=0.6 v(vref)=1.2 v(ibias)=0.6 v(xx1.casc)=1.8

Note: Starting dynamic gmin stepping
Note: Dynamic gmin stepping completed
Warning : IC on non-existent node - xx1.casc, ignored
   Please check line .ic v(fb)=1.0 v(sns1)=0.6 v(sns2)=0.6 v(vref)=1.2 v(ibias)=0.6 v(xx1.casc)=1.8

Note: Starting dynamic gmin stepping
Note: Dynamic gmin stepping completed
Warning : IC on non-existent node - xx1.casc, ignored
   Please check line .ic v(fb)=1.0 v(sns1)=0.6 v(sns2)=0.6 v(vref)=1.2 v(ibias)=0.6 v(xx1.casc)=1.8

Note: Starting dynamic gmin stepping
Note: Dynamic gmin stepping completed
Warning : IC on non-existent node - xx1.casc, ignored
   Please check line .ic v(fb)=1.0 v(sns1)=0.6 v(sns2)=0.6 v(vref)=1.2 v(ibias)=0.6 v(xx1.casc)=1.8

Note: Starting dynamic gmin stepping
Note: Dynamic gmin stepping completed
Warning : IC on non-existent node - xx1.casc, ignored
   Please check line .ic v(fb)=1.0 v(sns1)=0.6 v(sns2)=0.6 v(vref)=1.2 v(ibias)=0.6 v(xx1.casc)=1.8

Note: Starting dynamic gmin stepping
Note: Dynamic gmin stepping completed
Warning : IC on non-existent node - xx1.casc, ignored
   Please check line .ic v(fb)=1.0 v(sns1)=0.6 v(sns2)=0.6 v(vref)=1.2 v(ibias)=0.6 v(xx1.casc)=1.8

Note: Starting dynamic gmin stepping
Note: Dynamic gmin stepping completed
Warning : IC on non-existent node - xx1.casc, ignored
   Please check line .ic v(fb)=1.0 v(sns1)=0.6 v(sns2)=0.6 v(vref)=1.2 v(ibias)=0.6 v(xx1.casc)=1.8

Note: Starting dynamic gmin stepping
Note: Dynamic gmin stepping completed
Warning : IC on non-existent node - xx1.casc, ignored
   Please check line .ic v(fb)=1.0 v(sns1)=0.6 v(sns2)=0.6 v(vref)=1.2 v(ibias)=0.6 v(xx1.casc)=1.8

Note: Starting dynamic gmin stepping
Note: Dynamic gmin stepping completed
Warning : IC on non-existent node - xx1.casc, ignored
   Please check line .ic v(fb)=1.0 v(sns1)=0.6 v(sns2)=0.6 v(vref)=1.2 v(ibias)=0.6 v(xx1.casc)=1.8

Note: Starting dynamic gmin stepping
Note: Dynamic gmin stepping completed
Warning : IC on non-existent node - xx1.casc, ignored
   Please check line .ic v(fb)=1.0 v(sns1)=0.6 v(sns2)=0.6 v(vref)=1.2 v(ibias)=0.6 v(xx1.casc)=1.8

Note: Starting dynamic gmin stepping
Note: Dynamic gmin stepping completed
Warning : IC on non-existent node - xx1.casc, ignored
   Please check line .ic v(fb)=1.0 v(sns1)=0.6 v(sns2)=0.6 v(vref)=1.2 v(ibias)=0.6 v(xx1.casc)=1.8

Note: Starting dynamic gmin stepping
Note: Dynamic gmin stepping completed
Warning : IC on non-existent node - xx1.casc, ignored
   Please check line .ic v(fb)=1.0 v(sns1)=0.6 v(sns2)=0.6 v(vref)=1.2 v(ibias)=0.6 v(xx1.casc)=1.8

Note: Starting dynamic gmin stepping
Note: Dynamic gmin stepping completed
Warning : IC on non-existent node - xx1.casc, ignored
   Please check line .ic v(fb)=1.0 v(sns1)=0.6 v(sns2)=0.6 v(vref)=1.2 v(ibias)=0.6 v(xx1.casc)=1.8

Note: Starting dynamic gmin stepping
Note: Dynamic gmin stepping completed
Warning : IC on non-existent node - xx1.casc, ignored
   Please check line .ic v(fb)=1.0 v(sns1)=0.6 v(sns2)=0.6 v(vref)=1.2 v(ibias)=0.6 v(xx1.casc)=1.8

Note: Starting dynamic gmin stepping
Note: Dynamic gmin stepping completed
Warning : IC on non-existent node - xx1.casc, ignored
   Please check line .ic v(fb)=1.0 v(sns1)=0.6 v(sns2)=0.6 v(vref)=1.2 v(ibias)=0.6 v(xx1.casc)=1.8

Note: Starting dynamic gmin stepping
Note: Dynamic gmin stepping completed
Warning : IC on non-existent node - xx1.casc, ignored
   Please check line .ic v(fb)=1.0 v(sns1)=0.6 v(sns2)=0.6 v(vref)=1.2 v(ibias)=0.6 v(xx1.casc)=1.8

Note: Starting dynamic gmin stepping
Note: Dynamic gmin stepping completed
Warning : IC on non-existent node - xx1.casc, ignored
   Please check line .ic v(fb)=1.0 v(sns1)=0.6 v(sns2)=0.6 v(vref)=1.2 v(ibias)=0.6 v(xx1.casc)=1.8

Note: Starting dynamic gmin stepping
Note: Dynamic gmin stepping completed
Warning : IC on non-existent node - xx1.casc, ignored
   Please check line .ic v(fb)=1.0 v(sns1)=0.6 v(sns2)=0.6 v(vref)=1.2 v(ibias)=0.6 v(xx1.casc)=1.8

Note: Starting dynamic gmin stepping
Note: Dynamic gmin stepping completed
Warning : IC on non-existent node - xx1.casc, ignored
   Please check line .ic v(fb)=1.0 v(sns1)=0.6 v(sns2)=0.6 v(vref)=1.2 v(ibias)=0.6 v(xx1.casc)=1.8

Note: Starting dynamic gmin stepping
Note: Dynamic gmin stepping completed
Warning : IC on non-existent node - xx1.casc, ignored
   Please check line .ic v(fb)=1.0 v(sns1)=0.6 v(sns2)=0.6 v(vref)=1.2 v(ibias)=0.6 v(xx1.casc)=1.8

Note: Starting dynamic gmin stepping
Note: Dynamic gmin stepping completed
Warning : IC on non-existent node - xx1.casc, ignored
   Please check line .ic v(fb)=1.0 v(sns1)=0.6 v(sns2)=0.6 v(vref)=1.2 v(ibias)=0.6 v(xx1.casc)=1.8

Note: Starting dynamic gmin stepping
Note: Dynamic gmin stepping completed
Warning : IC on non-existent node - xx1.casc, ignored
   Please check line .ic v(fb)=1.0 v(sns1)=0.6 v(sns2)=0.6 v(vref)=1.2 v(ibias)=0.6 v(xx1.casc)=1.8

Note: Starting dynamic gmin stepping
Note: Dynamic gmin stepping completed
Warning : IC on non-existent node - xx1.casc, ignored
   Please check line .ic v(fb)=1.0 v(sns1)=0.6 v(sns2)=0.6 v(vref)=1.2 v(ibias)=0.6 v(xx1.casc)=1.8

Note: Starting dynamic gmin stepping
Note: Dynamic gmin stepping completed
Warning : IC on non-existent node - xx1.casc, ignored
   Please check line .ic v(fb)=1.0 v(sns1)=0.6 v(sns2)=0.6 v(vref)=1.2 v(ibias)=0.6 v(xx1.casc)=1.8

Note: Starting dynamic gmin stepping
Note: Dynamic gmin stepping completed
Warning : IC on non-existent node - xx1.casc, ignored
   Please check line .ic v(fb)=1.0 v(sns1)=0.6 v(sns2)=0.6 v(vref)=1.2 v(ibias)=0.6 v(xx1.casc)=1.8

Note: Starting dynamic gmin stepping
Note: Dynamic gmin stepping completed
Warning : IC on non-existent node - xx1.casc, ignored
   Please check line .ic v(fb)=1.0 v(sns1)=0.6 v(sns2)=0.6 v(vref)=1.2 v(ibias)=0.6 v(xx1.casc)=1.8

Note: Starting dynamic gmin stepping
Note: Dynamic gmin stepping completed
Warning : IC on non-existent node - xx1.casc, ignored
   Please check line .ic v(fb)=1.0 v(sns1)=0.6 v(sns2)=0.6 v(vref)=1.2 v(ibias)=0.6 v(xx1.casc)=1.8

Note: Starting dynamic gmin stepping
Note: Dynamic gmin stepping completed
Warning : IC on non-existent node - xx1.casc, ignored
   Please check line .ic v(fb)=1.0 v(sns1)=0.6 v(sns2)=0.6 v(vref)=1.2 v(ibias)=0.6 v(xx1.casc)=1.8

Note: Starting dynamic gmin stepping
Note: Dynamic gmin stepping completed
Warning : IC on non-existent node - xx1.casc, ignored
   Please check line .ic v(fb)=1.0 v(sns1)=0.6 v(sns2)=0.6 v(vref)=1.2 v(ibias)=0.6 v(xx1.casc)=1.8

Note: Starting dynamic gmin stepping
Note: Dynamic gmin stepping completed
Warning : IC on non-existent node - xx1.casc, ignored
   Please check line .ic v(fb)=1.0 v(sns1)=0.6 v(sns2)=0.6 v(vref)=1.2 v(ibias)=0.6 v(xx1.casc)=1.8

Note: Starting dynamic gmin stepping
Note: Dynamic gmin stepping completed
Warning : IC on non-existent node - xx1.casc, ignored
   Please check line .ic v(fb)=1.0 v(sns1)=0.6 v(sns2)=0.6 v(vref)=1.2 v(ibias)=0.6 v(xx1.casc)=1.8

Note: Starting dynamic gmin stepping
Note: Dynamic gmin stepping completed
Warning : IC on non-existent node - xx1.casc, ignored
   Please check line .ic v(fb)=1.0 v(sns1)=0.6 v(sns2)=0.6 v(vref)=1.2 v(ibias)=0.6 v(xx1.casc)=1.8

Note: Starting dynamic gmin stepping
Note: Dynamic gmin stepping completed
Warning : IC on non-existent node - xx1.casc, ignored
   Please check line .ic v(fb)=1.0 v(sns1)=0.6 v(sns2)=0.6 v(vref)=1.2 v(ibias)=0.6 v(xx1.casc)=1.8

Note: Starting dynamic gmin stepping
Note: Dynamic gmin stepping completed
Warning : IC on non-existent node - xx1.casc, ignored
   Please check line .ic v(fb)=1.0 v(sns1)=0.6 v(sns2)=0.6 v(vref)=1.2 v(ibias)=0.6 v(xx1.casc)=1.8

Note: Starting dynamic gmin stepping
Note: Dynamic gmin stepping completed
Warning : IC on non-existent node - xx1.casc, ignored
   Please check line .ic v(fb)=1.0 v(sns1)=0.6 v(sns2)=0.6 v(vref)=1.2 v(ibias)=0.6 v(xx1.casc)=1.8

Note: Starting dynamic gmin stepping
Note: Dynamic gmin stepping completed
Warning : IC on non-existent node - xx1.casc, ignored
   Please check line .ic v(fb)=1.0 v(sns1)=0.6 v(sns2)=0.6 v(vref)=1.2 v(ibias)=0.6 v(xx1.casc)=1.8

Note: Starting dynamic gmin stepping
Note: Dynamic gmin stepping completed
Warning : IC on non-existent node - xx1.casc, ignored
   Please check line .ic v(fb)=1.0 v(sns1)=0.6 v(sns2)=0.6 v(vref)=1.2 v(ibias)=0.6 v(xx1.casc)=1.8

Note: Starting dynamic gmin stepping
Note: Dynamic gmin stepping completed
Warning : IC on non-existent node - xx1.casc, ignored
   Please check line .ic v(fb)=1.0 v(sns1)=0.6 v(sns2)=0.6 v(vref)=1.2 v(ibias)=0.6 v(xx1.casc)=1.8

Note: Starting dynamic gmin stepping
Note: Dynamic gmin stepping completed
Warning : IC on non-existent node - xx1.casc, ignored
   Please check line .ic v(fb)=1.0 v(sns1)=0.6 v(sns2)=0.6 v(vref)=1.2 v(ibias)=0.6 v(xx1.casc)=1.8

Note: Starting dynamic gmin stepping
Note: Dynamic gmin stepping completed
Warning : IC on non-existent node - xx1.casc, ignored
   Please check line .ic v(fb)=1.0 v(sns1)=0.6 v(sns2)=0.6 v(vref)=1.2 v(ibias)=0.6 v(xx1.casc)=1.8

Note: Starting dynamic gmin stepping
Note: Dynamic gmin stepping completed
Warning : IC on non-existent node - xx1.casc, ignored
   Please check line .ic v(fb)=1.0 v(sns1)=0.6 v(sns2)=0.6 v(vref)=1.2 v(ibias)=0.6 v(xx1.casc)=1.8

Note: Starting dynamic gmin stepping
Note: Dynamic gmin stepping completed
Warning : IC on non-existent node - xx1.casc, ignored
   Please check line .ic v(fb)=1.0 v(sns1)=0.6 v(sns2)=0.6 v(vref)=1.2 v(ibias)=0.6 v(xx1.casc)=1.8

Note: Starting dynamic gmin stepping
Note: Dynamic gmin stepping completed
Warning : IC on non-existent node - xx1.casc, ignored
   Please check line .ic v(fb)=1.0 v(sns1)=0.6 v(sns2)=0.6 v(vref)=1.2 v(ibias)=0.6 v(xx1.casc)=1.8

Note: Starting dynamic gmin stepping
Note: Dynamic gmin stepping completed
Warning : IC on non-existent node - xx1.casc, ignored
   Please check line .ic v(fb)=1.0 v(sns1)=0.6 v(sns2)=0.6 v(vref)=1.2 v(ibias)=0.6 v(xx1.casc)=1.8

Note: Starting dynamic gmin stepping
Note: Dynamic gmin stepping completed
Warning : IC on non-existent node - xx1.casc, ignored
   Please check line .ic v(fb)=1.0 v(sns1)=0.6 v(sns2)=0.6 v(vref)=1.2 v(ibias)=0.6 v(xx1.casc)=1.8

Note: Starting dynamic gmin stepping
Note: Dynamic gmin stepping completed
Warning : IC on non-existent node - xx1.casc, ignored
   Please check line .ic v(fb)=1.0 v(sns1)=0.6 v(sns2)=0.6 v(vref)=1.2 v(ibias)=0.6 v(xx1.casc)=1.8

Note: Starting dynamic gmin stepping
Note: Dynamic gmin stepping completed
Warning : IC on non-existent node - xx1.casc, ignored
   Please check line .ic v(fb)=1.0 v(sns1)=0.6 v(sns2)=0.6 v(vref)=1.2 v(ibias)=0.6 v(xx1.casc)=1.8

Note: Starting dynamic gmin stepping
Note: Dynamic gmin stepping completed
Warning : IC on non-existent node - xx1.casc, ignored
   Please check line .ic v(fb)=1.0 v(sns1)=0.6 v(sns2)=0.6 v(vref)=1.2 v(ibias)=0.6 v(xx1.casc)=1.8

Note: Starting dynamic gmin stepping
Note: Dynamic gmin stepping completed
Warning : IC on non-existent node - xx1.casc, ignored
   Please check line .ic v(fb)=1.0 v(sns1)=0.6 v(sns2)=0.6 v(vref)=1.2 v(ibias)=0.6 v(xx1.casc)=1.8

Note: Starting dynamic gmin stepping
Note: Dynamic gmin stepping completed
Warning : IC on non-existent node - xx1.casc, ignored
   Please check line .ic v(fb)=1.0 v(sns1)=0.6 v(sns2)=0.6 v(vref)=1.2 v(ibias)=0.6 v(xx1.casc)=1.8

Note: Starting dynamic gmin stepping
Note: Dynamic gmin stepping completed
Warning : IC on non-existent node - xx1.casc, ignored
   Please check line .ic v(fb)=1.0 v(sns1)=0.6 v(sns2)=0.6 v(vref)=1.2 v(ibias)=0.6 v(xx1.casc)=1.8

Note: Starting dynamic gmin stepping
Note: Dynamic gmin stepping completed
Warning : IC on non-existent node - xx1.casc, ignored
   Please check line .ic v(fb)=1.0 v(sns1)=0.6 v(sns2)=0.6 v(vref)=1.2 v(ibias)=0.6 v(xx1.casc)=1.8

Note: Starting dynamic gmin stepping
Note: Dynamic gmin stepping completed
Warning : IC on non-existent node - xx1.casc, ignored
   Please check line .ic v(fb)=1.0 v(sns1)=0.6 v(sns2)=0.6 v(vref)=1.2 v(ibias)=0.6 v(xx1.casc)=1.8

Note: Starting dynamic gmin stepping
Note: Dynamic gmin stepping completed
Warning : IC on non-existent node - xx1.casc, ignored
   Please check line .ic v(fb)=1.0 v(sns1)=0.6 v(sns2)=0.6 v(vref)=1.2 v(ibias)=0.6 v(xx1.casc)=1.8

Note: Starting dynamic gmin stepping
Note: Dynamic gmin stepping completed
Warning : IC on non-existent node - xx1.casc, ignored
   Please check line .ic v(fb)=1.0 v(sns1)=0.6 v(sns2)=0.6 v(vref)=1.2 v(ibias)=0.6 v(xx1.casc)=1.8

Note: Starting dynamic gmin stepping
Note: Dynamic gmin stepping completed
Warning : IC on non-existent node - xx1.casc, ignored
   Please check line .ic v(fb)=1.0 v(sns1)=0.6 v(sns2)=0.6 v(vref)=1.2 v(ibias)=0.6 v(xx1.casc)=1.8

Note: Starting dynamic gmin stepping
Note: Dynamic gmin stepping completed
Warning : IC on non-existent node - xx1.casc, ignored
   Please check line .ic v(fb)=1.0 v(sns1)=0.6 v(sns2)=0.6 v(vref)=1.2 v(ibias)=0.6 v(xx1.casc)=1.8

Note: Starting dynamic gmin stepping
Note: Dynamic gmin stepping completed
Warning : IC on non-existent node - xx1.casc, ignored
   Please check line .ic v(fb)=1.0 v(sns1)=0.6 v(sns2)=0.6 v(vref)=1.2 v(ibias)=0.6 v(xx1.casc)=1.8

Note: Starting dynamic gmin stepping
Note: Dynamic gmin stepping completed
Warning : IC on non-existent node - xx1.casc, ignored
   Please check line .ic v(fb)=1.0 v(sns1)=0.6 v(sns2)=0.6 v(vref)=1.2 v(ibias)=0.6 v(xx1.casc)=1.8

Note: Starting dynamic gmin stepping
Note: Dynamic gmin stepping completed
Warning : IC on non-existent node - xx1.casc, ignored
   Please check line .ic v(fb)=1.0 v(sns1)=0.6 v(sns2)=0.6 v(vref)=1.2 v(ibias)=0.6 v(xx1.casc)=1.8

Note: Starting dynamic gmin stepping
Note: Dynamic gmin stepping completed
Warning : IC on non-existent node - xx1.casc, ignored
   Please check line .ic v(fb)=1.0 v(sns1)=0.6 v(sns2)=0.6 v(vref)=1.2 v(ibias)=0.6 v(xx1.casc)=1.8

Note: Starting dynamic gmin stepping
Note: Dynamic gmin stepping completed
Warning : IC on non-existent node - xx1.casc, ignored
   Please check line .ic v(fb)=1.0 v(sns1)=0.6 v(sns2)=0.6 v(vref)=1.2 v(ibias)=0.6 v(xx1.casc)=1.8

Note: Starting dynamic gmin stepping
Note: Dynamic gmin stepping completed
Warning : IC on non-existent node - xx1.casc, ignored
   Please check line .ic v(fb)=1.0 v(sns1)=0.6 v(sns2)=0.6 v(vref)=1.2 v(ibias)=0.6 v(xx1.casc)=1.8

Note: Starting dynamic gmin stepping
Note: Dynamic gmin stepping completed
Warning : IC on non-existent node - xx1.casc, ignored
   Please check line .ic v(fb)=1.0 v(sns1)=0.6 v(sns2)=0.6 v(vref)=1.2 v(ibias)=0.6 v(xx1.casc)=1.8

Note: Starting dynamic gmin stepping
Note: Dynamic gmin stepping completed
Warning : IC on non-existent node - xx1.casc, ignored
   Please check line .ic v(fb)=1.0 v(sns1)=0.6 v(sns2)=0.6 v(vref)=1.2 v(ibias)=0.6 v(xx1.casc)=1.8

Note: Starting dynamic gmin stepping
Note: Dynamic gmin stepping completed
Warning : IC on non-existent node - xx1.casc, ignored
   Please check line .ic v(fb)=1.0 v(sns1)=0.6 v(sns2)=0.6 v(vref)=1.2 v(ibias)=0.6 v(xx1.casc)=1.8

Note: Starting dynamic gmin stepping
Note: Dynamic gmin stepping completed
Warning : IC on non-existent node - xx1.casc, ignored
   Please check line .ic v(fb)=1.0 v(sns1)=0.6 v(sns2)=0.6 v(vref)=1.2 v(ibias)=0.6 v(xx1.casc)=1.8

Note: Starting dynamic gmin stepping
Note: Dynamic gmin stepping completed
Warning : IC on non-existent node - xx1.casc, ignored
   Please check line .ic v(fb)=1.0 v(sns1)=0.6 v(sns2)=0.6 v(vref)=1.2 v(ibias)=0.6 v(xx1.casc)=1.8

Note: Starting dynamic gmin stepping
Note: Dynamic gmin stepping completed
Warning : IC on non-existent node - xx1.casc, ignored
   Please check line .ic v(fb)=1.0 v(sns1)=0.6 v(sns2)=0.6 v(vref)=1.2 v(ibias)=0.6 v(xx1.casc)=1.8

Note: Starting dynamic gmin stepping
Note: Dynamic gmin stepping completed
Warning : IC on non-existent node - xx1.casc, ignored
   Please check line .ic v(fb)=1.0 v(sns1)=0.6 v(sns2)=0.6 v(vref)=1.2 v(ibias)=0.6 v(xx1.casc)=1.8

Note: Starting dynamic gmin stepping
Note: Dynamic gmin stepping completed
Warning : IC on non-existent node - xx1.casc, ignored
   Please check line .ic v(fb)=1.0 v(sns1)=0.6 v(sns2)=0.6 v(vref)=1.2 v(ibias)=0.6 v(xx1.casc)=1.8

Note: Starting dynamic gmin stepping
Note: Dynamic gmin stepping completed
Warning : IC on non-existent node - xx1.casc, ignored
   Please check line .ic v(fb)=1.0 v(sns1)=0.6 v(sns2)=0.6 v(vref)=1.2 v(ibias)=0.6 v(xx1.casc)=1.8

Note: Starting dynamic gmin stepping
Note: Dynamic gmin stepping completed
Warning : IC on non-existent node - xx1.casc, ignored
   Please check line .ic v(fb)=1.0 v(sns1)=0.6 v(sns2)=0.6 v(vref)=1.2 v(ibias)=0.6 v(xx1.casc)=1.8

Note: Starting dynamic gmin stepping
Note: Dynamic gmin stepping completed
Warning : IC on non-existent node - xx1.casc, ignored
   Please check line .ic v(fb)=1.0 v(sns1)=0.6 v(sns2)=0.6 v(vref)=1.2 v(ibias)=0.6 v(xx1.casc)=1.8

Note: Starting dynamic gmin stepping
Note: Dynamic gmin stepping completed
Warning : IC on non-existent node - xx1.casc, ignored
   Please check line .ic v(fb)=1.0 v(sns1)=0.6 v(sns2)=0.6 v(vref)=1.2 v(ibias)=0.6 v(xx1.casc)=1.8

Note: Starting dynamic gmin stepping
Note: Dynamic gmin stepping completed
Warning : IC on non-existent node - xx1.casc, ignored
   Please check line .ic v(fb)=1.0 v(sns1)=0.6 v(sns2)=0.6 v(vref)=1.2 v(ibias)=0.6 v(xx1.casc)=1.8

Note: Starting dynamic gmin stepping
Note: Dynamic gmin stepping completed
Warning : IC on non-existent node - xx1.casc, ignored
   Please check line .ic v(fb)=1.0 v(sns1)=0.6 v(sns2)=0.6 v(vref)=1.2 v(ibias)=0.6 v(xx1.casc)=1.8

Note: Starting dynamic gmin stepping
Note: Dynamic gmin stepping completed
Warning : IC on non-existent node - xx1.casc, ignored
   Please check line .ic v(fb)=1.0 v(sns1)=0.6 v(sns2)=0.6 v(vref)=1.2 v(ibias)=0.6 v(xx1.casc)=1.8

Note: Starting dynamic gmin stepping
Note: Dynamic gmin stepping completed
Warning : IC on non-existent node - xx1.casc, ignored
   Please check line .ic v(fb)=1.0 v(sns1)=0.6 v(sns2)=0.6 v(vref)=1.2 v(ibias)=0.6 v(xx1.casc)=1.8

Note: Starting dynamic gmin stepping
Note: Dynamic gmin stepping completed
Warning : IC on non-existent node - xx1.casc, ignored
   Please check line .ic v(fb)=1.0 v(sns1)=0.6 v(sns2)=0.6 v(vref)=1.2 v(ibias)=0.6 v(xx1.casc)=1.8

Note: Starting dynamic gmin stepping
Note: Dynamic gmin stepping completed
Warning : IC on non-existent node - xx1.casc, ignored
   Please check line .ic v(fb)=1.0 v(sns1)=0.6 v(sns2)=0.6 v(vref)=1.2 v(ibias)=0.6 v(xx1.casc)=1.8

Note: Starting dynamic gmin stepping
Note: Dynamic gmin stepping completed
Warning : IC on non-existent node - xx1.casc, ignored
   Please check line .ic v(fb)=1.0 v(sns1)=0.6 v(sns2)=0.6 v(vref)=1.2 v(ibias)=0.6 v(xx1.casc)=1.8

Note: Starting dynamic gmin stepping
Note: Dynamic gmin stepping completed
Warning : IC on non-existent node - xx1.casc, ignored
   Please check line .ic v(fb)=1.0 v(sns1)=0.6 v(sns2)=0.6 v(vref)=1.2 v(ibias)=0.6 v(xx1.casc)=1.8

Note: Starting dynamic gmin stepping
Note: Dynamic gmin stepping completed
Warning : IC on non-existent node - xx1.casc, ignored
   Please check line .ic v(fb)=1.0 v(sns1)=0.6 v(sns2)=0.6 v(vref)=1.2 v(ibias)=0.6 v(xx1.casc)=1.8

Note: Starting dynamic gmin stepping
Note: Dynamic gmin stepping completed
Warning : IC on non-existent node - xx1.casc, ignored
   Please check line .ic v(fb)=1.0 v(sns1)=0.6 v(sns2)=0.6 v(vref)=1.2 v(ibias)=0.6 v(xx1.casc)=1.8

Note: Starting dynamic gmin stepping
Note: Dynamic gmin stepping completed
Warning : IC on non-existent node - xx1.casc, ignored
   Please check line .ic v(fb)=1.0 v(sns1)=0.6 v(sns2)=0.6 v(vref)=1.2 v(ibias)=0.6 v(xx1.casc)=1.8

Note: Starting dynamic gmin stepping
Note: Dynamic gmin stepping completed
Warning : IC on non-existent node - xx1.casc, ignored
   Please check line .ic v(fb)=1.0 v(sns1)=0.6 v(sns2)=0.6 v(vref)=1.2 v(ibias)=0.6 v(xx1.casc)=1.8

Note: Starting dynamic gmin stepping
Note: Dynamic gmin stepping completed
Warning : IC on non-existent node - xx1.casc, ignored
   Please check line .ic v(fb)=1.0 v(sns1)=0.6 v(sns2)=0.6 v(vref)=1.2 v(ibias)=0.6 v(xx1.casc)=1.8

Note: Starting dynamic gmin stepping
Note: Dynamic gmin stepping completed
Warning : IC on non-existent node - xx1.casc, ignored
   Please check line .ic v(fb)=1.0 v(sns1)=0.6 v(sns2)=0.6 v(vref)=1.2 v(ibias)=0.6 v(xx1.casc)=1.8

Note: Starting dynamic gmin stepping
Note: Dynamic gmin stepping completed
Warning : IC on non-existent node - xx1.casc, ignored
   Please check line .ic v(fb)=1.0 v(sns1)=0.6 v(sns2)=0.6 v(vref)=1.2 v(ibias)=0.6 v(xx1.casc)=1.8

Note: Starting dynamic gmin stepping
Note: Dynamic gmin stepping completed
Warning : IC on non-existent node - xx1.casc, ignored
   Please check line .ic v(fb)=1.0 v(sns1)=0.6 v(sns2)=0.6 v(vref)=1.2 v(ibias)=0.6 v(xx1.casc)=1.8

Note: Starting dynamic gmin stepping
Note: Dynamic gmin stepping completed
Warning : IC on non-existent node - xx1.casc, ignored
   Please check line .ic v(fb)=1.0 v(sns1)=0.6 v(sns2)=0.6 v(vref)=1.2 v(ibias)=0.6 v(xx1.casc)=1.8

Note: Starting dynamic gmin stepping
Note: Dynamic gmin stepping completed
Warning : IC on non-existent node - xx1.casc, ignored
   Please check line .ic v(fb)=1.0 v(sns1)=0.6 v(sns2)=0.6 v(vref)=1.2 v(ibias)=0.6 v(xx1.casc)=1.8

Note: Starting dynamic gmin stepping
Note: Dynamic gmin stepping completed
Warning : IC on non-existent node - xx1.casc, ignored
   Please check line .ic v(fb)=1.0 v(sns1)=0.6 v(sns2)=0.6 v(vref)=1.2 v(ibias)=0.6 v(xx1.casc)=1.8

Note: Starting dynamic gmin stepping
Note: Dynamic gmin stepping completed
Warning : IC on non-existent node - xx1.casc, ignored
   Please check line .ic v(fb)=1.0 v(sns1)=0.6 v(sns2)=0.6 v(vref)=1.2 v(ibias)=0.6 v(xx1.casc)=1.8

Note: Starting dynamic gmin stepping
Note: Dynamic gmin stepping completed
Warning : IC on non-existent node - xx1.casc, ignored
   Please check line .ic v(fb)=1.0 v(sns1)=0.6 v(sns2)=0.6 v(vref)=1.2 v(ibias)=0.6 v(xx1.casc)=1.8

Note: Starting dynamic gmin stepping
Note: Dynamic gmin stepping completed
Warning : IC on non-existent node - xx1.casc, ignored
   Please check line .ic v(fb)=1.0 v(sns1)=0.6 v(sns2)=0.6 v(vref)=1.2 v(ibias)=0.6 v(xx1.casc)=1.8

Note: Starting dynamic gmin stepping
Note: Dynamic gmin stepping completed
Warning : IC on non-existent node - xx1.casc, ignored
   Please check line .ic v(fb)=1.0 v(sns1)=0.6 v(sns2)=0.6 v(vref)=1.2 v(ibias)=0.6 v(xx1.casc)=1.8

Note: Starting dynamic gmin stepping
Note: Dynamic gmin stepping completed
Warning : IC on non-existent node - xx1.casc, ignored
   Please check line .ic v(fb)=1.0 v(sns1)=0.6 v(sns2)=0.6 v(vref)=1.2 v(ibias)=0.6 v(xx1.casc)=1.8

Note: Starting dynamic gmin stepping
Note: Dynamic gmin stepping completed
Warning : IC on non-existent node - xx1.casc, ignored
   Please check line .ic v(fb)=1.0 v(sns1)=0.6 v(sns2)=0.6 v(vref)=1.2 v(ibias)=0.6 v(xx1.casc)=1.8

Note: Starting dynamic gmin stepping
Note: Dynamic gmin stepping completed
Warning : IC on non-existent node - xx1.casc, ignored
   Please check line .ic v(fb)=1.0 v(sns1)=0.6 v(sns2)=0.6 v(vref)=1.2 v(ibias)=0.6 v(xx1.casc)=1.8

Note: Starting dynamic gmin stepping
Note: Dynamic gmin stepping completed
Warning : IC on non-existent node - xx1.casc, ignored
   Please check line .ic v(fb)=1.0 v(sns1)=0.6 v(sns2)=0.6 v(vref)=1.2 v(ibias)=0.6 v(xx1.casc)=1.8

Note: Starting dynamic gmin stepping
Note: Dynamic gmin stepping completed
Warning : IC on non-existent node - xx1.casc, ignored
   Please check line .ic v(fb)=1.0 v(sns1)=0.6 v(sns2)=0.6 v(vref)=1.2 v(ibias)=0.6 v(xx1.casc)=1.8

Note: Starting dynamic gmin stepping
Note: Dynamic gmin stepping completed
Warning : IC on non-existent node - xx1.casc, ignored
   Please check line .ic v(fb)=1.0 v(sns1)=0.6 v(sns2)=0.6 v(vref)=1.2 v(ibias)=0.6 v(xx1.casc)=1.8

Note: Starting dynamic gmin stepping
Note: Dynamic gmin stepping completed
Warning : IC on non-existent node - xx1.casc, ignored
   Please check line .ic v(fb)=1.0 v(sns1)=0.6 v(sns2)=0.6 v(vref)=1.2 v(ibias)=0.6 v(xx1.casc)=1.8

Note: Starting dynamic gmin stepping
Note: Dynamic gmin stepping completed
Warning : IC on non-existent node - xx1.casc, ignored
   Please check line .ic v(fb)=1.0 v(sns1)=0.6 v(sns2)=0.6 v(vref)=1.2 v(ibias)=0.6 v(xx1.casc)=1.8

Note: Starting dynamic gmin stepping
Note: Dynamic gmin stepping completed
Warning : IC on non-existent node - xx1.casc, ignored
   Please check line .ic v(fb)=1.0 v(sns1)=0.6 v(sns2)=0.6 v(vref)=1.2 v(ibias)=0.6 v(xx1.casc)=1.8

Note: Starting dynamic gmin stepping
Note: Dynamic gmin stepping completed
Warning : IC on non-existent node - xx1.casc, ignored
   Please check line .ic v(fb)=1.0 v(sns1)=0.6 v(sns2)=0.6 v(vref)=1.2 v(ibias)=0.6 v(xx1.casc)=1.8

Note: Starting dynamic gmin stepping
Note: Dynamic gmin stepping completed
Warning : IC on non-existent node - xx1.casc, ignored
   Please check line .ic v(fb)=1.0 v(sns1)=0.6 v(sns2)=0.6 v(vref)=1.2 v(ibias)=0.6 v(xx1.casc)=1.8

Note: Starting dynamic gmin stepping
Note: Dynamic gmin stepping completed
Warning : IC on non-existent node - xx1.casc, ignored
   Please check line .ic v(fb)=1.0 v(sns1)=0.6 v(sns2)=0.6 v(vref)=1.2 v(ibias)=0.6 v(xx1.casc)=1.8

Note: Starting dynamic gmin stepping
Note: Dynamic gmin stepping completed
Warning : IC on non-existent node - xx1.casc, ignored
   Please check line .ic v(fb)=1.0 v(sns1)=0.6 v(sns2)=0.6 v(vref)=1.2 v(ibias)=0.6 v(xx1.casc)=1.8

Note: Starting dynamic gmin stepping
Note: Dynamic gmin stepping completed
Warning : IC on non-existent node - xx1.casc, ignored
   Please check line .ic v(fb)=1.0 v(sns1)=0.6 v(sns2)=0.6 v(vref)=1.2 v(ibias)=0.6 v(xx1.casc)=1.8

Note: Starting dynamic gmin stepping
Note: Dynamic gmin stepping completed
Warning : IC on non-existent node - xx1.casc, ignored
   Please check line .ic v(fb)=1.0 v(sns1)=0.6 v(sns2)=0.6 v(vref)=1.2 v(ibias)=0.6 v(xx1.casc)=1.8

Note: Starting dynamic gmin stepping
Note: Dynamic gmin stepping completed
Warning : IC on non-existent node - xx1.casc, ignored
   Please check line .ic v(fb)=1.0 v(sns1)=0.6 v(sns2)=0.6 v(vref)=1.2 v(ibias)=0.6 v(xx1.casc)=1.8

Note: Starting dynamic gmin stepping
Note: Dynamic gmin stepping completed
Warning : IC on non-existent node - xx1.casc, ignored
   Please check line .ic v(fb)=1.0 v(sns1)=0.6 v(sns2)=0.6 v(vref)=1.2 v(ibias)=0.6 v(xx1.casc)=1.8

Note: Starting dynamic gmin stepping
Note: Dynamic gmin stepping completed
Warning : IC on non-existent node - xx1.casc, ignored
   Please check line .ic v(fb)=1.0 v(sns1)=0.6 v(sns2)=0.6 v(vref)=1.2 v(ibias)=0.6 v(xx1.casc)=1.8

Note: Starting dynamic gmin stepping
Note: Dynamic gmin stepping completed
Warning : IC on non-existent node - xx1.casc, ignored
   Please check line .ic v(fb)=1.0 v(sns1)=0.6 v(sns2)=0.6 v(vref)=1.2 v(ibias)=0.6 v(xx1.casc)=1.8

Note: Starting dynamic gmin stepping
Note: Dynamic gmin stepping completed
Warning : IC on non-existent node - xx1.casc, ignored
   Please check line .ic v(fb)=1.0 v(sns1)=0.6 v(sns2)=0.6 v(vref)=1.2 v(ibias)=0.6 v(xx1.casc)=1.8

Note: Starting dynamic gmin stepping
Note: Dynamic gmin stepping completed
Warning : IC on non-existent node - xx1.casc, ignored
   Please check line .ic v(fb)=1.0 v(sns1)=0.6 v(sns2)=0.6 v(vref)=1.2 v(ibias)=0.6 v(xx1.casc)=1.8

Note: Starting dynamic gmin stepping
Note: Dynamic gmin stepping completed
Warning : IC on non-existent node - xx1.casc, ignored
   Please check line .ic v(fb)=1.0 v(sns1)=0.6 v(sns2)=0.6 v(vref)=1.2 v(ibias)=0.6 v(xx1.casc)=1.8

Note: Starting dynamic gmin stepping
Note: Dynamic gmin stepping completed
Warning : IC on non-existent node - xx1.casc, ignored
   Please check line .ic v(fb)=1.0 v(sns1)=0.6 v(sns2)=0.6 v(vref)=1.2 v(ibias)=0.6 v(xx1.casc)=1.8

Note: Starting dynamic gmin stepping
Note: Dynamic gmin stepping completed
Warning : IC on non-existent node - xx1.casc, ignored
   Please check line .ic v(fb)=1.0 v(sns1)=0.6 v(sns2)=0.6 v(vref)=1.2 v(ibias)=0.6 v(xx1.casc)=1.8

Note: Starting dynamic gmin stepping
Note: Dynamic gmin stepping completed
Warning : IC on non-existent node - xx1.casc, ignored
   Please check line .ic v(fb)=1.0 v(sns1)=0.6 v(sns2)=0.6 v(vref)=1.2 v(ibias)=0.6 v(xx1.casc)=1.8

Note: Starting dynamic gmin stepping
Note: Dynamic gmin stepping completed
Warning : IC on non-existent node - xx1.casc, ignored
   Please check line .ic v(fb)=1.0 v(sns1)=0.6 v(sns2)=0.6 v(vref)=1.2 v(ibias)=0.6 v(xx1.casc)=1.8

Note: Starting dynamic gmin stepping
Note: Dynamic gmin stepping completed
Warning : IC on non-existent node - xx1.casc, ignored
   Please check line .ic v(fb)=1.0 v(sns1)=0.6 v(sns2)=0.6 v(vref)=1.2 v(ibias)=0.6 v(xx1.casc)=1.8

Note: Starting dynamic gmin stepping
Note: Dynamic gmin stepping completed
Warning : IC on non-existent node - xx1.casc, ignored
   Please check line .ic v(fb)=1.0 v(sns1)=0.6 v(sns2)=0.6 v(vref)=1.2 v(ibias)=0.6 v(xx1.casc)=1.8

Note: Starting dynamic gmin stepping
Note: Dynamic gmin stepping completed
Warning : IC on non-existent node - xx1.casc, ignored
   Please check line .ic v(fb)=1.0 v(sns1)=0.6 v(sns2)=0.6 v(vref)=1.2 v(ibias)=0.6 v(xx1.casc)=1.8

Note: Starting dynamic gmin stepping
Note: Dynamic gmin stepping completed
Warning : IC on non-existent node - xx1.casc, ignored
   Please check line .ic v(fb)=1.0 v(sns1)=0.6 v(sns2)=0.6 v(vref)=1.2 v(ibias)=0.6 v(xx1.casc)=1.8

Note: Starting dynamic gmin stepping
Note: Dynamic gmin stepping completed
Warning : IC on non-existent node - xx1.casc, ignored
   Please check line .ic v(fb)=1.0 v(sns1)=0.6 v(sns2)=0.6 v(vref)=1.2 v(ibias)=0.6 v(xx1.casc)=1.8

Note: Starting dynamic gmin stepping
Note: Dynamic gmin stepping completed
Warning : IC on non-existent node - xx1.casc, ignored
   Please check line .ic v(fb)=1.0 v(sns1)=0.6 v(sns2)=0.6 v(vref)=1.2 v(ibias)=0.6 v(xx1.casc)=1.8

Note: Starting dynamic gmin stepping
Note: Dynamic gmin stepping completed
Warning : IC on non-existent node - xx1.casc, ignored
   Please check line .ic v(fb)=1.0 v(sns1)=0.6 v(sns2)=0.6 v(vref)=1.2 v(ibias)=0.6 v(xx1.casc)=1.8

Note: Starting dynamic gmin stepping
Note: Dynamic gmin stepping completed
Warning : IC on non-existent node - xx1.casc, ignored
   Please check line .ic v(fb)=1.0 v(sns1)=0.6 v(sns2)=0.6 v(vref)=1.2 v(ibias)=0.6 v(xx1.casc)=1.8

Note: Starting dynamic gmin stepping
Note: Dynamic gmin stepping completed
Warning : IC on non-existent node - xx1.casc, ignored
   Please check line .ic v(fb)=1.0 v(sns1)=0.6 v(sns2)=0.6 v(vref)=1.2 v(ibias)=0.6 v(xx1.casc)=1.8

Note: Starting dynamic gmin stepping
Note: Dynamic gmin stepping completed
Warning : IC on non-existent node - xx1.casc, ignored
   Please check line .ic v(fb)=1.0 v(sns1)=0.6 v(sns2)=0.6 v(vref)=1.2 v(ibias)=0.6 v(xx1.casc)=1.8

Note: Starting dynamic gmin stepping
Note: Dynamic gmin stepping completed
Warning : IC on non-existent node - xx1.casc, ignored
   Please check line .ic v(fb)=1.0 v(sns1)=0.6 v(sns2)=0.6 v(vref)=1.2 v(ibias)=0.6 v(xx1.casc)=1.8

Note: Starting dynamic gmin stepping
Note: Dynamic gmin stepping completed
Warning : IC on non-existent node - xx1.casc, ignored
   Please check line .ic v(fb)=1.0 v(sns1)=0.6 v(sns2)=0.6 v(vref)=1.2 v(ibias)=0.6 v(xx1.casc)=1.8

Note: Starting dynamic gmin stepping
Note: Dynamic gmin stepping completed
Warning : IC on non-existent node - xx1.casc, ignored
   Please check line .ic v(fb)=1.0 v(sns1)=0.6 v(sns2)=0.6 v(vref)=1.2 v(ibias)=0.6 v(xx1.casc)=1.8

Note: Starting dynamic gmin stepping
Note: Dynamic gmin stepping completed
Warning : IC on non-existent node - xx1.casc, ignored
   Please check line .ic v(fb)=1.0 v(sns1)=0.6 v(sns2)=0.6 v(vref)=1.2 v(ibias)=0.6 v(xx1.casc)=1.8

Note: Starting dynamic gmin stepping
Note: Dynamic gmin stepping completed
Warning : IC on non-existent node - xx1.casc, ignored
   Please check line .ic v(fb)=1.0 v(sns1)=0.6 v(sns2)=0.6 v(vref)=1.2 v(ibias)=0.6 v(xx1.casc)=1.8

Note: Starting dynamic gmin stepping
Note: Dynamic gmin stepping completed
Warning : IC on non-existent node - xx1.casc, ignored
   Please check line .ic v(fb)=1.0 v(sns1)=0.6 v(sns2)=0.6 v(vref)=1.2 v(ibias)=0.6 v(xx1.casc)=1.8

Note: Starting dynamic gmin stepping
Note: Dynamic gmin stepping completed
Warning : IC on non-existent node - xx1.casc, ignored
   Please check line .ic v(fb)=1.0 v(sns1)=0.6 v(sns2)=0.6 v(vref)=1.2 v(ibias)=0.6 v(xx1.casc)=1.8

Note: Starting dynamic gmin stepping
Note: Dynamic gmin stepping completed
Warning : IC on non-existent node - xx1.casc, ignored
   Please check line .ic v(fb)=1.0 v(sns1)=0.6 v(sns2)=0.6 v(vref)=1.2 v(ibias)=0.6 v(xx1.casc)=1.8

Note: Starting dynamic gmin stepping
Note: Dynamic gmin stepping completed
Warning : IC on non-existent node - xx1.casc, ignored
   Please check line .ic v(fb)=1.0 v(sns1)=0.6 v(sns2)=0.6 v(vref)=1.2 v(ibias)=0.6 v(xx1.casc)=1.8

Note: Starting dynamic gmin stepping
Note: Dynamic gmin stepping completed
Warning : IC on non-existent node - xx1.casc, ignored
   Please check line .ic v(fb)=1.0 v(sns1)=0.6 v(sns2)=0.6 v(vref)=1.2 v(ibias)=0.6 v(xx1.casc)=1.8

Note: Starting dynamic gmin stepping
Note: Dynamic gmin stepping completed
Warning : IC on non-existent node - xx1.casc, ignored
   Please check line .ic v(fb)=1.0 v(sns1)=0.6 v(sns2)=0.6 v(vref)=1.2 v(ibias)=0.6 v(xx1.casc)=1.8

Note: Starting dynamic gmin stepping
Note: Dynamic gmin stepping completed
Warning : IC on non-existent node - xx1.casc, ignored
   Please check line .ic v(fb)=1.0 v(sns1)=0.6 v(sns2)=0.6 v(vref)=1.2 v(ibias)=0.6 v(xx1.casc)=1.8

Note: Starting dynamic gmin stepping
Note: Dynamic gmin stepping completed
Warning : IC on non-existent node - xx1.casc, ignored
   Please check line .ic v(fb)=1.0 v(sns1)=0.6 v(sns2)=0.6 v(vref)=1.2 v(ibias)=0.6 v(xx1.casc)=1.8

Note: Starting dynamic gmin stepping
Note: Dynamic gmin stepping completed
Warning : IC on non-existent node - xx1.casc, ignored
   Please check line .ic v(fb)=1.0 v(sns1)=0.6 v(sns2)=0.6 v(vref)=1.2 v(ibias)=0.6 v(xx1.casc)=1.8

Note: Starting dynamic gmin stepping
Note: Dynamic gmin stepping completed
Warning : IC on non-existent node - xx1.casc, ignored
   Please check line .ic v(fb)=1.0 v(sns1)=0.6 v(sns2)=0.6 v(vref)=1.2 v(ibias)=0.6 v(xx1.casc)=1.8

Note: Starting dynamic gmin stepping
Note: Dynamic gmin stepping completed
Warning : IC on non-existent node - xx1.casc, ignored
   Please check line .ic v(fb)=1.0 v(sns1)=0.6 v(sns2)=0.6 v(vref)=1.2 v(ibias)=0.6 v(xx1.casc)=1.8

Note: Starting dynamic gmin stepping
Note: Dynamic gmin stepping completed
Warning : IC on non-existent node - xx1.casc, ignored
   Please check line .ic v(fb)=1.0 v(sns1)=0.6 v(sns2)=0.6 v(vref)=1.2 v(ibias)=0.6 v(xx1.casc)=1.8

Note: Starting dynamic gmin stepping
Note: Dynamic gmin stepping completed
Warning : IC on non-existent node - xx1.casc, ignored
   Please check line .ic v(fb)=1.0 v(sns1)=0.6 v(sns2)=0.6 v(vref)=1.2 v(ibias)=0.6 v(xx1.casc)=1.8

Warning : IC on non-existent node - xx1.casc, ignored
   Please check line .ic v(fb)=1.0 v(sns1)=0.6 v(sns2)=0.6 v(vref)=1.2 v(ibias)=0.6 v(xx1.casc)=1.8

Note: Starting dynamic gmin stepping
Note: Dynamic gmin stepping completed
Warning : IC on non-existent node - xx1.casc, ignored
   Please check line .ic v(fb)=1.0 v(sns1)=0.6 v(sns2)=0.6 v(vref)=1.2 v(ibias)=0.6 v(xx1.casc)=1.8

Note: Starting dynamic gmin stepping
Note: Dynamic gmin stepping completed
Warning : IC on non-existent node - xx1.casc, ignored
   Please check line .ic v(fb)=1.0 v(sns1)=0.6 v(sns2)=0.6 v(vref)=1.2 v(ibias)=0.6 v(xx1.casc)=1.8

Note: Starting dynamic gmin stepping
Note: Dynamic gmin stepping completed
Warning : IC on non-existent node - xx1.casc, ignored
   Please check line .ic v(fb)=1.0 v(sns1)=0.6 v(sns2)=0.6 v(vref)=1.2 v(ibias)=0.6 v(xx1.casc)=1.8

Note: Starting dynamic gmin stepping
Note: Dynamic gmin stepping completed
Warning : IC on non-existent node - xx1.casc, ignored
   Please check line .ic v(fb)=1.0 v(sns1)=0.6 v(sns2)=0.6 v(vref)=1.2 v(ibias)=0.6 v(xx1.casc)=1.8

Note: Starting dynamic gmin stepping
Note: Dynamic gmin stepping completed
Warning : IC on non-existent node - xx1.casc, ignored
   Please check line .ic v(fb)=1.0 v(sns1)=0.6 v(sns2)=0.6 v(vref)=1.2 v(ibias)=0.6 v(xx1.casc)=1.8

Note: Starting dynamic gmin stepping
Note: Dynamic gmin stepping completed
Warning : IC on non-existent node - xx1.casc, ignored
   Please check line .ic v(fb)=1.0 v(sns1)=0.6 v(sns2)=0.6 v(vref)=1.2 v(ibias)=0.6 v(xx1.casc)=1.8

Note: Starting dynamic gmin stepping
Note: Dynamic gmin stepping completed
Warning : IC on non-existent node - xx1.casc, ignored
   Please check line .ic v(fb)=1.0 v(sns1)=0.6 v(sns2)=0.6 v(vref)=1.2 v(ibias)=0.6 v(xx1.casc)=1.8

Note: Starting dynamic gmin stepping
Note: Dynamic gmin stepping completed
Warning : IC on non-existent node - xx1.casc, ignored
   Please check line .ic v(fb)=1.0 v(sns1)=0.6 v(sns2)=0.6 v(vref)=1.2 v(ibias)=0.6 v(xx1.casc)=1.8

Note: Starting dynamic gmin stepping
Note: Dynamic gmin stepping completed
Warning : IC on non-existent node - xx1.casc, ignored
   Please check line .ic v(fb)=1.0 v(sns1)=0.6 v(sns2)=0.6 v(vref)=1.2 v(ibias)=0.6 v(xx1.casc)=1.8

Note: Starting dynamic gmin stepping
Note: Dynamic gmin stepping completed
Warning : IC on non-existent node - xx1.casc, ignored
   Please check line .ic v(fb)=1.0 v(sns1)=0.6 v(sns2)=0.6 v(vref)=1.2 v(ibias)=0.6 v(xx1.casc)=1.8

Note: Starting dynamic gmin stepping
Note: Dynamic gmin stepping completed
Warning : IC on non-existent node - xx1.casc, ignored
   Please check line .ic v(fb)=1.0 v(sns1)=0.6 v(sns2)=0.6 v(vref)=1.2 v(ibias)=0.6 v(xx1.casc)=1.8

Note: Starting dynamic gmin stepping
Note: Dynamic gmin stepping completed
Warning : IC on non-existent node - xx1.casc, ignored
   Please check line .ic v(fb)=1.0 v(sns1)=0.6 v(sns2)=0.6 v(vref)=1.2 v(ibias)=0.6 v(xx1.casc)=1.8

Note: Starting dynamic gmin stepping
Note: Dynamic gmin stepping completed
Warning : IC on non-existent node - xx1.casc, ignored
   Please check line .ic v(fb)=1.0 v(sns1)=0.6 v(sns2)=0.6 v(vref)=1.2 v(ibias)=0.6 v(xx1.casc)=1.8

Note: Starting dynamic gmin stepping
Note: Dynamic gmin stepping completed
Warning : IC on non-existent node - xx1.casc, ignored
   Please check line .ic v(fb)=1.0 v(sns1)=0.6 v(sns2)=0.6 v(vref)=1.2 v(ibias)=0.6 v(xx1.casc)=1.8

Note: Starting dynamic gmin stepping
Note: Dynamic gmin stepping completed
Warning : IC on non-existent node - xx1.casc, ignored
   Please check line .ic v(fb)=1.0 v(sns1)=0.6 v(sns2)=0.6 v(vref)=1.2 v(ibias)=0.6 v(xx1.casc)=1.8

Note: Starting dynamic gmin stepping
Note: Dynamic gmin stepping completed
Warning : IC on non-existent node - xx1.casc, ignored
   Please check line .ic v(fb)=1.0 v(sns1)=0.6 v(sns2)=0.6 v(vref)=1.2 v(ibias)=0.6 v(xx1.casc)=1.8

Note: Starting dynamic gmin stepping
Note: Dynamic gmin stepping completed
Warning : IC on non-existent node - xx1.casc, ignored
   Please check line .ic v(fb)=1.0 v(sns1)=0.6 v(sns2)=0.6 v(vref)=1.2 v(ibias)=0.6 v(xx1.casc)=1.8

Note: Starting dynamic gmin stepping
Note: Dynamic gmin stepping completed
Warning : IC on non-existent node - xx1.casc, ignored
   Please check line .ic v(fb)=1.0 v(sns1)=0.6 v(sns2)=0.6 v(vref)=1.2 v(ibias)=0.6 v(xx1.casc)=1.8

Note: Starting dynamic gmin stepping
Note: Dynamic gmin stepping completed
Warning : IC on non-existent node - xx1.casc, ignored
   Please check line .ic v(fb)=1.0 v(sns1)=0.6 v(sns2)=0.6 v(vref)=1.2 v(ibias)=0.6 v(xx1.casc)=1.8

Note: Starting dynamic gmin stepping
Note: Dynamic gmin stepping completed
Warning : IC on non-existent node - xx1.casc, ignored
   Please check line .ic v(fb)=1.0 v(sns1)=0.6 v(sns2)=0.6 v(vref)=1.2 v(ibias)=0.6 v(xx1.casc)=1.8

Note: Starting dynamic gmin stepping
Note: Dynamic gmin stepping completed
Warning : IC on non-existent node - xx1.casc, ignored
   Please check line .ic v(fb)=1.0 v(sns1)=0.6 v(sns2)=0.6 v(vref)=1.2 v(ibias)=0.6 v(xx1.casc)=1.8

Note: Starting dynamic gmin stepping
Note: Dynamic gmin stepping completed
Warning : IC on non-existent node - xx1.casc, ignored
   Please check line .ic v(fb)=1.0 v(sns1)=0.6 v(sns2)=0.6 v(vref)=1.2 v(ibias)=0.6 v(xx1.casc)=1.8

Note: Starting dynamic gmin stepping
Note: Dynamic gmin stepping completed
Warning : IC on non-existent node - xx1.casc, ignored
   Please check line .ic v(fb)=1.0 v(sns1)=0.6 v(sns2)=0.6 v(vref)=1.2 v(ibias)=0.6 v(xx1.casc)=1.8

Note: Starting dynamic gmin stepping
Note: Dynamic gmin stepping completed
Warning : IC on non-existent node - xx1.casc, ignored
   Please check line .ic v(fb)=1.0 v(sns1)=0.6 v(sns2)=0.6 v(vref)=1.2 v(ibias)=0.6 v(xx1.casc)=1.8

Note: Starting dynamic gmin stepping
Note: Dynamic gmin stepping completed
Warning : IC on non-existent node - xx1.casc, ignored
   Please check line .ic v(fb)=1.0 v(sns1)=0.6 v(sns2)=0.6 v(vref)=1.2 v(ibias)=0.6 v(xx1.casc)=1.8

Note: Starting dynamic gmin stepping
Note: Dynamic gmin stepping completed
Warning : IC on non-existent node - xx1.casc, ignored
   Please check line .ic v(fb)=1.0 v(sns1)=0.6 v(sns2)=0.6 v(vref)=1.2 v(ibias)=0.6 v(xx1.casc)=1.8

Note: Starting dynamic gmin stepping
Note: Dynamic gmin stepping completed
Warning : IC on non-existent node - xx1.casc, ignored
   Please check line .ic v(fb)=1.0 v(sns1)=0.6 v(sns2)=0.6 v(vref)=1.2 v(ibias)=0.6 v(xx1.casc)=1.8

Note: Starting dynamic gmin stepping
Note: Dynamic gmin stepping completed
Warning : IC on non-existent node - xx1.casc, ignored
   Please check line .ic v(fb)=1.0 v(sns1)=0.6 v(sns2)=0.6 v(vref)=1.2 v(ibias)=0.6 v(xx1.casc)=1.8

Note: Starting dynamic gmin stepping
Note: Dynamic gmin stepping completed
Warning : IC on non-existent node - xx1.casc, ignored
   Please check line .ic v(fb)=1.0 v(sns1)=0.6 v(sns2)=0.6 v(vref)=1.2 v(ibias)=0.6 v(xx1.casc)=1.8

Note: Starting dynamic gmin stepping
Note: Dynamic gmin stepping completed
Warning : IC on non-existent node - xx1.casc, ignored
   Please check line .ic v(fb)=1.0 v(sns1)=0.6 v(sns2)=0.6 v(vref)=1.2 v(ibias)=0.6 v(xx1.casc)=1.8

Note: Starting dynamic gmin stepping
Note: Dynamic gmin stepping completed
Warning : IC on non-existent node - xx1.casc, ignored
   Please check line .ic v(fb)=1.0 v(sns1)=0.6 v(sns2)=0.6 v(vref)=1.2 v(ibias)=0.6 v(xx1.casc)=1.8

Note: Starting dynamic gmin stepping
Note: Dynamic gmin stepping completed
Warning : IC on non-existent node - xx1.casc, ignored
   Please check line .ic v(fb)=1.0 v(sns1)=0.6 v(sns2)=0.6 v(vref)=1.2 v(ibias)=0.6 v(xx1.casc)=1.8

Note: Starting dynamic gmin stepping
Note: Dynamic gmin stepping completed
Warning : IC on non-existent node - xx1.casc, ignored
   Please check line .ic v(fb)=1.0 v(sns1)=0.6 v(sns2)=0.6 v(vref)=1.2 v(ibias)=0.6 v(xx1.casc)=1.8

Note: Starting dynamic gmin stepping
Note: Dynamic gmin stepping completed
Warning : IC on non-existent node - xx1.casc, ignored
   Please check line .ic v(fb)=1.0 v(sns1)=0.6 v(sns2)=0.6 v(vref)=1.2 v(ibias)=0.6 v(xx1.casc)=1.8

Note: Starting dynamic gmin stepping
Note: Dynamic gmin stepping completed
Warning : IC on non-existent node - xx1.casc, ignored
   Please check line .ic v(fb)=1.0 v(sns1)=0.6 v(sns2)=0.6 v(vref)=1.2 v(ibias)=0.6 v(xx1.casc)=1.8

Note: Starting dynamic gmin stepping
Note: Dynamic gmin stepping completed
Warning : IC on non-existent node - xx1.casc, ignored
   Please check line .ic v(fb)=1.0 v(sns1)=0.6 v(sns2)=0.6 v(vref)=1.2 v(ibias)=0.6 v(xx1.casc)=1.8

Note: Starting dynamic gmin stepping
Note: Dynamic gmin stepping completed
Warning : IC on non-existent node - xx1.casc, ignored
   Please check line .ic v(fb)=1.0 v(sns1)=0.6 v(sns2)=0.6 v(vref)=1.2 v(ibias)=0.6 v(xx1.casc)=1.8

Note: Starting dynamic gmin stepping
Note: Dynamic gmin stepping completed
Warning : IC on non-existent node - xx1.casc, ignored
   Please check line .ic v(fb)=1.0 v(sns1)=0.6 v(sns2)=0.6 v(vref)=1.2 v(ibias)=0.6 v(xx1.casc)=1.8

Note: Starting dynamic gmin stepping
Note: Dynamic gmin stepping completed
Warning : IC on non-existent node - xx1.casc, ignored
   Please check line .ic v(fb)=1.0 v(sns1)=0.6 v(sns2)=0.6 v(vref)=1.2 v(ibias)=0.6 v(xx1.casc)=1.8

Note: Starting dynamic gmin stepping
Note: Dynamic gmin stepping completed
Warning : IC on non-existent node - xx1.casc, ignored
   Please check line .ic v(fb)=1.0 v(sns1)=0.6 v(sns2)=0.6 v(vref)=1.2 v(ibias)=0.6 v(xx1.casc)=1.8

Note: Starting dynamic gmin stepping
Note: Dynamic gmin stepping completed
Warning : IC on non-existent node - xx1.casc, ignored
   Please check line .ic v(fb)=1.0 v(sns1)=0.6 v(sns2)=0.6 v(vref)=1.2 v(ibias)=0.6 v(xx1.casc)=1.8

Note: Starting dynamic gmin stepping
Note: Dynamic gmin stepping completed
Warning : IC on non-existent node - xx1.casc, ignored
   Please check line .ic v(fb)=1.0 v(sns1)=0.6 v(sns2)=0.6 v(vref)=1.2 v(ibias)=0.6 v(xx1.casc)=1.8

Note: Starting dynamic gmin stepping
Note: Dynamic gmin stepping completed
Warning : IC on non-existent node - xx1.casc, ignored
   Please check line .ic v(fb)=1.0 v(sns1)=0.6 v(sns2)=0.6 v(vref)=1.2 v(ibias)=0.6 v(xx1.casc)=1.8

Note: Starting dynamic gmin stepping
Note: Dynamic gmin stepping completed
Warning : IC on non-existent node - xx1.casc, ignored
   Please check line .ic v(fb)=1.0 v(sns1)=0.6 v(sns2)=0.6 v(vref)=1.2 v(ibias)=0.6 v(xx1.casc)=1.8

Note: Starting dynamic gmin stepping
Note: Dynamic gmin stepping completed
Warning : IC on non-existent node - xx1.casc, ignored
   Please check line .ic v(fb)=1.0 v(sns1)=0.6 v(sns2)=0.6 v(vref)=1.2 v(ibias)=0.6 v(xx1.casc)=1.8

Note: Starting dynamic gmin stepping
Note: Dynamic gmin stepping completed
Warning : IC on non-existent node - xx1.casc, ignored
   Please check line .ic v(fb)=1.0 v(sns1)=0.6 v(sns2)=0.6 v(vref)=1.2 v(ibias)=0.6 v(xx1.casc)=1.8

Note: Starting dynamic gmin stepping
Note: Dynamic gmin stepping completed
Warning : IC on non-existent node - xx1.casc, ignored
   Please check line .ic v(fb)=1.0 v(sns1)=0.6 v(sns2)=0.6 v(vref)=1.2 v(ibias)=0.6 v(xx1.casc)=1.8

Note: Starting dynamic gmin stepping
Note: Dynamic gmin stepping completed
Warning : IC on non-existent node - xx1.casc, ignored
   Please check line .ic v(fb)=1.0 v(sns1)=0.6 v(sns2)=0.6 v(vref)=1.2 v(ibias)=0.6 v(xx1.casc)=1.8

Note: Starting dynamic gmin stepping
Note: Dynamic gmin stepping completed
Warning : IC on non-existent node - xx1.casc, ignored
   Please check line .ic v(fb)=1.0 v(sns1)=0.6 v(sns2)=0.6 v(vref)=1.2 v(ibias)=0.6 v(xx1.casc)=1.8

Note: Starting dynamic gmin stepping
Note: Dynamic gmin stepping completed
Warning : IC on non-existent node - xx1.casc, ignored
   Please check line .ic v(fb)=1.0 v(sns1)=0.6 v(sns2)=0.6 v(vref)=1.2 v(ibias)=0.6 v(xx1.casc)=1.8

Note: Starting dynamic gmin stepping
Note: Dynamic gmin stepping completed
Warning : IC on non-existent node - xx1.casc, ignored
   Please check line .ic v(fb)=1.0 v(sns1)=0.6 v(sns2)=0.6 v(vref)=1.2 v(ibias)=0.6 v(xx1.casc)=1.8

Note: Starting dynamic gmin stepping
Note: Dynamic gmin stepping completed
Warning : IC on non-existent node - xx1.casc, ignored
   Please check line .ic v(fb)=1.0 v(sns1)=0.6 v(sns2)=0.6 v(vref)=1.2 v(ibias)=0.6 v(xx1.casc)=1.8

Note: Starting dynamic gmin stepping
Note: Dynamic gmin stepping completed
Warning : IC on non-existent node - xx1.casc, ignored
   Please check line .ic v(fb)=1.0 v(sns1)=0.6 v(sns2)=0.6 v(vref)=1.2 v(ibias)=0.6 v(xx1.casc)=1.8

Note: Starting dynamic gmin stepping
Note: Dynamic gmin stepping completed
Warning : IC on non-existent node - xx1.casc, ignored
   Please check line .ic v(fb)=1.0 v(sns1)=0.6 v(sns2)=0.6 v(vref)=1.2 v(ibias)=0.6 v(xx1.casc)=1.8

Note: Starting dynamic gmin stepping
Note: Dynamic gmin stepping completed
Warning : IC on non-existent node - xx1.casc, ignored
   Please check line .ic v(fb)=1.0 v(sns1)=0.6 v(sns2)=0.6 v(vref)=1.2 v(ibias)=0.6 v(xx1.casc)=1.8

Note: Starting dynamic gmin stepping
Note: Dynamic gmin stepping completed
Warning : IC on non-existent node - xx1.casc, ignored
   Please check line .ic v(fb)=1.0 v(sns1)=0.6 v(sns2)=0.6 v(vref)=1.2 v(ibias)=0.6 v(xx1.casc)=1.8

Note: Starting dynamic gmin stepping
Note: Dynamic gmin stepping completed
Warning : IC on non-existent node - xx1.casc, ignored
   Please check line .ic v(fb)=1.0 v(sns1)=0.6 v(sns2)=0.6 v(vref)=1.2 v(ibias)=0.6 v(xx1.casc)=1.8

Note: Starting dynamic gmin stepping
Note: Dynamic gmin stepping completed
Warning : IC on non-existent node - xx1.casc, ignored
   Please check line .ic v(fb)=1.0 v(sns1)=0.6 v(sns2)=0.6 v(vref)=1.2 v(ibias)=0.6 v(xx1.casc)=1.8

Note: Starting dynamic gmin stepping
Note: Dynamic gmin stepping completed
Warning : IC on non-existent node - xx1.casc, ignored
   Please check line .ic v(fb)=1.0 v(sns1)=0.6 v(sns2)=0.6 v(vref)=1.2 v(ibias)=0.6 v(xx1.casc)=1.8

Note: Starting dynamic gmin stepping
Note: Dynamic gmin stepping completed
Warning : IC on non-existent node - xx1.casc, ignored
   Please check line .ic v(fb)=1.0 v(sns1)=0.6 v(sns2)=0.6 v(vref)=1.2 v(ibias)=0.6 v(xx1.casc)=1.8

Note: Starting dynamic gmin stepping
Note: Dynamic gmin stepping completed
Warning : IC on non-existent node - xx1.casc, ignored
   Please check line .ic v(fb)=1.0 v(sns1)=0.6 v(sns2)=0.6 v(vref)=1.2 v(ibias)=0.6 v(xx1.casc)=1.8

Note: Starting dynamic gmin stepping
Note: Dynamic gmin stepping completed
Warning : IC on non-existent node - xx1.casc, ignored
   Please check line .ic v(fb)=1.0 v(sns1)=0.6 v(sns2)=0.6 v(vref)=1.2 v(ibias)=0.6 v(xx1.casc)=1.8

Note: Starting dynamic gmin stepping
Note: Dynamic gmin stepping completed
Warning : IC on non-existent node - xx1.casc, ignored
   Please check line .ic v(fb)=1.0 v(sns1)=0.6 v(sns2)=0.6 v(vref)=1.2 v(ibias)=0.6 v(xx1.casc)=1.8

Note: Starting dynamic gmin stepping
Note: Dynamic gmin stepping completed
Warning : IC on non-existent node - xx1.casc, ignored
   Please check line .ic v(fb)=1.0 v(sns1)=0.6 v(sns2)=0.6 v(vref)=1.2 v(ibias)=0.6 v(xx1.casc)=1.8

Note: Starting dynamic gmin stepping
Note: Dynamic gmin stepping completed
Warning : IC on non-existent node - xx1.casc, ignored
   Please check line .ic v(fb)=1.0 v(sns1)=0.6 v(sns2)=0.6 v(vref)=1.2 v(ibias)=0.6 v(xx1.casc)=1.8

Note: Starting dynamic gmin stepping
Note: Dynamic gmin stepping completed
Warning : IC on non-existent node - xx1.casc, ignored
   Please check line .ic v(fb)=1.0 v(sns1)=0.6 v(sns2)=0.6 v(vref)=1.2 v(ibias)=0.6 v(xx1.casc)=1.8

Note: Starting dynamic gmin stepping
Note: Dynamic gmin stepping completed
Warning : IC on non-existent node - xx1.casc, ignored
   Please check line .ic v(fb)=1.0 v(sns1)=0.6 v(sns2)=0.6 v(vref)=1.2 v(ibias)=0.6 v(xx1.casc)=1.8

Note: Starting dynamic gmin stepping
Note: Dynamic gmin stepping completed
Warning : IC on non-existent node - xx1.casc, ignored
   Please check line .ic v(fb)=1.0 v(sns1)=0.6 v(sns2)=0.6 v(vref)=1.2 v(ibias)=0.6 v(xx1.casc)=1.8

Note: Starting dynamic gmin stepping
Note: Dynamic gmin stepping completed
