* ====================================================================
* record-id  : 20260816-183305-0acc856
* testbench  : tb_mc_untrimmed.spice
* group      : mm_res (resistor mismatch only)
* temp       : -40 C
* supply     : 3.30v (fixed nominal -- mismatch claim, no supply sweep)
* sw_stat_mismatch : 0
* dut variant : mm
* pdk        : gf180mcuD (/Users/rwalters/.volare/gf180mcuD)
* ngspice    : ngspice-47 : Circuit level simulation program
* run (UTC)  : 2026-08-16T18:33:05Z
* ====================================================================

Note: Compatibility modes selected: hs a


Circuit: * tb_mc_untrimmed.spice -- issue #13 monte carlo mismatch analysis for the

Reset re-loads circuit * tb_mc_untrimmed.spice -- issue #13 monte carlo mismatch analysis for the

Circuit: * tb_mc_untrimmed.spice -- issue #13 monte carlo mismatch analysis for the

Doing analysis at TEMP = -40.000000 and TNOM = 27.000000

Using SPARSE 1.3 as Direct Linear Solver
 Reference value :  0.00000e+00
No. of Data Rows : 1
vref_val = 1.195163e+00
ibias_val = 7.594477e-01
isup_val = 1.626869e-05
Reset re-loads circuit * tb_mc_untrimmed.spice -- issue #13 monte carlo mismatch analysis for the

Circuit: * tb_mc_untrimmed.spice -- issue #13 monte carlo mismatch analysis for the

Doing analysis at TEMP = -40.000000 and TNOM = 27.000000

Using SPARSE 1.3 as Direct Linear Solver

No. of Data Rows : 1
vref_val = 1.195874e+00
ibias_val = 7.595047e-01
isup_val = 1.628493e-05
Reset re-loads circuit * tb_mc_untrimmed.spice -- issue #13 monte carlo mismatch analysis for the

Circuit: * tb_mc_untrimmed.spice -- issue #13 monte carlo mismatch analysis for the

Doing analysis at TEMP = -40.000000 and TNOM = 27.000000

Using SPARSE 1.3 as Direct Linear Solver

No. of Data Rows : 1
vref_val = 1.196352e+00
ibias_val = 7.595992e-01
isup_val = 1.631188e-05
Reset re-loads circuit * tb_mc_untrimmed.spice -- issue #13 monte carlo mismatch analysis for the

Circuit: * tb_mc_untrimmed.spice -- issue #13 monte carlo mismatch analysis for the

Doing analysis at TEMP = -40.000000 and TNOM = 27.000000

Using SPARSE 1.3 as Direct Linear Solver
 Reference value :  0.00000e+00
No. of Data Rows : 1
vref_val = 1.194239e+00
ibias_val = 7.593350e-01
isup_val = 1.623665e-05
Reset re-loads circuit * tb_mc_untrimmed.spice -- issue #13 monte carlo mismatch analysis for the

Circuit: * tb_mc_untrimmed.spice -- issue #13 monte carlo mismatch analysis for the

Doing analysis at TEMP = -40.000000 and TNOM = 27.000000

Using SPARSE 1.3 as Direct Linear Solver

No. of Data Rows : 1
vref_val = 1.196213e+00
ibias_val = 7.595691e-01
isup_val = 1.630329e-05
Reset re-loads circuit * tb_mc_untrimmed.spice -- issue #13 monte carlo mismatch analysis for the

Circuit: * tb_mc_untrimmed.spice -- issue #13 monte carlo mismatch analysis for the

Doing analysis at TEMP = -40.000000 and TNOM = 27.000000

Using SPARSE 1.3 as Direct Linear Solver
 Reference value :  0.00000e+00
No. of Data Rows : 1
vref_val = 1.195392e+00
ibias_val = 7.594699e-01
isup_val = 1.627502e-05
Reset re-loads circuit * tb_mc_untrimmed.spice -- issue #13 monte carlo mismatch analysis for the

Circuit: * tb_mc_untrimmed.spice -- issue #13 monte carlo mismatch analysis for the

Doing analysis at TEMP = -40.000000 and TNOM = 27.000000

Using SPARSE 1.3 as Direct Linear Solver

No. of Data Rows : 1
vref_val = 1.196619e+00
ibias_val = 7.596483e-01
isup_val = 1.632586e-05
Reset re-loads circuit * tb_mc_untrimmed.spice -- issue #13 monte carlo mismatch analysis for the

Circuit: * tb_mc_untrimmed.spice -- issue #13 monte carlo mismatch analysis for the

Doing analysis at TEMP = -40.000000 and TNOM = 27.000000

Using SPARSE 1.3 as Direct Linear Solver
 Reference value :  0.00000e+00
No. of Data Rows : 1
vref_val = 1.194343e+00
ibias_val = 7.593380e-01
isup_val = 1.623749e-05
Reset re-loads circuit * tb_mc_untrimmed.spice -- issue #13 monte carlo mismatch analysis for the

Circuit: * tb_mc_untrimmed.spice -- issue #13 monte carlo mismatch analysis for the

Doing analysis at TEMP = -40.000000 and TNOM = 27.000000

Using SPARSE 1.3 as Direct Linear Solver
 Reference value :  0.00000e+00
No. of Data Rows : 1
vref_val = 1.194872e+00
ibias_val = 7.594148e-01
isup_val = 1.625933e-05
Reset re-loads circuit * tb_mc_untrimmed.spice -- issue #13 monte carlo mismatch analysis for the

Circuit: * tb_mc_untrimmed.spice -- issue #13 monte carlo mismatch analysis for the

Doing analysis at TEMP = -40.000000 and TNOM = 27.000000

Using SPARSE 1.3 as Direct Linear Solver

No. of Data Rows : 1
vref_val = 1.194953e+00
ibias_val = 7.594157e-01
isup_val = 1.625960e-05
Reset re-loads circuit * tb_mc_untrimmed.spice -- issue #13 monte carlo mismatch analysis for the

Circuit: * tb_mc_untrimmed.spice -- issue #13 monte carlo mismatch analysis for the

Doing analysis at TEMP = -40.000000 and TNOM = 27.000000

Using SPARSE 1.3 as Direct Linear Solver
 Reference value :  0.00000e+00
No. of Data Rows : 1
vref_val = 1.195426e+00
ibias_val = 7.594679e-01
isup_val = 1.627446e-05
Reset re-loads circuit * tb_mc_untrimmed.spice -- issue #13 monte carlo mismatch analysis for the

Circuit: * tb_mc_untrimmed.spice -- issue #13 monte carlo mismatch analysis for the

Doing analysis at TEMP = -40.000000 and TNOM = 27.000000

Using SPARSE 1.3 as Direct Linear Solver

No. of Data Rows : 1
vref_val = 1.195174e+00
ibias_val = 7.594476e-01
isup_val = 1.626867e-05
Reset re-loads circuit * tb_mc_untrimmed.spice -- issue #13 monte carlo mismatch analysis for the

Circuit: * tb_mc_untrimmed.spice -- issue #13 monte carlo mismatch analysis for the

Doing analysis at TEMP = -40.000000 and TNOM = 27.000000

Using SPARSE 1.3 as Direct Linear Solver
 Reference value :  0.00000e+00
No. of Data Rows : 1
vref_val = 1.194804e+00
ibias_val = 7.593831e-01
isup_val = 1.625032e-05
Reset re-loads circuit * tb_mc_untrimmed.spice -- issue #13 monte carlo mismatch analysis for the

Circuit: * tb_mc_untrimmed.spice -- issue #13 monte carlo mismatch analysis for the

Doing analysis at TEMP = -40.000000 and TNOM = 27.000000

Using SPARSE 1.3 as Direct Linear Solver

No. of Data Rows : 1
vref_val = 1.194948e+00
ibias_val = 7.593795e-01
isup_val = 1.624930e-05
Reset re-loads circuit * tb_mc_untrimmed.spice -- issue #13 monte carlo mismatch analysis for the

Circuit: * tb_mc_untrimmed.spice -- issue #13 monte carlo mismatch analysis for the

Doing analysis at TEMP = -40.000000 and TNOM = 27.000000

Using SPARSE 1.3 as Direct Linear Solver
 Reference value :  0.00000e+00
No. of Data Rows : 1
vref_val = 1.195663e+00
ibias_val = 7.595297e-01
isup_val = 1.629203e-05
Reset re-loads circuit * tb_mc_untrimmed.spice -- issue #13 monte carlo mismatch analysis for the

Circuit: * tb_mc_untrimmed.spice -- issue #13 monte carlo mismatch analysis for the

Doing analysis at TEMP = -40.000000 and TNOM = 27.000000

Using SPARSE 1.3 as Direct Linear Solver

No. of Data Rows : 1
vref_val = 1.194985e+00
ibias_val = 7.594086e-01
isup_val = 1.625759e-05
Reset re-loads circuit * tb_mc_untrimmed.spice -- issue #13 monte carlo mismatch analysis for the

Circuit: * tb_mc_untrimmed.spice -- issue #13 monte carlo mismatch analysis for the

Doing analysis at TEMP = -40.000000 and TNOM = 27.000000

Using SPARSE 1.3 as Direct Linear Solver
 Reference value :  0.00000e+00
No. of Data Rows : 1
vref_val = 1.194637e+00
ibias_val = 7.593412e-01
isup_val = 1.623842e-05
Reset re-loads circuit * tb_mc_untrimmed.spice -- issue #13 monte carlo mismatch analysis for the

Circuit: * tb_mc_untrimmed.spice -- issue #13 monte carlo mismatch analysis for the

Doing analysis at TEMP = -40.000000 and TNOM = 27.000000

Using SPARSE 1.3 as Direct Linear Solver

No. of Data Rows : 1
vref_val = 1.194612e+00
ibias_val = 7.593766e-01
isup_val = 1.624846e-05
Reset re-loads circuit * tb_mc_untrimmed.spice -- issue #13 monte carlo mismatch analysis for the

Circuit: * tb_mc_untrimmed.spice -- issue #13 monte carlo mismatch analysis for the

Doing analysis at TEMP = -40.000000 and TNOM = 27.000000

Using SPARSE 1.3 as Direct Linear Solver
 Reference value :  0.00000e+00
No. of Data Rows : 1
vref_val = 1.195274e+00
ibias_val = 7.594678e-01
isup_val = 1.627440e-05
Reset re-loads circuit * tb_mc_untrimmed.spice -- issue #13 monte carlo mismatch analysis for the

Circuit: * tb_mc_untrimmed.spice -- issue #13 monte carlo mismatch analysis for the

Doing analysis at TEMP = -40.000000 and TNOM = 27.000000

Using SPARSE 1.3 as Direct Linear Solver

No. of Data Rows : 1
vref_val = 1.195550e+00
ibias_val = 7.594908e-01
isup_val = 1.628096e-05
Reset re-loads circuit * tb_mc_untrimmed.spice -- issue #13 monte carlo mismatch analysis for the

Circuit: * tb_mc_untrimmed.spice -- issue #13 monte carlo mismatch analysis for the

Doing analysis at TEMP = -40.000000 and TNOM = 27.000000

Using SPARSE 1.3 as Direct Linear Solver
 Reference value :  0.00000e+00
No. of Data Rows : 1
vref_val = 1.195213e+00
ibias_val = 7.594442e-01
isup_val = 1.626769e-05
Reset re-loads circuit * tb_mc_untrimmed.spice -- issue #13 monte carlo mismatch analysis for the

Circuit: * tb_mc_untrimmed.spice -- issue #13 monte carlo mismatch analysis for the

Doing analysis at TEMP = -40.000000 and TNOM = 27.000000

Using SPARSE 1.3 as Direct Linear Solver

No. of Data Rows : 1
vref_val = 1.196493e+00
ibias_val = 7.595972e-01
isup_val = 1.631130e-05
Reset re-loads circuit * tb_mc_untrimmed.spice -- issue #13 monte carlo mismatch analysis for the

Circuit: * tb_mc_untrimmed.spice -- issue #13 monte carlo mismatch analysis for the

Doing analysis at TEMP = -40.000000 and TNOM = 27.000000

Using SPARSE 1.3 as Direct Linear Solver
 Reference value :  0.00000e+00
No. of Data Rows : 1
vref_val = 1.193984e+00
ibias_val = 7.593085e-01
isup_val = 1.622913e-05
Reset re-loads circuit * tb_mc_untrimmed.spice -- issue #13 monte carlo mismatch analysis for the

Circuit: * tb_mc_untrimmed.spice -- issue #13 monte carlo mismatch analysis for the

Doing analysis at TEMP = -40.000000 and TNOM = 27.000000

Using SPARSE 1.3 as Direct Linear Solver
 Reference value :  0.00000e+00
No. of Data Rows : 1
vref_val = 1.194156e+00
ibias_val = 7.592936e-01
isup_val = 1.622490e-05
Reset re-loads circuit * tb_mc_untrimmed.spice -- issue #13 monte carlo mismatch analysis for the

Circuit: * tb_mc_untrimmed.spice -- issue #13 monte carlo mismatch analysis for the

Doing analysis at TEMP = -40.000000 and TNOM = 27.000000

Using SPARSE 1.3 as Direct Linear Solver
 Reference value :  0.00000e+00
No. of Data Rows : 1
vref_val = 1.194156e+00
ibias_val = 7.593056e-01
isup_val = 1.622828e-05
Reset re-loads circuit * tb_mc_untrimmed.spice -- issue #13 monte carlo mismatch analysis for the

Circuit: * tb_mc_untrimmed.spice -- issue #13 monte carlo mismatch analysis for the

Doing analysis at TEMP = -40.000000 and TNOM = 27.000000

Using SPARSE 1.3 as Direct Linear Solver

No. of Data Rows : 1
vref_val = 1.195823e+00
ibias_val = 7.594916e-01
isup_val = 1.628120e-05
Reset re-loads circuit * tb_mc_untrimmed.spice -- issue #13 monte carlo mismatch analysis for the

Circuit: * tb_mc_untrimmed.spice -- issue #13 monte carlo mismatch analysis for the

Doing analysis at TEMP = -40.000000 and TNOM = 27.000000

Using SPARSE 1.3 as Direct Linear Solver
 Reference value :  0.00000e+00
No. of Data Rows : 1
vref_val = 1.195433e+00
ibias_val = 7.594876e-01
isup_val = 1.628007e-05
Reset re-loads circuit * tb_mc_untrimmed.spice -- issue #13 monte carlo mismatch analysis for the

Circuit: * tb_mc_untrimmed.spice -- issue #13 monte carlo mismatch analysis for the

Doing analysis at TEMP = -40.000000 and TNOM = 27.000000

Using SPARSE 1.3 as Direct Linear Solver

No. of Data Rows : 1
vref_val = 1.195378e+00
ibias_val = 7.594637e-01
isup_val = 1.627324e-05
Reset re-loads circuit * tb_mc_untrimmed.spice -- issue #13 monte carlo mismatch analysis for the

Circuit: * tb_mc_untrimmed.spice -- issue #13 monte carlo mismatch analysis for the

Doing analysis at TEMP = -40.000000 and TNOM = 27.000000

Using SPARSE 1.3 as Direct Linear Solver
 Reference value :  0.00000e+00
No. of Data Rows : 1
vref_val = 1.195601e+00
ibias_val = 7.594996e-01
isup_val = 1.628347e-05
Reset re-loads circuit * tb_mc_untrimmed.spice -- issue #13 monte carlo mismatch analysis for the

Circuit: * tb_mc_untrimmed.spice -- issue #13 monte carlo mismatch analysis for the

Doing analysis at TEMP = -40.000000 and TNOM = 27.000000

Using SPARSE 1.3 as Direct Linear Solver
 Reference value :  0.00000e+00
No. of Data Rows : 1
vref_val = 1.195357e+00
ibias_val = 7.594418e-01
isup_val = 1.626702e-05
Reset re-loads circuit * tb_mc_untrimmed.spice -- issue #13 monte carlo mismatch analysis for the

Circuit: * tb_mc_untrimmed.spice -- issue #13 monte carlo mismatch analysis for the

Doing analysis at TEMP = -40.000000 and TNOM = 27.000000

Using SPARSE 1.3 as Direct Linear Solver

No. of Data Rows : 1
vref_val = 1.196239e+00
ibias_val = 7.595917e-01
isup_val = 1.630974e-05
Reset re-loads circuit * tb_mc_untrimmed.spice -- issue #13 monte carlo mismatch analysis for the

Circuit: * tb_mc_untrimmed.spice -- issue #13 monte carlo mismatch analysis for the

Doing analysis at TEMP = -40.000000 and TNOM = 27.000000

Using SPARSE 1.3 as Direct Linear Solver
 Reference value :  0.00000e+00
No. of Data Rows : 1
vref_val = 1.194798e+00
ibias_val = 7.594018e-01
isup_val = 1.625564e-05
Reset re-loads circuit * tb_mc_untrimmed.spice -- issue #13 monte carlo mismatch analysis for the

Circuit: * tb_mc_untrimmed.spice -- issue #13 monte carlo mismatch analysis for the

Doing analysis at TEMP = -40.000000 and TNOM = 27.000000

Using SPARSE 1.3 as Direct Linear Solver

No. of Data Rows : 1
vref_val = 1.195201e+00
ibias_val = 7.594598e-01
isup_val = 1.627214e-05
Reset re-loads circuit * tb_mc_untrimmed.spice -- issue #13 monte carlo mismatch analysis for the

Circuit: * tb_mc_untrimmed.spice -- issue #13 monte carlo mismatch analysis for the

Doing analysis at TEMP = -40.000000 and TNOM = 27.000000

Using SPARSE 1.3 as Direct Linear Solver
 Reference value :  0.00000e+00
No. of Data Rows : 1
vref_val = 1.195382e+00
ibias_val = 7.594647e-01
isup_val = 1.627353e-05
Reset re-loads circuit * tb_mc_untrimmed.spice -- issue #13 monte carlo mismatch analysis for the

Circuit: * tb_mc_untrimmed.spice -- issue #13 monte carlo mismatch analysis for the

Doing analysis at TEMP = -40.000000 and TNOM = 27.000000

Using SPARSE 1.3 as Direct Linear Solver

No. of Data Rows : 1
vref_val = 1.195278e+00
ibias_val = 7.594741e-01
isup_val = 1.627621e-05
Reset re-loads circuit * tb_mc_untrimmed.spice -- issue #13 monte carlo mismatch analysis for the

Circuit: * tb_mc_untrimmed.spice -- issue #13 monte carlo mismatch analysis for the

Doing analysis at TEMP = -40.000000 and TNOM = 27.000000

Using SPARSE 1.3 as Direct Linear Solver
 Reference value :  0.00000e+00
No. of Data Rows : 1
vref_val = 1.195779e+00
ibias_val = 7.594952e-01
isup_val = 1.628221e-05
Reset re-loads circuit * tb_mc_untrimmed.spice -- issue #13 monte carlo mismatch analysis for the

Circuit: * tb_mc_untrimmed.spice -- issue #13 monte carlo mismatch analysis for the

Doing analysis at TEMP = -40.000000 and TNOM = 27.000000

Using SPARSE 1.3 as Direct Linear Solver

No. of Data Rows : 1
vref_val = 1.195139e+00
ibias_val = 7.594468e-01
isup_val = 1.626845e-05
Reset re-loads circuit * tb_mc_untrimmed.spice -- issue #13 monte carlo mismatch analysis for the

Circuit: * tb_mc_untrimmed.spice -- issue #13 monte carlo mismatch analysis for the

Doing analysis at TEMP = -40.000000 and TNOM = 27.000000

Using SPARSE 1.3 as Direct Linear Solver
 Reference value :  0.00000e+00
No. of Data Rows : 1
vref_val = 1.194558e+00
ibias_val = 7.593810e-01
isup_val = 1.624973e-05
Reset re-loads circuit * tb_mc_untrimmed.spice -- issue #13 monte carlo mismatch analysis for the

Circuit: * tb_mc_untrimmed.spice -- issue #13 monte carlo mismatch analysis for the

Doing analysis at TEMP = -40.000000 and TNOM = 27.000000

Using SPARSE 1.3 as Direct Linear Solver

No. of Data Rows : 1
vref_val = 1.195156e+00
ibias_val = 7.594077e-01
isup_val = 1.625733e-05
Reset re-loads circuit * tb_mc_untrimmed.spice -- issue #13 monte carlo mismatch analysis for the

Circuit: * tb_mc_untrimmed.spice -- issue #13 monte carlo mismatch analysis for the

Doing analysis at TEMP = -40.000000 and TNOM = 27.000000

Using SPARSE 1.3 as Direct Linear Solver
 Reference value :  0.00000e+00
No. of Data Rows : 1
vref_val = 1.194394e+00
ibias_val = 7.593200e-01
isup_val = 1.623240e-05
Reset re-loads circuit * tb_mc_untrimmed.spice -- issue #13 monte carlo mismatch analysis for the

Circuit: * tb_mc_untrimmed.spice -- issue #13 monte carlo mismatch analysis for the

Doing analysis at TEMP = -40.000000 and TNOM = 27.000000

Using SPARSE 1.3 as Direct Linear Solver

No. of Data Rows : 1
vref_val = 1.196126e+00
ibias_val = 7.595517e-01
isup_val = 1.629833e-05
Reset re-loads circuit * tb_mc_untrimmed.spice -- issue #13 monte carlo mismatch analysis for the

Circuit: * tb_mc_untrimmed.spice -- issue #13 monte carlo mismatch analysis for the

Doing analysis at TEMP = -40.000000 and TNOM = 27.000000

Using SPARSE 1.3 as Direct Linear Solver
 Reference value :  0.00000e+00
No. of Data Rows : 1
vref_val = 1.195353e+00
ibias_val = 7.594486e-01
isup_val = 1.626895e-05
Reset re-loads circuit * tb_mc_untrimmed.spice -- issue #13 monte carlo mismatch analysis for the

Circuit: * tb_mc_untrimmed.spice -- issue #13 monte carlo mismatch analysis for the

Doing analysis at TEMP = -40.000000 and TNOM = 27.000000

Using SPARSE 1.3 as Direct Linear Solver

No. of Data Rows : 1
vref_val = 1.195051e+00
ibias_val = 7.593656e-01
isup_val = 1.624535e-05
Reset re-loads circuit * tb_mc_untrimmed.spice -- issue #13 monte carlo mismatch analysis for the

Circuit: * tb_mc_untrimmed.spice -- issue #13 monte carlo mismatch analysis for the

Doing analysis at TEMP = -40.000000 and TNOM = 27.000000

Using SPARSE 1.3 as Direct Linear Solver
 Reference value :  0.00000e+00
No. of Data Rows : 1
vref_val = 1.194664e+00
ibias_val = 7.593755e-01
isup_val = 1.624815e-05
Reset re-loads circuit * tb_mc_untrimmed.spice -- issue #13 monte carlo mismatch analysis for the

Circuit: * tb_mc_untrimmed.spice -- issue #13 monte carlo mismatch analysis for the

Doing analysis at TEMP = -40.000000 and TNOM = 27.000000

Using SPARSE 1.3 as Direct Linear Solver

No. of Data Rows : 1
vref_val = 1.194477e+00
ibias_val = 7.593850e-01
isup_val = 1.625085e-05
Reset re-loads circuit * tb_mc_untrimmed.spice -- issue #13 monte carlo mismatch analysis for the

Circuit: * tb_mc_untrimmed.spice -- issue #13 monte carlo mismatch analysis for the

Doing analysis at TEMP = -40.000000 and TNOM = 27.000000

Using SPARSE 1.3 as Direct Linear Solver
 Reference value :  0.00000e+00
No. of Data Rows : 1
vref_val = 1.194292e+00
ibias_val = 7.593289e-01
isup_val = 1.623491e-05
Reset re-loads circuit * tb_mc_untrimmed.spice -- issue #13 monte carlo mismatch analysis for the

Circuit: * tb_mc_untrimmed.spice -- issue #13 monte carlo mismatch analysis for the

Doing analysis at TEMP = -40.000000 and TNOM = 27.000000

Using SPARSE 1.3 as Direct Linear Solver
 Reference value :  0.00000e+00
No. of Data Rows : 1
vref_val = 1.194458e+00
ibias_val = 7.593444e-01
isup_val = 1.623932e-05
Reset re-loads circuit * tb_mc_untrimmed.spice -- issue #13 monte carlo mismatch analysis for the

Circuit: * tb_mc_untrimmed.spice -- issue #13 monte carlo mismatch analysis for the

Doing analysis at TEMP = -40.000000 and TNOM = 27.000000

Using SPARSE 1.3 as Direct Linear Solver

No. of Data Rows : 1
vref_val = 1.194367e+00
ibias_val = 7.593772e-01
isup_val = 1.624863e-05
Reset re-loads circuit * tb_mc_untrimmed.spice -- issue #13 monte carlo mismatch analysis for the

Circuit: * tb_mc_untrimmed.spice -- issue #13 monte carlo mismatch analysis for the

Doing analysis at TEMP = -40.000000 and TNOM = 27.000000

Using SPARSE 1.3 as Direct Linear Solver
 Reference value :  0.00000e+00
No. of Data Rows : 1
vref_val = 1.195238e+00
ibias_val = 7.594419e-01
isup_val = 1.626706e-05
Reset re-loads circuit * tb_mc_untrimmed.spice -- issue #13 monte carlo mismatch analysis for the

Circuit: * tb_mc_untrimmed.spice -- issue #13 monte carlo mismatch analysis for the

Doing analysis at TEMP = -40.000000 and TNOM = 27.000000

Using SPARSE 1.3 as Direct Linear Solver

No. of Data Rows : 1
vref_val = 1.195148e+00
ibias_val = 7.593997e-01
isup_val = 1.625503e-05
Reset re-loads circuit * tb_mc_untrimmed.spice -- issue #13 monte carlo mismatch analysis for the

Circuit: * tb_mc_untrimmed.spice -- issue #13 monte carlo mismatch analysis for the

Doing analysis at TEMP = -40.000000 and TNOM = 27.000000

Using SPARSE 1.3 as Direct Linear Solver
 Reference value :  0.00000e+00
No. of Data Rows : 1
vref_val = 1.194562e+00
ibias_val = 7.593410e-01
isup_val = 1.623835e-05
Reset re-loads circuit * tb_mc_untrimmed.spice -- issue #13 monte carlo mismatch analysis for the

Circuit: * tb_mc_untrimmed.spice -- issue #13 monte carlo mismatch analysis for the

Doing analysis at TEMP = -40.000000 and TNOM = 27.000000

Using SPARSE 1.3 as Direct Linear Solver

No. of Data Rows : 1
vref_val = 1.195254e+00
ibias_val = 7.594332e-01
isup_val = 1.626457e-05
Reset re-loads circuit * tb_mc_untrimmed.spice -- issue #13 monte carlo mismatch analysis for the

Circuit: * tb_mc_untrimmed.spice -- issue #13 monte carlo mismatch analysis for the

Doing analysis at TEMP = -40.000000 and TNOM = 27.000000

Using SPARSE 1.3 as Direct Linear Solver
 Reference value :  0.00000e+00
No. of Data Rows : 1
vref_val = 1.193479e+00
ibias_val = 7.592858e-01
isup_val = 1.622267e-05
Reset re-loads circuit * tb_mc_untrimmed.spice -- issue #13 monte carlo mismatch analysis for the

Circuit: * tb_mc_untrimmed.spice -- issue #13 monte carlo mismatch analysis for the

Doing analysis at TEMP = -40.000000 and TNOM = 27.000000

Using SPARSE 1.3 as Direct Linear Solver

No. of Data Rows : 1
vref_val = 1.196041e+00
ibias_val = 7.595173e-01
isup_val = 1.628851e-05
Reset re-loads circuit * tb_mc_untrimmed.spice -- issue #13 monte carlo mismatch analysis for the

Circuit: * tb_mc_untrimmed.spice -- issue #13 monte carlo mismatch analysis for the

Doing analysis at TEMP = -40.000000 and TNOM = 27.000000

Using SPARSE 1.3 as Direct Linear Solver
 Reference value :  0.00000e+00
No. of Data Rows : 1
vref_val = 1.193784e+00
ibias_val = 7.592867e-01
isup_val = 1.622294e-05
Reset re-loads circuit * tb_mc_untrimmed.spice -- issue #13 monte carlo mismatch analysis for the

Circuit: * tb_mc_untrimmed.spice -- issue #13 monte carlo mismatch analysis for the

Doing analysis at TEMP = -40.000000 and TNOM = 27.000000

Using SPARSE 1.3 as Direct Linear Solver

No. of Data Rows : 1
vref_val = 1.194484e+00
ibias_val = 7.593940e-01
isup_val = 1.625342e-05
Reset re-loads circuit * tb_mc_untrimmed.spice -- issue #13 monte carlo mismatch analysis for the

Circuit: * tb_mc_untrimmed.spice -- issue #13 monte carlo mismatch analysis for the

Doing analysis at TEMP = -40.000000 and TNOM = 27.000000

Using SPARSE 1.3 as Direct Linear Solver
 Reference value :  0.00000e+00
No. of Data Rows : 1
vref_val = 1.194721e+00
ibias_val = 7.593952e-01
isup_val = 1.625375e-05
Reset re-loads circuit * tb_mc_untrimmed.spice -- issue #13 monte carlo mismatch analysis for the

Circuit: * tb_mc_untrimmed.spice -- issue #13 monte carlo mismatch analysis for the

Doing analysis at TEMP = -40.000000 and TNOM = 27.000000

Using SPARSE 1.3 as Direct Linear Solver

No. of Data Rows : 1
vref_val = 1.194162e+00
ibias_val = 7.593440e-01
isup_val = 1.623919e-05
Reset re-loads circuit * tb_mc_untrimmed.spice -- issue #13 monte carlo mismatch analysis for the

Circuit: * tb_mc_untrimmed.spice -- issue #13 monte carlo mismatch analysis for the

Doing analysis at TEMP = -40.000000 and TNOM = 27.000000

Using SPARSE 1.3 as Direct Linear Solver
 Reference value :  0.00000e+00
No. of Data Rows : 1
vref_val = 1.194975e+00
ibias_val = 7.594147e-01
isup_val = 1.625931e-05
Reset re-loads circuit * tb_mc_untrimmed.spice -- issue #13 monte carlo mismatch analysis for the

Circuit: * tb_mc_untrimmed.spice -- issue #13 monte carlo mismatch analysis for the

Doing analysis at TEMP = -40.000000 and TNOM = 27.000000

Using SPARSE 1.3 as Direct Linear Solver

No. of Data Rows : 1
vref_val = 1.195850e+00
ibias_val = 7.595261e-01
isup_val = 1.629103e-05
Reset re-loads circuit * tb_mc_untrimmed.spice -- issue #13 monte carlo mismatch analysis for the

Circuit: * tb_mc_untrimmed.spice -- issue #13 monte carlo mismatch analysis for the

Doing analysis at TEMP = -40.000000 and TNOM = 27.000000

Using SPARSE 1.3 as Direct Linear Solver
 Reference value :  0.00000e+00
No. of Data Rows : 1
vref_val = 1.195474e+00
ibias_val = 7.594733e-01
isup_val = 1.627597e-05
Reset re-loads circuit * tb_mc_untrimmed.spice -- issue #13 monte carlo mismatch analysis for the

Circuit: * tb_mc_untrimmed.spice -- issue #13 monte carlo mismatch analysis for the

Doing analysis at TEMP = -40.000000 and TNOM = 27.000000

Using SPARSE 1.3 as Direct Linear Solver

No. of Data Rows : 1
vref_val = 1.194996e+00
ibias_val = 7.594249e-01
isup_val = 1.626221e-05
Reset re-loads circuit * tb_mc_untrimmed.spice -- issue #13 monte carlo mismatch analysis for the

Circuit: * tb_mc_untrimmed.spice -- issue #13 monte carlo mismatch analysis for the

Doing analysis at TEMP = -40.000000 and TNOM = 27.000000

Using SPARSE 1.3 as Direct Linear Solver
 Reference value :  0.00000e+00
No. of Data Rows : 1
vref_val = 1.195218e+00
ibias_val = 7.594420e-01
isup_val = 1.626707e-05
Reset re-loads circuit * tb_mc_untrimmed.spice -- issue #13 monte carlo mismatch analysis for the

Circuit: * tb_mc_untrimmed.spice -- issue #13 monte carlo mismatch analysis for the

Doing analysis at TEMP = -40.000000 and TNOM = 27.000000

Using SPARSE 1.3 as Direct Linear Solver

No. of Data Rows : 1
vref_val = 1.196269e+00
ibias_val = 7.595858e-01
isup_val = 1.630803e-05
Reset re-loads circuit * tb_mc_untrimmed.spice -- issue #13 monte carlo mismatch analysis for the

Circuit: * tb_mc_untrimmed.spice -- issue #13 monte carlo mismatch analysis for the

Doing analysis at TEMP = -40.000000 and TNOM = 27.000000

Using SPARSE 1.3 as Direct Linear Solver
 Reference value :  0.00000e+00
No. of Data Rows : 1
vref_val = 1.195842e+00
ibias_val = 7.595096e-01
isup_val = 1.628632e-05
Reset re-loads circuit * tb_mc_untrimmed.spice -- issue #13 monte carlo mismatch analysis for the

Circuit: * tb_mc_untrimmed.spice -- issue #13 monte carlo mismatch analysis for the

Doing analysis at TEMP = -40.000000 and TNOM = 27.000000

Using SPARSE 1.3 as Direct Linear Solver

No. of Data Rows : 1
vref_val = 1.195076e+00
ibias_val = 7.594191e-01
isup_val = 1.626057e-05
Reset re-loads circuit * tb_mc_untrimmed.spice -- issue #13 monte carlo mismatch analysis for the

Circuit: * tb_mc_untrimmed.spice -- issue #13 monte carlo mismatch analysis for the

Doing analysis at TEMP = -40.000000 and TNOM = 27.000000

Using SPARSE 1.3 as Direct Linear Solver
 Reference value :  0.00000e+00
No. of Data Rows : 1
vref_val = 1.194728e+00
ibias_val = 7.594031e-01
isup_val = 1.625602e-05
Reset re-loads circuit * tb_mc_untrimmed.spice -- issue #13 monte carlo mismatch analysis for the

Circuit: * tb_mc_untrimmed.spice -- issue #13 monte carlo mismatch analysis for the

Doing analysis at TEMP = -40.000000 and TNOM = 27.000000

Using SPARSE 1.3 as Direct Linear Solver

No. of Data Rows : 1
vref_val = 1.195015e+00
ibias_val = 7.594073e-01
isup_val = 1.625721e-05
Reset re-loads circuit * tb_mc_untrimmed.spice -- issue #13 monte carlo mismatch analysis for the

Circuit: * tb_mc_untrimmed.spice -- issue #13 monte carlo mismatch analysis for the

Doing analysis at TEMP = -40.000000 and TNOM = 27.000000

Using SPARSE 1.3 as Direct Linear Solver
 Reference value :  0.00000e+00
No. of Data Rows : 1
vref_val = 1.195511e+00
ibias_val = 7.594544e-01
isup_val = 1.627061e-05
Reset re-loads circuit * tb_mc_untrimmed.spice -- issue #13 monte carlo mismatch analysis for the

Circuit: * tb_mc_untrimmed.spice -- issue #13 monte carlo mismatch analysis for the

Doing analysis at TEMP = -40.000000 and TNOM = 27.000000

Using SPARSE 1.3 as Direct Linear Solver

No. of Data Rows : 1
vref_val = 1.196551e+00
ibias_val = 7.595989e-01
isup_val = 1.631177e-05
Reset re-loads circuit * tb_mc_untrimmed.spice -- issue #13 monte carlo mismatch analysis for the

Circuit: * tb_mc_untrimmed.spice -- issue #13 monte carlo mismatch analysis for the

Doing analysis at TEMP = -40.000000 and TNOM = 27.000000

Using SPARSE 1.3 as Direct Linear Solver
 Reference value :  0.00000e+00
No. of Data Rows : 1
vref_val = 1.195292e+00
ibias_val = 7.594847e-01
isup_val = 1.627923e-05
Reset re-loads circuit * tb_mc_untrimmed.spice -- issue #13 monte carlo mismatch analysis for the

Circuit: * tb_mc_untrimmed.spice -- issue #13 monte carlo mismatch analysis for the

Doing analysis at TEMP = -40.000000 and TNOM = 27.000000

Using SPARSE 1.3 as Direct Linear Solver

No. of Data Rows : 1
vref_val = 1.195672e+00
ibias_val = 7.595299e-01
isup_val = 1.629210e-05
Reset re-loads circuit * tb_mc_untrimmed.spice -- issue #13 monte carlo mismatch analysis for the

Circuit: * tb_mc_untrimmed.spice -- issue #13 monte carlo mismatch analysis for the

Doing analysis at TEMP = -40.000000 and TNOM = 27.000000

Using SPARSE 1.3 as Direct Linear Solver
 Reference value :  0.00000e+00
No. of Data Rows : 1
vref_val = 1.195270e+00
ibias_val = 7.594311e-01
isup_val = 1.626397e-05
Reset re-loads circuit * tb_mc_untrimmed.spice -- issue #13 monte carlo mismatch analysis for the

Circuit: * tb_mc_untrimmed.spice -- issue #13 monte carlo mismatch analysis for the

Doing analysis at TEMP = -40.000000 and TNOM = 27.000000

Using SPARSE 1.3 as Direct Linear Solver

No. of Data Rows : 1
vref_val = 1.196343e+00
ibias_val = 7.596318e-01
isup_val = 1.632116e-05
Reset re-loads circuit * tb_mc_untrimmed.spice -- issue #13 monte carlo mismatch analysis for the

Circuit: * tb_mc_untrimmed.spice -- issue #13 monte carlo mismatch analysis for the

Doing analysis at TEMP = -40.000000 and TNOM = 27.000000

Using SPARSE 1.3 as Direct Linear Solver
 Reference value :  0.00000e+00
No. of Data Rows : 1
vref_val = 1.195199e+00
ibias_val = 7.594419e-01
isup_val = 1.626703e-05
Reset re-loads circuit * tb_mc_untrimmed.spice -- issue #13 monte carlo mismatch analysis for the

Circuit: * tb_mc_untrimmed.spice -- issue #13 monte carlo mismatch analysis for the

Doing analysis at TEMP = -40.000000 and TNOM = 27.000000

Using SPARSE 1.3 as Direct Linear Solver

No. of Data Rows : 1
vref_val = 1.195584e+00
ibias_val = 7.594972e-01
isup_val = 1.628279e-05
Reset re-loads circuit * tb_mc_untrimmed.spice -- issue #13 monte carlo mismatch analysis for the

Circuit: * tb_mc_untrimmed.spice -- issue #13 monte carlo mismatch analysis for the

Doing analysis at TEMP = -40.000000 and TNOM = 27.000000

Using SPARSE 1.3 as Direct Linear Solver
 Reference value :  0.00000e+00
No. of Data Rows : 1
vref_val = 1.194569e+00
ibias_val = 7.593723e-01
isup_val = 1.624725e-05
Reset re-loads circuit * tb_mc_untrimmed.spice -- issue #13 monte carlo mismatch analysis for the

Circuit: * tb_mc_untrimmed.spice -- issue #13 monte carlo mismatch analysis for the

Doing analysis at TEMP = -40.000000 and TNOM = 27.000000

Using SPARSE 1.3 as Direct Linear Solver

No. of Data Rows : 1
vref_val = 1.195369e+00
ibias_val = 7.594961e-01
isup_val = 1.628248e-05
Reset re-loads circuit * tb_mc_untrimmed.spice -- issue #13 monte carlo mismatch analysis for the

Circuit: * tb_mc_untrimmed.spice -- issue #13 monte carlo mismatch analysis for the

Doing analysis at TEMP = -40.000000 and TNOM = 27.000000

Using SPARSE 1.3 as Direct Linear Solver
 Reference value :  0.00000e+00
No. of Data Rows : 1
vref_val = 1.195338e+00
ibias_val = 7.594930e-01
isup_val = 1.628161e-05
Reset re-loads circuit * tb_mc_untrimmed.spice -- issue #13 monte carlo mismatch analysis for the

Circuit: * tb_mc_untrimmed.spice -- issue #13 monte carlo mismatch analysis for the

Doing analysis at TEMP = -40.000000 and TNOM = 27.000000

Using SPARSE 1.3 as Direct Linear Solver

No. of Data Rows : 1
vref_val = 1.194957e+00
ibias_val = 7.593745e-01
isup_val = 1.624786e-05
Reset re-loads circuit * tb_mc_untrimmed.spice -- issue #13 monte carlo mismatch analysis for the

Circuit: * tb_mc_untrimmed.spice -- issue #13 monte carlo mismatch analysis for the

Doing analysis at TEMP = -40.000000 and TNOM = 27.000000

Using SPARSE 1.3 as Direct Linear Solver
 Reference value :  0.00000e+00
No. of Data Rows : 1
vref_val = 1.194893e+00
ibias_val = 7.593761e-01
isup_val = 1.624833e-05
Reset re-loads circuit * tb_mc_untrimmed.spice -- issue #13 monte carlo mismatch analysis for the

Circuit: * tb_mc_untrimmed.spice -- issue #13 monte carlo mismatch analysis for the

Doing analysis at TEMP = -40.000000 and TNOM = 27.000000

Using SPARSE 1.3 as Direct Linear Solver

No. of Data Rows : 1
vref_val = 1.196246e+00
ibias_val = 7.595828e-01
isup_val = 1.630720e-05
Reset re-loads circuit * tb_mc_untrimmed.spice -- issue #13 monte carlo mismatch analysis for the

Circuit: * tb_mc_untrimmed.spice -- issue #13 monte carlo mismatch analysis for the

Doing analysis at TEMP = -40.000000 and TNOM = 27.000000

Using SPARSE 1.3 as Direct Linear Solver
 Reference value :  0.00000e+00
No. of Data Rows : 1
vref_val = 1.195930e+00
ibias_val = 7.595108e-01
isup_val = 1.628666e-05
Reset re-loads circuit * tb_mc_untrimmed.spice -- issue #13 monte carlo mismatch analysis for the

Circuit: * tb_mc_untrimmed.spice -- issue #13 monte carlo mismatch analysis for the

Doing analysis at TEMP = -40.000000 and TNOM = 27.000000

Using SPARSE 1.3 as Direct Linear Solver

No. of Data Rows : 1
vref_val = 1.195003e+00
ibias_val = 7.593967e-01
isup_val = 1.625418e-05
Reset re-loads circuit * tb_mc_untrimmed.spice -- issue #13 monte carlo mismatch analysis for the

Circuit: * tb_mc_untrimmed.spice -- issue #13 monte carlo mismatch analysis for the

Doing analysis at TEMP = -40.000000 and TNOM = 27.000000

Using SPARSE 1.3 as Direct Linear Solver
 Reference value :  0.00000e+00
No. of Data Rows : 1
vref_val = 1.195233e+00
ibias_val = 7.594718e-01
isup_val = 1.627555e-05
Reset re-loads circuit * tb_mc_untrimmed.spice -- issue #13 monte carlo mismatch analysis for the

Circuit: * tb_mc_untrimmed.spice -- issue #13 monte carlo mismatch analysis for the

Doing analysis at TEMP = -40.000000 and TNOM = 27.000000

Using SPARSE 1.3 as Direct Linear Solver

No. of Data Rows : 1
vref_val = 1.195401e+00
ibias_val = 7.594573e-01
isup_val = 1.627144e-05
Reset re-loads circuit * tb_mc_untrimmed.spice -- issue #13 monte carlo mismatch analysis for the

Circuit: * tb_mc_untrimmed.spice -- issue #13 monte carlo mismatch analysis for the

Doing analysis at TEMP = -40.000000 and TNOM = 27.000000

Using SPARSE 1.3 as Direct Linear Solver
 Reference value :  0.00000e+00
No. of Data Rows : 1
vref_val = 1.195433e+00
ibias_val = 7.594309e-01
isup_val = 1.626392e-05
Reset re-loads circuit * tb_mc_untrimmed.spice -- issue #13 monte carlo mismatch analysis for the

Circuit: * tb_mc_untrimmed.spice -- issue #13 monte carlo mismatch analysis for the

Doing analysis at TEMP = -40.000000 and TNOM = 27.000000

Using SPARSE 1.3 as Direct Linear Solver

No. of Data Rows : 1
vref_val = 1.195809e+00
ibias_val = 7.594939e-01
isup_val = 1.628186e-05
Reset re-loads circuit * tb_mc_untrimmed.spice -- issue #13 monte carlo mismatch analysis for the

Circuit: * tb_mc_untrimmed.spice -- issue #13 monte carlo mismatch analysis for the

Doing analysis at TEMP = -40.000000 and TNOM = 27.000000

Using SPARSE 1.3 as Direct Linear Solver
 Reference value :  0.00000e+00
No. of Data Rows : 1
vref_val = 1.196069e+00
ibias_val = 7.595461e-01
isup_val = 1.629671e-05
Reset re-loads circuit * tb_mc_untrimmed.spice -- issue #13 monte carlo mismatch analysis for the

Circuit: * tb_mc_untrimmed.spice -- issue #13 monte carlo mismatch analysis for the

Doing analysis at TEMP = -40.000000 and TNOM = 27.000000

Using SPARSE 1.3 as Direct Linear Solver

No. of Data Rows : 1
vref_val = 1.194981e+00
ibias_val = 7.594323e-01
isup_val = 1.626430e-05
Reset re-loads circuit * tb_mc_untrimmed.spice -- issue #13 monte carlo mismatch analysis for the

Circuit: * tb_mc_untrimmed.spice -- issue #13 monte carlo mismatch analysis for the

Doing analysis at TEMP = -40.000000 and TNOM = 27.000000

Using SPARSE 1.3 as Direct Linear Solver
 Reference value :  0.00000e+00
No. of Data Rows : 1
vref_val = 1.195618e+00
ibias_val = 7.594901e-01
isup_val = 1.628076e-05
Reset re-loads circuit * tb_mc_untrimmed.spice -- issue #13 monte carlo mismatch analysis for the

Circuit: * tb_mc_untrimmed.spice -- issue #13 monte carlo mismatch analysis for the

Doing analysis at TEMP = -40.000000 and TNOM = 27.000000

Using SPARSE 1.3 as Direct Linear Solver

No. of Data Rows : 1
vref_val = 1.195119e+00
ibias_val = 7.594457e-01
isup_val = 1.626812e-05
Reset re-loads circuit * tb_mc_untrimmed.spice -- issue #13 monte carlo mismatch analysis for the

Circuit: * tb_mc_untrimmed.spice -- issue #13 monte carlo mismatch analysis for the

Doing analysis at TEMP = -40.000000 and TNOM = 27.000000

Using SPARSE 1.3 as Direct Linear Solver
 Reference value :  0.00000e+00
No. of Data Rows : 1
vref_val = 1.195721e+00
ibias_val = 7.594962e-01
isup_val = 1.628251e-05
Reset re-loads circuit * tb_mc_untrimmed.spice -- issue #13 monte carlo mismatch analysis for the

Circuit: * tb_mc_untrimmed.spice -- issue #13 monte carlo mismatch analysis for the

Doing analysis at TEMP = -40.000000 and TNOM = 27.000000

Using SPARSE 1.3 as Direct Linear Solver

No. of Data Rows : 1
vref_val = 1.195484e+00
ibias_val = 7.594966e-01
isup_val = 1.628261e-05
Reset re-loads circuit * tb_mc_untrimmed.spice -- issue #13 monte carlo mismatch analysis for the

Circuit: * tb_mc_untrimmed.spice -- issue #13 monte carlo mismatch analysis for the

Doing analysis at TEMP = -40.000000 and TNOM = 27.000000

Using SPARSE 1.3 as Direct Linear Solver
 Reference value :  0.00000e+00
No. of Data Rows : 1
vref_val = 1.194775e+00
ibias_val = 7.594080e-01
isup_val = 1.625740e-05
Reset re-loads circuit * tb_mc_untrimmed.spice -- issue #13 monte carlo mismatch analysis for the

Circuit: * tb_mc_untrimmed.spice -- issue #13 monte carlo mismatch analysis for the

Doing analysis at TEMP = -40.000000 and TNOM = 27.000000

Using SPARSE 1.3 as Direct Linear Solver

No. of Data Rows : 1
vref_val = 1.194333e+00
ibias_val = 7.593361e-01
isup_val = 1.623696e-05
Reset re-loads circuit * tb_mc_untrimmed.spice -- issue #13 monte carlo mismatch analysis for the

Circuit: * tb_mc_untrimmed.spice -- issue #13 monte carlo mismatch analysis for the

Doing analysis at TEMP = -40.000000 and TNOM = 27.000000

Using SPARSE 1.3 as Direct Linear Solver
 Reference value :  0.00000e+00
No. of Data Rows : 1
vref_val = 1.194150e+00
ibias_val = 7.593417e-01
isup_val = 1.623857e-05
Reset re-loads circuit * tb_mc_untrimmed.spice -- issue #13 monte carlo mismatch analysis for the

Circuit: * tb_mc_untrimmed.spice -- issue #13 monte carlo mismatch analysis for the

Doing analysis at TEMP = -40.000000 and TNOM = 27.000000

Using SPARSE 1.3 as Direct Linear Solver

No. of Data Rows : 1
vref_val = 1.194983e+00
ibias_val = 7.594048e-01
isup_val = 1.625649e-05
Reset re-loads circuit * tb_mc_untrimmed.spice -- issue #13 monte carlo mismatch analysis for the

Circuit: * tb_mc_untrimmed.spice -- issue #13 monte carlo mismatch analysis for the

Doing analysis at TEMP = -40.000000 and TNOM = 27.000000

Using SPARSE 1.3 as Direct Linear Solver
 Reference value :  0.00000e+00
No. of Data Rows : 1
vref_val = 1.194169e+00
ibias_val = 7.593301e-01
isup_val = 1.623524e-05
Reset re-loads circuit * tb_mc_untrimmed.spice -- issue #13 monte carlo mismatch analysis for the

Circuit: * tb_mc_untrimmed.spice -- issue #13 monte carlo mismatch analysis for the

Doing analysis at TEMP = -40.000000 and TNOM = 27.000000

Using SPARSE 1.3 as Direct Linear Solver

No. of Data Rows : 1
vref_val = 1.194754e+00
ibias_val = 7.593937e-01
isup_val = 1.625334e-05
Reset re-loads circuit * tb_mc_untrimmed.spice -- issue #13 monte carlo mismatch analysis for the

Circuit: * tb_mc_untrimmed.spice -- issue #13 monte carlo mismatch analysis for the

Doing analysis at TEMP = -40.000000 and TNOM = 27.000000

Using SPARSE 1.3 as Direct Linear Solver
 Reference value :  0.00000e+00
No. of Data Rows : 1
vref_val = 1.195528e+00
ibias_val = 7.595004e-01
isup_val = 1.628369e-05
Reset re-loads circuit * tb_mc_untrimmed.spice -- issue #13 monte carlo mismatch analysis for the

Circuit: * tb_mc_untrimmed.spice -- issue #13 monte carlo mismatch analysis for the

Doing analysis at TEMP = -40.000000 and TNOM = 27.000000

Using SPARSE 1.3 as Direct Linear Solver

No. of Data Rows : 1
vref_val = 1.194482e+00
ibias_val = 7.593073e-01
isup_val = 1.622879e-05
Reset re-loads circuit * tb_mc_untrimmed.spice -- issue #13 monte carlo mismatch analysis for the

Circuit: * tb_mc_untrimmed.spice -- issue #13 monte carlo mismatch analysis for the

Doing analysis at TEMP = -40.000000 and TNOM = 27.000000

Using SPARSE 1.3 as Direct Linear Solver
 Reference value :  0.00000e+00
No. of Data Rows : 1
vref_val = 1.195334e+00
ibias_val = 7.594563e-01
isup_val = 1.627115e-05
Reset re-loads circuit * tb_mc_untrimmed.spice -- issue #13 monte carlo mismatch analysis for the

Circuit: * tb_mc_untrimmed.spice -- issue #13 monte carlo mismatch analysis for the

Doing analysis at TEMP = -40.000000 and TNOM = 27.000000

Using SPARSE 1.3 as Direct Linear Solver
 Reference value :  0.00000e+00
No. of Data Rows : 1
vref_val = 1.194867e+00
ibias_val = 7.594052e-01
isup_val = 1.625661e-05
Reset re-loads circuit * tb_mc_untrimmed.spice -- issue #13 monte carlo mismatch analysis for the

Circuit: * tb_mc_untrimmed.spice -- issue #13 monte carlo mismatch analysis for the

Doing analysis at TEMP = -40.000000 and TNOM = 27.000000

Using SPARSE 1.3 as Direct Linear Solver

No. of Data Rows : 1
vref_val = 1.195524e+00
ibias_val = 7.594835e-01
isup_val = 1.627888e-05
Reset re-loads circuit * tb_mc_untrimmed.spice -- issue #13 monte carlo mismatch analysis for the

Circuit: * tb_mc_untrimmed.spice -- issue #13 monte carlo mismatch analysis for the

Doing analysis at TEMP = -40.000000 and TNOM = 27.000000

Using SPARSE 1.3 as Direct Linear Solver
 Reference value :  0.00000e+00
No. of Data Rows : 1
vref_val = 1.195317e+00
ibias_val = 7.594730e-01
isup_val = 1.627591e-05
Reset re-loads circuit * tb_mc_untrimmed.spice -- issue #13 monte carlo mismatch analysis for the

Circuit: * tb_mc_untrimmed.spice -- issue #13 monte carlo mismatch analysis for the

Doing analysis at TEMP = -40.000000 and TNOM = 27.000000

Using SPARSE 1.3 as Direct Linear Solver

No. of Data Rows : 1
vref_val = 1.195069e+00
ibias_val = 7.594342e-01
isup_val = 1.626486e-05
Reset re-loads circuit * tb_mc_untrimmed.spice -- issue #13 monte carlo mismatch analysis for the

Circuit: * tb_mc_untrimmed.spice -- issue #13 monte carlo mismatch analysis for the

Doing analysis at TEMP = -40.000000 and TNOM = 27.000000

Using SPARSE 1.3 as Direct Linear Solver
 Reference value :  0.00000e+00
No. of Data Rows : 1
vref_val = 1.194010e+00
ibias_val = 7.592474e-01
isup_val = 1.621179e-05
Reset re-loads circuit * tb_mc_untrimmed.spice -- issue #13 monte carlo mismatch analysis for the

Circuit: * tb_mc_untrimmed.spice -- issue #13 monte carlo mismatch analysis for the

Doing analysis at TEMP = -40.000000 and TNOM = 27.000000

Using SPARSE 1.3 as Direct Linear Solver

No. of Data Rows : 1
vref_val = 1.194310e+00
ibias_val = 7.593410e-01
isup_val = 1.623836e-05
Reset re-loads circuit * tb_mc_untrimmed.spice -- issue #13 monte carlo mismatch analysis for the

Circuit: * tb_mc_untrimmed.spice -- issue #13 monte carlo mismatch analysis for the

Doing analysis at TEMP = -40.000000 and TNOM = 27.000000

Using SPARSE 1.3 as Direct Linear Solver
 Reference value :  0.00000e+00
No. of Data Rows : 1
vref_val = 1.195041e+00
ibias_val = 7.594553e-01
isup_val = 1.627086e-05
Reset re-loads circuit * tb_mc_untrimmed.spice -- issue #13 monte carlo mismatch analysis for the

Circuit: * tb_mc_untrimmed.spice -- issue #13 monte carlo mismatch analysis for the

Doing analysis at TEMP = -40.000000 and TNOM = 27.000000

Using SPARSE 1.3 as Direct Linear Solver

No. of Data Rows : 1
vref_val = 1.195989e+00
ibias_val = 7.595072e-01
isup_val = 1.628563e-05
Reset re-loads circuit * tb_mc_untrimmed.spice -- issue #13 monte carlo mismatch analysis for the

Circuit: * tb_mc_untrimmed.spice -- issue #13 monte carlo mismatch analysis for the

Doing analysis at TEMP = -40.000000 and TNOM = 27.000000

Using SPARSE 1.3 as Direct Linear Solver
 Reference value :  0.00000e+00
No. of Data Rows : 1
vref_val = 1.196065e+00
ibias_val = 7.595203e-01
isup_val = 1.628936e-05
Reset re-loads circuit * tb_mc_untrimmed.spice -- issue #13 monte carlo mismatch analysis for the

Circuit: * tb_mc_untrimmed.spice -- issue #13 monte carlo mismatch analysis for the

Doing analysis at TEMP = -40.000000 and TNOM = 27.000000

Using SPARSE 1.3 as Direct Linear Solver
 Reference value :  0.00000e+00
No. of Data Rows : 1
vref_val = 1.195096e+00
ibias_val = 7.594234e-01
isup_val = 1.626178e-05
Reset re-loads circuit * tb_mc_untrimmed.spice -- issue #13 monte carlo mismatch analysis for the

Circuit: * tb_mc_untrimmed.spice -- issue #13 monte carlo mismatch analysis for the

Doing analysis at TEMP = -40.000000 and TNOM = 27.000000

Using SPARSE 1.3 as Direct Linear Solver

No. of Data Rows : 1
vref_val = 1.194667e+00
ibias_val = 7.593741e-01
isup_val = 1.624775e-05
Reset re-loads circuit * tb_mc_untrimmed.spice -- issue #13 monte carlo mismatch analysis for the

Circuit: * tb_mc_untrimmed.spice -- issue #13 monte carlo mismatch analysis for the

Doing analysis at TEMP = -40.000000 and TNOM = 27.000000

Using SPARSE 1.3 as Direct Linear Solver
 Reference value :  0.00000e+00
No. of Data Rows : 1
vref_val = 1.194289e+00
ibias_val = 7.593630e-01
isup_val = 1.624462e-05
Reset re-loads circuit * tb_mc_untrimmed.spice -- issue #13 monte carlo mismatch analysis for the

Circuit: * tb_mc_untrimmed.spice -- issue #13 monte carlo mismatch analysis for the

Doing analysis at TEMP = -40.000000 and TNOM = 27.000000

Using SPARSE 1.3 as Direct Linear Solver

No. of Data Rows : 1
vref_val = 1.195131e+00
ibias_val = 7.594082e-01
isup_val = 1.625745e-05
Reset re-loads circuit * tb_mc_untrimmed.spice -- issue #13 monte carlo mismatch analysis for the

Circuit: * tb_mc_untrimmed.spice -- issue #13 monte carlo mismatch analysis for the

Doing analysis at TEMP = -40.000000 and TNOM = 27.000000

Using SPARSE 1.3 as Direct Linear Solver
 Reference value :  0.00000e+00
No. of Data Rows : 1
vref_val = 1.194655e+00
ibias_val = 7.593626e-01
isup_val = 1.624449e-05
Reset re-loads circuit * tb_mc_untrimmed.spice -- issue #13 monte carlo mismatch analysis for the

Circuit: * tb_mc_untrimmed.spice -- issue #13 monte carlo mismatch analysis for the

Doing analysis at TEMP = -40.000000 and TNOM = 27.000000

Using SPARSE 1.3 as Direct Linear Solver

No. of Data Rows : 1
vref_val = 1.195497e+00
ibias_val = 7.595140e-01
isup_val = 1.628758e-05
Reset re-loads circuit * tb_mc_untrimmed.spice -- issue #13 monte carlo mismatch analysis for the

Circuit: * tb_mc_untrimmed.spice -- issue #13 monte carlo mismatch analysis for the

Doing analysis at TEMP = -40.000000 and TNOM = 27.000000

Using SPARSE 1.3 as Direct Linear Solver
 Reference value :  0.00000e+00
No. of Data Rows : 1
vref_val = 1.194767e+00
ibias_val = 7.594095e-01
isup_val = 1.625783e-05
Reset re-loads circuit * tb_mc_untrimmed.spice -- issue #13 monte carlo mismatch analysis for the

Circuit: * tb_mc_untrimmed.spice -- issue #13 monte carlo mismatch analysis for the

Doing analysis at TEMP = -40.000000 and TNOM = 27.000000

Using SPARSE 1.3 as Direct Linear Solver

No. of Data Rows : 1
vref_val = 1.195660e+00
ibias_val = 7.595135e-01
isup_val = 1.628745e-05
Reset re-loads circuit * tb_mc_untrimmed.spice -- issue #13 monte carlo mismatch analysis for the

Circuit: * tb_mc_untrimmed.spice -- issue #13 monte carlo mismatch analysis for the

Doing analysis at TEMP = -40.000000 and TNOM = 27.000000

Using SPARSE 1.3 as Direct Linear Solver
 Reference value :  0.00000e+00
No. of Data Rows : 1
vref_val = 1.195942e+00
ibias_val = 7.595550e-01
isup_val = 1.629926e-05
Reset re-loads circuit * tb_mc_untrimmed.spice -- issue #13 monte carlo mismatch analysis for the

Circuit: * tb_mc_untrimmed.spice -- issue #13 monte carlo mismatch analysis for the

Doing analysis at TEMP = -40.000000 and TNOM = 27.000000

Using SPARSE 1.3 as Direct Linear Solver

No. of Data Rows : 1
vref_val = 1.195800e+00
ibias_val = 7.595515e-01
isup_val = 1.629826e-05
Reset re-loads circuit * tb_mc_untrimmed.spice -- issue #13 monte carlo mismatch analysis for the

Circuit: * tb_mc_untrimmed.spice -- issue #13 monte carlo mismatch analysis for the

Doing analysis at TEMP = -40.000000 and TNOM = 27.000000

Using SPARSE 1.3 as Direct Linear Solver
 Reference value :  0.00000e+00
No. of Data Rows : 1
vref_val = 1.196410e+00
ibias_val = 7.595765e-01
isup_val = 1.630540e-05
Reset re-loads circuit * tb_mc_untrimmed.spice -- issue #13 monte carlo mismatch analysis for the

Circuit: * tb_mc_untrimmed.spice -- issue #13 monte carlo mismatch analysis for the

Doing analysis at TEMP = -40.000000 and TNOM = 27.000000

Using SPARSE 1.3 as Direct Linear Solver

No. of Data Rows : 1
vref_val = 1.195745e+00
ibias_val = 7.595524e-01
isup_val = 1.629853e-05
Reset re-loads circuit * tb_mc_untrimmed.spice -- issue #13 monte carlo mismatch analysis for the

Circuit: * tb_mc_untrimmed.spice -- issue #13 monte carlo mismatch analysis for the

Doing analysis at TEMP = -40.000000 and TNOM = 27.000000

Using SPARSE 1.3 as Direct Linear Solver
 Reference value :  0.00000e+00
No. of Data Rows : 1
vref_val = 1.194647e+00
ibias_val = 7.593828e-01
isup_val = 1.625023e-05
Reset re-loads circuit * tb_mc_untrimmed.spice -- issue #13 monte carlo mismatch analysis for the

Circuit: * tb_mc_untrimmed.spice -- issue #13 monte carlo mismatch analysis for the

Doing analysis at TEMP = -40.000000 and TNOM = 27.000000

Using SPARSE 1.3 as Direct Linear Solver

No. of Data Rows : 1
vref_val = 1.196238e+00
ibias_val = 7.595519e-01
isup_val = 1.629838e-05
Reset re-loads circuit * tb_mc_untrimmed.spice -- issue #13 monte carlo mismatch analysis for the

Circuit: * tb_mc_untrimmed.spice -- issue #13 monte carlo mismatch analysis for the

Doing analysis at TEMP = -40.000000 and TNOM = 27.000000

Using SPARSE 1.3 as Direct Linear Solver
 Reference value :  0.00000e+00
No. of Data Rows : 1
vref_val = 1.195388e+00
ibias_val = 7.594840e-01
isup_val = 1.627903e-05
Reset re-loads circuit * tb_mc_untrimmed.spice -- issue #13 monte carlo mismatch analysis for the

Circuit: * tb_mc_untrimmed.spice -- issue #13 monte carlo mismatch analysis for the

Doing analysis at TEMP = -40.000000 and TNOM = 27.000000

Using SPARSE 1.3 as Direct Linear Solver

No. of Data Rows : 1
vref_val = 1.196009e+00
ibias_val = 7.594941e-01
isup_val = 1.628192e-05
Reset re-loads circuit * tb_mc_untrimmed.spice -- issue #13 monte carlo mismatch analysis for the

Circuit: * tb_mc_untrimmed.spice -- issue #13 monte carlo mismatch analysis for the

Doing analysis at TEMP = -40.000000 and TNOM = 27.000000

Using SPARSE 1.3 as Direct Linear Solver
 Reference value :  0.00000e+00
No. of Data Rows : 1
vref_val = 1.195803e+00
ibias_val = 7.595358e-01
isup_val = 1.629380e-05
Reset re-loads circuit * tb_mc_untrimmed.spice -- issue #13 monte carlo mismatch analysis for the

Circuit: * tb_mc_untrimmed.spice -- issue #13 monte carlo mismatch analysis for the

Doing analysis at TEMP = -40.000000 and TNOM = 27.000000

Using SPARSE 1.3 as Direct Linear Solver

No. of Data Rows : 1
vref_val = 1.195386e+00
ibias_val = 7.595140e-01
isup_val = 1.628758e-05
Reset re-loads circuit * tb_mc_untrimmed.spice -- issue #13 monte carlo mismatch analysis for the

Circuit: * tb_mc_untrimmed.spice -- issue #13 monte carlo mismatch analysis for the

Doing analysis at TEMP = -40.000000 and TNOM = 27.000000

Using SPARSE 1.3 as Direct Linear Solver
 Reference value :  0.00000e+00
No. of Data Rows : 1
vref_val = 1.195581e+00
ibias_val = 7.594783e-01
isup_val = 1.627741e-05
Reset re-loads circuit * tb_mc_untrimmed.spice -- issue #13 monte carlo mismatch analysis for the

Circuit: * tb_mc_untrimmed.spice -- issue #13 monte carlo mismatch analysis for the

Doing analysis at TEMP = -40.000000 and TNOM = 27.000000

Using SPARSE 1.3 as Direct Linear Solver

No. of Data Rows : 1
vref_val = 1.194991e+00
ibias_val = 7.594462e-01
isup_val = 1.626827e-05
Reset re-loads circuit * tb_mc_untrimmed.spice -- issue #13 monte carlo mismatch analysis for the

Circuit: * tb_mc_untrimmed.spice -- issue #13 monte carlo mismatch analysis for the

Doing analysis at TEMP = -40.000000 and TNOM = 27.000000

Using SPARSE 1.3 as Direct Linear Solver
 Reference value :  0.00000e+00
No. of Data Rows : 1
vref_val = 1.195248e+00
ibias_val = 7.594588e-01
isup_val = 1.627185e-05
Reset re-loads circuit * tb_mc_untrimmed.spice -- issue #13 monte carlo mismatch analysis for the

Circuit: * tb_mc_untrimmed.spice -- issue #13 monte carlo mismatch analysis for the

Doing analysis at TEMP = -40.000000 and TNOM = 27.000000

Using SPARSE 1.3 as Direct Linear Solver

No. of Data Rows : 1
vref_val = 1.195875e+00
ibias_val = 7.595435e-01
isup_val = 1.629597e-05
Reset re-loads circuit * tb_mc_untrimmed.spice -- issue #13 monte carlo mismatch analysis for the

Circuit: * tb_mc_untrimmed.spice -- issue #13 monte carlo mismatch analysis for the

Doing analysis at TEMP = -40.000000 and TNOM = 27.000000

Using SPARSE 1.3 as Direct Linear Solver
 Reference value :  0.00000e+00
No. of Data Rows : 1
vref_val = 1.194552e+00
ibias_val = 7.593624e-01
isup_val = 1.624444e-05
Reset re-loads circuit * tb_mc_untrimmed.spice -- issue #13 monte carlo mismatch analysis for the

Circuit: * tb_mc_untrimmed.spice -- issue #13 monte carlo mismatch analysis for the

Doing analysis at TEMP = -40.000000 and TNOM = 27.000000

Using SPARSE 1.3 as Direct Linear Solver
 Reference value :  0.00000e+00
No. of Data Rows : 1
vref_val = 1.194481e+00
ibias_val = 7.593752e-01
isup_val = 1.624806e-05
Reset re-loads circuit * tb_mc_untrimmed.spice -- issue #13 monte carlo mismatch analysis for the

Circuit: * tb_mc_untrimmed.spice -- issue #13 monte carlo mismatch analysis for the

Doing analysis at TEMP = -40.000000 and TNOM = 27.000000

Using SPARSE 1.3 as Direct Linear Solver
 Reference value :  0.00000e+00
No. of Data Rows : 1
vref_val = 1.195108e+00
ibias_val = 7.594382e-01
isup_val = 1.626600e-05
Reset re-loads circuit * tb_mc_untrimmed.spice -- issue #13 monte carlo mismatch analysis for the

Circuit: * tb_mc_untrimmed.spice -- issue #13 monte carlo mismatch analysis for the

Doing analysis at TEMP = -40.000000 and TNOM = 27.000000

Using SPARSE 1.3 as Direct Linear Solver

No. of Data Rows : 1
vref_val = 1.195670e+00
ibias_val = 7.595039e-01
isup_val = 1.628471e-05
Reset re-loads circuit * tb_mc_untrimmed.spice -- issue #13 monte carlo mismatch analysis for the

Circuit: * tb_mc_untrimmed.spice -- issue #13 monte carlo mismatch analysis for the

Doing analysis at TEMP = -40.000000 and TNOM = 27.000000

Using SPARSE 1.3 as Direct Linear Solver
 Reference value :  0.00000e+00
No. of Data Rows : 1
vref_val = 1.195972e+00
ibias_val = 7.595360e-01
isup_val = 1.629385e-05
Reset re-loads circuit * tb_mc_untrimmed.spice -- issue #13 monte carlo mismatch analysis for the

Circuit: * tb_mc_untrimmed.spice -- issue #13 monte carlo mismatch analysis for the

Doing analysis at TEMP = -40.000000 and TNOM = 27.000000

Using SPARSE 1.3 as Direct Linear Solver
 Reference value :  0.00000e+00
No. of Data Rows : 1
vref_val = 1.195069e+00
ibias_val = 7.594226e-01
isup_val = 1.626156e-05
Reset re-loads circuit * tb_mc_untrimmed.spice -- issue #13 monte carlo mismatch analysis for the

Circuit: * tb_mc_untrimmed.spice -- issue #13 monte carlo mismatch analysis for the

Doing analysis at TEMP = -40.000000 and TNOM = 27.000000

Using SPARSE 1.3 as Direct Linear Solver
 Reference value :  0.00000e+00
No. of Data Rows : 1
vref_val = 1.195332e+00
ibias_val = 7.594713e-01
isup_val = 1.627542e-05
Reset re-loads circuit * tb_mc_untrimmed.spice -- issue #13 monte carlo mismatch analysis for the

Circuit: * tb_mc_untrimmed.spice -- issue #13 monte carlo mismatch analysis for the

Doing analysis at TEMP = -40.000000 and TNOM = 27.000000

Using SPARSE 1.3 as Direct Linear Solver
 Reference value :  0.00000e+00
No. of Data Rows : 1
vref_val = 1.194886e+00
ibias_val = 7.594273e-01
isup_val = 1.626289e-05
Reset re-loads circuit * tb_mc_untrimmed.spice -- issue #13 monte carlo mismatch analysis for the

Circuit: * tb_mc_untrimmed.spice -- issue #13 monte carlo mismatch analysis for the

Doing analysis at TEMP = -40.000000 and TNOM = 27.000000

Using SPARSE 1.3 as Direct Linear Solver
 Reference value :  0.00000e+00
No. of Data Rows : 1
vref_val = 1.194049e+00
ibias_val = 7.593296e-01
isup_val = 1.623513e-05
Reset re-loads circuit * tb_mc_untrimmed.spice -- issue #13 monte carlo mismatch analysis for the

Circuit: * tb_mc_untrimmed.spice -- issue #13 monte carlo mismatch analysis for the

Doing analysis at TEMP = -40.000000 and TNOM = 27.000000

Using SPARSE 1.3 as Direct Linear Solver

No. of Data Rows : 1
vref_val = 1.196088e+00
ibias_val = 7.595917e-01
isup_val = 1.630972e-05
Reset re-loads circuit * tb_mc_untrimmed.spice -- issue #13 monte carlo mismatch analysis for the

Circuit: * tb_mc_untrimmed.spice -- issue #13 monte carlo mismatch analysis for the

Doing analysis at TEMP = -40.000000 and TNOM = 27.000000

Using SPARSE 1.3 as Direct Linear Solver
 Reference value :  0.00000e+00
No. of Data Rows : 1
vref_val = 1.192251e+00
ibias_val = 7.590724e-01
isup_val = 1.616217e-05
Reset re-loads circuit * tb_mc_untrimmed.spice -- issue #13 monte carlo mismatch analysis for the

Circuit: * tb_mc_untrimmed.spice -- issue #13 monte carlo mismatch analysis for the

Doing analysis at TEMP = -40.000000 and TNOM = 27.000000

Using SPARSE 1.3 as Direct Linear Solver

No. of Data Rows : 1
vref_val = 1.196524e+00
ibias_val = 7.596139e-01
isup_val = 1.631605e-05
Reset re-loads circuit * tb_mc_untrimmed.spice -- issue #13 monte carlo mismatch analysis for the

Circuit: * tb_mc_untrimmed.spice -- issue #13 monte carlo mismatch analysis for the

Doing analysis at TEMP = -40.000000 and TNOM = 27.000000

Using SPARSE 1.3 as Direct Linear Solver
 Reference value :  0.00000e+00
No. of Data Rows : 1
vref_val = 1.194675e+00
ibias_val = 7.593677e-01
isup_val = 1.624593e-05
Reset re-loads circuit * tb_mc_untrimmed.spice -- issue #13 monte carlo mismatch analysis for the

Circuit: * tb_mc_untrimmed.spice -- issue #13 monte carlo mismatch analysis for the

Doing analysis at TEMP = -40.000000 and TNOM = 27.000000

Using SPARSE 1.3 as Direct Linear Solver

No. of Data Rows : 1
vref_val = 1.195786e+00
ibias_val = 7.595429e-01
isup_val = 1.629580e-05
Reset re-loads circuit * tb_mc_untrimmed.spice -- issue #13 monte carlo mismatch analysis for the

Circuit: * tb_mc_untrimmed.spice -- issue #13 monte carlo mismatch analysis for the

Doing analysis at TEMP = -40.000000 and TNOM = 27.000000

Using SPARSE 1.3 as Direct Linear Solver
 Reference value :  0.00000e+00
No. of Data Rows : 1
vref_val = 1.194723e+00
ibias_val = 7.593719e-01
isup_val = 1.624714e-05
Reset re-loads circuit * tb_mc_untrimmed.spice -- issue #13 monte carlo mismatch analysis for the

Circuit: * tb_mc_untrimmed.spice -- issue #13 monte carlo mismatch analysis for the

Doing analysis at TEMP = -40.000000 and TNOM = 27.000000

Using SPARSE 1.3 as Direct Linear Solver

No. of Data Rows : 1
vref_val = 1.195680e+00
ibias_val = 7.594975e-01
isup_val = 1.628286e-05
Reset re-loads circuit * tb_mc_untrimmed.spice -- issue #13 monte carlo mismatch analysis for the

Circuit: * tb_mc_untrimmed.spice -- issue #13 monte carlo mismatch analysis for the

Doing analysis at TEMP = -40.000000 and TNOM = 27.000000

Using SPARSE 1.3 as Direct Linear Solver
 Reference value :  0.00000e+00
No. of Data Rows : 1
vref_val = 1.193926e+00
ibias_val = 7.592410e-01
isup_val = 1.620996e-05
Reset re-loads circuit * tb_mc_untrimmed.spice -- issue #13 monte carlo mismatch analysis for the

Circuit: * tb_mc_untrimmed.spice -- issue #13 monte carlo mismatch analysis for the

Doing analysis at TEMP = -40.000000 and TNOM = 27.000000

Using SPARSE 1.3 as Direct Linear Solver

No. of Data Rows : 1
vref_val = 1.194987e+00
ibias_val = 7.594387e-01
isup_val = 1.626613e-05
Reset re-loads circuit * tb_mc_untrimmed.spice -- issue #13 monte carlo mismatch analysis for the

Circuit: * tb_mc_untrimmed.spice -- issue #13 monte carlo mismatch analysis for the

Doing analysis at TEMP = -40.000000 and TNOM = 27.000000

Using SPARSE 1.3 as Direct Linear Solver
 Reference value :  0.00000e+00
No. of Data Rows : 1
vref_val = 1.194345e+00
ibias_val = 7.593315e-01
isup_val = 1.623564e-05
Reset re-loads circuit * tb_mc_untrimmed.spice -- issue #13 monte carlo mismatch analysis for the

Circuit: * tb_mc_untrimmed.spice -- issue #13 monte carlo mismatch analysis for the

Doing analysis at TEMP = -40.000000 and TNOM = 27.000000

Using SPARSE 1.3 as Direct Linear Solver

No. of Data Rows : 1
vref_val = 1.195168e+00
ibias_val = 7.594608e-01
isup_val = 1.627243e-05
Reset re-loads circuit * tb_mc_untrimmed.spice -- issue #13 monte carlo mismatch analysis for the

Circuit: * tb_mc_untrimmed.spice -- issue #13 monte carlo mismatch analysis for the

Doing analysis at TEMP = -40.000000 and TNOM = 27.000000

Using SPARSE 1.3 as Direct Linear Solver
 Reference value :  0.00000e+00
No. of Data Rows : 1
vref_val = 1.195136e+00
ibias_val = 7.594628e-01
isup_val = 1.627299e-05
Reset re-loads circuit * tb_mc_untrimmed.spice -- issue #13 monte carlo mismatch analysis for the

Circuit: * tb_mc_untrimmed.spice -- issue #13 monte carlo mismatch analysis for the

Doing analysis at TEMP = -40.000000 and TNOM = 27.000000

Using SPARSE 1.3 as Direct Linear Solver

No. of Data Rows : 1
vref_val = 1.194802e+00
ibias_val = 7.593895e-01
isup_val = 1.625213e-05
Reset re-loads circuit * tb_mc_untrimmed.spice -- issue #13 monte carlo mismatch analysis for the

Circuit: * tb_mc_untrimmed.spice -- issue #13 monte carlo mismatch analysis for the

Doing analysis at TEMP = -40.000000 and TNOM = 27.000000

Using SPARSE 1.3 as Direct Linear Solver
 Reference value :  0.00000e+00
No. of Data Rows : 1
vref_val = 1.195939e+00
ibias_val = 7.595277e-01
isup_val = 1.629148e-05
Reset re-loads circuit * tb_mc_untrimmed.spice -- issue #13 monte carlo mismatch analysis for the

Circuit: * tb_mc_untrimmed.spice -- issue #13 monte carlo mismatch analysis for the

Doing analysis at TEMP = -40.000000 and TNOM = 27.000000

Using SPARSE 1.3 as Direct Linear Solver

No. of Data Rows : 1
vref_val = 1.195396e+00
ibias_val = 7.594966e-01
isup_val = 1.628263e-05
Reset re-loads circuit * tb_mc_untrimmed.spice -- issue #13 monte carlo mismatch analysis for the

Circuit: * tb_mc_untrimmed.spice -- issue #13 monte carlo mismatch analysis for the

Doing analysis at TEMP = -40.000000 and TNOM = 27.000000

Using SPARSE 1.3 as Direct Linear Solver
 Reference value :  0.00000e+00
No. of Data Rows : 1
vref_val = 1.195016e+00
ibias_val = 7.594154e-01
isup_val = 1.625950e-05
Reset re-loads circuit * tb_mc_untrimmed.spice -- issue #13 monte carlo mismatch analysis for the

Circuit: * tb_mc_untrimmed.spice -- issue #13 monte carlo mismatch analysis for the

Doing analysis at TEMP = -40.000000 and TNOM = 27.000000

Using SPARSE 1.3 as Direct Linear Solver

No. of Data Rows : 1
vref_val = 1.195469e+00
ibias_val = 7.594601e-01
isup_val = 1.627221e-05
Reset re-loads circuit * tb_mc_untrimmed.spice -- issue #13 monte carlo mismatch analysis for the

Circuit: * tb_mc_untrimmed.spice -- issue #13 monte carlo mismatch analysis for the

Doing analysis at TEMP = -40.000000 and TNOM = 27.000000

Using SPARSE 1.3 as Direct Linear Solver
 Reference value :  0.00000e+00
No. of Data Rows : 1
vref_val = 1.194374e+00
ibias_val = 7.593429e-01
isup_val = 1.623889e-05
Reset re-loads circuit * tb_mc_untrimmed.spice -- issue #13 monte carlo mismatch analysis for the

Circuit: * tb_mc_untrimmed.spice -- issue #13 monte carlo mismatch analysis for the

Doing analysis at TEMP = -40.000000 and TNOM = 27.000000

Using SPARSE 1.3 as Direct Linear Solver

No. of Data Rows : 1
vref_val = 1.196213e+00
ibias_val = 7.595774e-01
isup_val = 1.630566e-05
Reset re-loads circuit * tb_mc_untrimmed.spice -- issue #13 monte carlo mismatch analysis for the

Circuit: * tb_mc_untrimmed.spice -- issue #13 monte carlo mismatch analysis for the

Doing analysis at TEMP = -40.000000 and TNOM = 27.000000

Using SPARSE 1.3 as Direct Linear Solver
 Reference value :  0.00000e+00
No. of Data Rows : 1
vref_val = 1.195152e+00
ibias_val = 7.594787e-01
isup_val = 1.627752e-05
Reset re-loads circuit * tb_mc_untrimmed.spice -- issue #13 monte carlo mismatch analysis for the

Circuit: * tb_mc_untrimmed.spice -- issue #13 monte carlo mismatch analysis for the

Doing analysis at TEMP = -40.000000 and TNOM = 27.000000

Using SPARSE 1.3 as Direct Linear Solver

No. of Data Rows : 1
vref_val = 1.194369e+00
ibias_val = 7.593221e-01
isup_val = 1.623297e-05
Reset re-loads circuit * tb_mc_untrimmed.spice -- issue #13 monte carlo mismatch analysis for the

Circuit: * tb_mc_untrimmed.spice -- issue #13 monte carlo mismatch analysis for the

Doing analysis at TEMP = -40.000000 and TNOM = 27.000000

Using SPARSE 1.3 as Direct Linear Solver
 Reference value :  0.00000e+00
No. of Data Rows : 1
vref_val = 1.193820e+00
ibias_val = 7.592582e-01
isup_val = 1.621483e-05
Reset re-loads circuit * tb_mc_untrimmed.spice -- issue #13 monte carlo mismatch analysis for the

Circuit: * tb_mc_untrimmed.spice -- issue #13 monte carlo mismatch analysis for the

Doing analysis at TEMP = -40.000000 and TNOM = 27.000000

Using SPARSE 1.3 as Direct Linear Solver

No. of Data Rows : 1
vref_val = 1.194705e+00
ibias_val = 7.593737e-01
isup_val = 1.624764e-05
Reset re-loads circuit * tb_mc_untrimmed.spice -- issue #13 monte carlo mismatch analysis for the

Circuit: * tb_mc_untrimmed.spice -- issue #13 monte carlo mismatch analysis for the

Doing analysis at TEMP = -40.000000 and TNOM = 27.000000

Using SPARSE 1.3 as Direct Linear Solver
 Reference value :  0.00000e+00
No. of Data Rows : 1
vref_val = 1.194854e+00
ibias_val = 7.594163e-01
isup_val = 1.625977e-05
Reset re-loads circuit * tb_mc_untrimmed.spice -- issue #13 monte carlo mismatch analysis for the

Circuit: * tb_mc_untrimmed.spice -- issue #13 monte carlo mismatch analysis for the

Doing analysis at TEMP = -40.000000 and TNOM = 27.000000

Using SPARSE 1.3 as Direct Linear Solver

No. of Data Rows : 1
vref_val = 1.196885e+00
ibias_val = 7.596495e-01
isup_val = 1.632622e-05
Reset re-loads circuit * tb_mc_untrimmed.spice -- issue #13 monte carlo mismatch analysis for the

Circuit: * tb_mc_untrimmed.spice -- issue #13 monte carlo mismatch analysis for the

Doing analysis at TEMP = -40.000000 and TNOM = 27.000000

Using SPARSE 1.3 as Direct Linear Solver
 Reference value :  0.00000e+00
No. of Data Rows : 1
vref_val = 1.195406e+00
ibias_val = 7.594788e-01
isup_val = 1.627755e-05
Reset re-loads circuit * tb_mc_untrimmed.spice -- issue #13 monte carlo mismatch analysis for the

Circuit: * tb_mc_untrimmed.spice -- issue #13 monte carlo mismatch analysis for the

Doing analysis at TEMP = -40.000000 and TNOM = 27.000000

Using SPARSE 1.3 as Direct Linear Solver

No. of Data Rows : 1
vref_val = 1.193971e+00
ibias_val = 7.593036e-01
isup_val = 1.622774e-05
Reset re-loads circuit * tb_mc_untrimmed.spice -- issue #13 monte carlo mismatch analysis for the

Circuit: * tb_mc_untrimmed.spice -- issue #13 monte carlo mismatch analysis for the

Doing analysis at TEMP = -40.000000 and TNOM = 27.000000

Using SPARSE 1.3 as Direct Linear Solver
 Reference value :  0.00000e+00
No. of Data Rows : 1
vref_val = 1.194466e+00
ibias_val = 7.593397e-01
isup_val = 1.623798e-05
Reset re-loads circuit * tb_mc_untrimmed.spice -- issue #13 monte carlo mismatch analysis for the

Circuit: * tb_mc_untrimmed.spice -- issue #13 monte carlo mismatch analysis for the

Doing analysis at TEMP = -40.000000 and TNOM = 27.000000

Using SPARSE 1.3 as Direct Linear Solver

No. of Data Rows : 1
vref_val = 1.196333e+00
ibias_val = 7.596048e-01
isup_val = 1.631346e-05
Reset re-loads circuit * tb_mc_untrimmed.spice -- issue #13 monte carlo mismatch analysis for the

Circuit: * tb_mc_untrimmed.spice -- issue #13 monte carlo mismatch analysis for the

Doing analysis at TEMP = -40.000000 and TNOM = 27.000000

Using SPARSE 1.3 as Direct Linear Solver
 Reference value :  0.00000e+00
No. of Data Rows : 1
vref_val = 1.195597e+00
ibias_val = 7.594708e-01
isup_val = 1.627528e-05
Reset re-loads circuit * tb_mc_untrimmed.spice -- issue #13 monte carlo mismatch analysis for the

Circuit: * tb_mc_untrimmed.spice -- issue #13 monte carlo mismatch analysis for the

Doing analysis at TEMP = -40.000000 and TNOM = 27.000000

Using SPARSE 1.3 as Direct Linear Solver

No. of Data Rows : 1
vref_val = 1.196843e+00
ibias_val = 7.596669e-01
isup_val = 1.633119e-05
Reset re-loads circuit * tb_mc_untrimmed.spice -- issue #13 monte carlo mismatch analysis for the

Circuit: * tb_mc_untrimmed.spice -- issue #13 monte carlo mismatch analysis for the

Doing analysis at TEMP = -40.000000 and TNOM = 27.000000

Using SPARSE 1.3 as Direct Linear Solver
 Reference value :  0.00000e+00
No. of Data Rows : 1
vref_val = 1.195263e+00
ibias_val = 7.594653e-01
isup_val = 1.627371e-05
Reset re-loads circuit * tb_mc_untrimmed.spice -- issue #13 monte carlo mismatch analysis for the

Circuit: * tb_mc_untrimmed.spice -- issue #13 monte carlo mismatch analysis for the

Doing analysis at TEMP = -40.000000 and TNOM = 27.000000

Using SPARSE 1.3 as Direct Linear Solver

No. of Data Rows : 1
vref_val = 1.195874e+00
ibias_val = 7.595213e-01
isup_val = 1.628966e-05
Reset re-loads circuit * tb_mc_untrimmed.spice -- issue #13 monte carlo mismatch analysis for the

Circuit: * tb_mc_untrimmed.spice -- issue #13 monte carlo mismatch analysis for the

Doing analysis at TEMP = -40.000000 and TNOM = 27.000000

Using SPARSE 1.3 as Direct Linear Solver
 Reference value :  0.00000e+00
No. of Data Rows : 1
vref_val = 1.194605e+00
ibias_val = 7.593776e-01
isup_val = 1.624875e-05
Reset re-loads circuit * tb_mc_untrimmed.spice -- issue #13 monte carlo mismatch analysis for the

Circuit: * tb_mc_untrimmed.spice -- issue #13 monte carlo mismatch analysis for the

Doing analysis at TEMP = -40.000000 and TNOM = 27.000000

Using SPARSE 1.3 as Direct Linear Solver

No. of Data Rows : 1
vref_val = 1.196022e+00
ibias_val = 7.595181e-01
isup_val = 1.628875e-05
Reset re-loads circuit * tb_mc_untrimmed.spice -- issue #13 monte carlo mismatch analysis for the

Circuit: * tb_mc_untrimmed.spice -- issue #13 monte carlo mismatch analysis for the

Doing analysis at TEMP = -40.000000 and TNOM = 27.000000

Using SPARSE 1.3 as Direct Linear Solver
 Reference value :  0.00000e+00
No. of Data Rows : 1
vref_val = 1.195141e+00
ibias_val = 7.594544e-01
isup_val = 1.627059e-05
Reset re-loads circuit * tb_mc_untrimmed.spice -- issue #13 monte carlo mismatch analysis for the

Circuit: * tb_mc_untrimmed.spice -- issue #13 monte carlo mismatch analysis for the

Doing analysis at TEMP = -40.000000 and TNOM = 27.000000

Using SPARSE 1.3 as Direct Linear Solver
 Reference value :  0.00000e+00
No. of Data Rows : 1
vref_val = 1.194801e+00
ibias_val = 7.593974e-01
isup_val = 1.625440e-05
Reset re-loads circuit * tb_mc_untrimmed.spice -- issue #13 monte carlo mismatch analysis for the

Circuit: * tb_mc_untrimmed.spice -- issue #13 monte carlo mismatch analysis for the

Doing analysis at TEMP = -40.000000 and TNOM = 27.000000

Using SPARSE 1.3 as Direct Linear Solver
 Reference value :  0.00000e+00
No. of Data Rows : 1
vref_val = 1.193350e+00
ibias_val = 7.592364e-01
isup_val = 1.620865e-05
Reset re-loads circuit * tb_mc_untrimmed.spice -- issue #13 monte carlo mismatch analysis for the

Circuit: * tb_mc_untrimmed.spice -- issue #13 monte carlo mismatch analysis for the

Doing analysis at TEMP = -40.000000 and TNOM = 27.000000

Using SPARSE 1.3 as Direct Linear Solver

No. of Data Rows : 1
vref_val = 1.195364e+00
ibias_val = 7.595228e-01
isup_val = 1.629008e-05
Reset re-loads circuit * tb_mc_untrimmed.spice -- issue #13 monte carlo mismatch analysis for the

Circuit: * tb_mc_untrimmed.spice -- issue #13 monte carlo mismatch analysis for the

Doing analysis at TEMP = -40.000000 and TNOM = 27.000000

Using SPARSE 1.3 as Direct Linear Solver
 Reference value :  0.00000e+00
No. of Data Rows : 1
vref_val = 1.193802e+00
ibias_val = 7.592859e-01
isup_val = 1.622269e-05
Reset re-loads circuit * tb_mc_untrimmed.spice -- issue #13 monte carlo mismatch analysis for the

Circuit: * tb_mc_untrimmed.spice -- issue #13 monte carlo mismatch analysis for the

Doing analysis at TEMP = -40.000000 and TNOM = 27.000000

Using SPARSE 1.3 as Direct Linear Solver

No. of Data Rows : 1
vref_val = 1.196337e+00
ibias_val = 7.595916e-01
isup_val = 1.630970e-05
Reset re-loads circuit * tb_mc_untrimmed.spice -- issue #13 monte carlo mismatch analysis for the

Circuit: * tb_mc_untrimmed.spice -- issue #13 monte carlo mismatch analysis for the

Doing analysis at TEMP = -40.000000 and TNOM = 27.000000

Using SPARSE 1.3 as Direct Linear Solver
 Reference value :  0.00000e+00
No. of Data Rows : 1
vref_val = 1.195685e+00
ibias_val = 7.594930e-01
isup_val = 1.628159e-05
Reset re-loads circuit * tb_mc_untrimmed.spice -- issue #13 monte carlo mismatch analysis for the

Circuit: * tb_mc_untrimmed.spice -- issue #13 monte carlo mismatch analysis for the

Doing analysis at TEMP = -40.000000 and TNOM = 27.000000

Using SPARSE 1.3 as Direct Linear Solver
 Reference value :  0.00000e+00
No. of Data Rows : 1
vref_val = 1.195600e+00
ibias_val = 7.595094e-01
isup_val = 1.628626e-05
Reset re-loads circuit * tb_mc_untrimmed.spice -- issue #13 monte carlo mismatch analysis for the

Circuit: * tb_mc_untrimmed.spice -- issue #13 monte carlo mismatch analysis for the

Doing analysis at TEMP = -40.000000 and TNOM = 27.000000

Using SPARSE 1.3 as Direct Linear Solver
 Reference value :  0.00000e+00
No. of Data Rows : 1
vref_val = 1.193937e+00
ibias_val = 7.592804e-01
isup_val = 1.622114e-05
Reset re-loads circuit * tb_mc_untrimmed.spice -- issue #13 monte carlo mismatch analysis for the

Circuit: * tb_mc_untrimmed.spice -- issue #13 monte carlo mismatch analysis for the

Doing analysis at TEMP = -40.000000 and TNOM = 27.000000

Using SPARSE 1.3 as Direct Linear Solver
 Reference value :  0.00000e+00
No. of Data Rows : 1
vref_val = 1.193898e+00
ibias_val = 7.593146e-01
isup_val = 1.623084e-05
Reset re-loads circuit * tb_mc_untrimmed.spice -- issue #13 monte carlo mismatch analysis for the

Circuit: * tb_mc_untrimmed.spice -- issue #13 monte carlo mismatch analysis for the

Doing analysis at TEMP = -40.000000 and TNOM = 27.000000

Using SPARSE 1.3 as Direct Linear Solver
 Reference value :  0.00000e+00
No. of Data Rows : 1
vref_val = 1.194291e+00
ibias_val = 7.593303e-01
isup_val = 1.623530e-05
Reset re-loads circuit * tb_mc_untrimmed.spice -- issue #13 monte carlo mismatch analysis for the

Circuit: * tb_mc_untrimmed.spice -- issue #13 monte carlo mismatch analysis for the

Doing analysis at TEMP = -40.000000 and TNOM = 27.000000

Using SPARSE 1.3 as Direct Linear Solver
 Reference value :  0.00000e+00
No. of Data Rows : 1
vref_val = 1.194307e+00
ibias_val = 7.593439e-01
isup_val = 1.623919e-05
Reset re-loads circuit * tb_mc_untrimmed.spice -- issue #13 monte carlo mismatch analysis for the

Circuit: * tb_mc_untrimmed.spice -- issue #13 monte carlo mismatch analysis for the

Doing analysis at TEMP = -40.000000 and TNOM = 27.000000

Using SPARSE 1.3 as Direct Linear Solver

No. of Data Rows : 1
vref_val = 1.195954e+00
ibias_val = 7.595558e-01
isup_val = 1.629948e-05
Reset re-loads circuit * tb_mc_untrimmed.spice -- issue #13 monte carlo mismatch analysis for the

Circuit: * tb_mc_untrimmed.spice -- issue #13 monte carlo mismatch analysis for the

Doing analysis at TEMP = -40.000000 and TNOM = 27.000000

Using SPARSE 1.3 as Direct Linear Solver
 Reference value :  0.00000e+00
No. of Data Rows : 1
vref_val = 1.194120e+00
ibias_val = 7.593314e-01
isup_val = 1.623563e-05
Reset re-loads circuit * tb_mc_untrimmed.spice -- issue #13 monte carlo mismatch analysis for the

Circuit: * tb_mc_untrimmed.spice -- issue #13 monte carlo mismatch analysis for the

Doing analysis at TEMP = -40.000000 and TNOM = 27.000000

Using SPARSE 1.3 as Direct Linear Solver
 Reference value :  0.00000e+00
No. of Data Rows : 1
vref_val = 1.194844e+00
ibias_val = 7.594066e-01
isup_val = 1.625699e-05
Reset re-loads circuit * tb_mc_untrimmed.spice -- issue #13 monte carlo mismatch analysis for the

Circuit: * tb_mc_untrimmed.spice -- issue #13 monte carlo mismatch analysis for the

Doing analysis at TEMP = -40.000000 and TNOM = 27.000000

Using SPARSE 1.3 as Direct Linear Solver

No. of Data Rows : 1
vref_val = 1.194450e+00
ibias_val = 7.593675e-01
isup_val = 1.624590e-05
Reset re-loads circuit * tb_mc_untrimmed.spice -- issue #13 monte carlo mismatch analysis for the

Circuit: * tb_mc_untrimmed.spice -- issue #13 monte carlo mismatch analysis for the

Doing analysis at TEMP = -40.000000 and TNOM = 27.000000

Using SPARSE 1.3 as Direct Linear Solver
 Reference value :  0.00000e+00
No. of Data Rows : 1
vref_val = 1.196188e+00
ibias_val = 7.595727e-01
isup_val = 1.630431e-05
Reset re-loads circuit * tb_mc_untrimmed.spice -- issue #13 monte carlo mismatch analysis for the

Circuit: * tb_mc_untrimmed.spice -- issue #13 monte carlo mismatch analysis for the

Doing analysis at TEMP = -40.000000 and TNOM = 27.000000

Using SPARSE 1.3 as Direct Linear Solver
 Reference value :  0.00000e+00
No. of Data Rows : 1
vref_val = 1.194864e+00
ibias_val = 7.593861e-01
isup_val = 1.625118e-05
Reset re-loads circuit * tb_mc_untrimmed.spice -- issue #13 monte carlo mismatch analysis for the

Circuit: * tb_mc_untrimmed.spice -- issue #13 monte carlo mismatch analysis for the

Doing analysis at TEMP = -40.000000 and TNOM = 27.000000

Using SPARSE 1.3 as Direct Linear Solver
 Reference value :  0.00000e+00
No. of Data Rows : 1
vref_val = 1.194400e+00
ibias_val = 7.593152e-01
isup_val = 1.623103e-05
Reset re-loads circuit * tb_mc_untrimmed.spice -- issue #13 monte carlo mismatch analysis for the

Circuit: * tb_mc_untrimmed.spice -- issue #13 monte carlo mismatch analysis for the

Doing analysis at TEMP = -40.000000 and TNOM = 27.000000

Using SPARSE 1.3 as Direct Linear Solver
 Reference value :  0.00000e+00
No. of Data Rows : 1
vref_val = 1.194567e+00
ibias_val = 7.593410e-01
isup_val = 1.623836e-05
Reset re-loads circuit * tb_mc_untrimmed.spice -- issue #13 monte carlo mismatch analysis for the

Circuit: * tb_mc_untrimmed.spice -- issue #13 monte carlo mismatch analysis for the

Doing analysis at TEMP = -40.000000 and TNOM = 27.000000

Using SPARSE 1.3 as Direct Linear Solver

No. of Data Rows : 1
vref_val = 1.196033e+00
ibias_val = 7.595763e-01
isup_val = 1.630534e-05
Reset re-loads circuit * tb_mc_untrimmed.spice -- issue #13 monte carlo mismatch analysis for the

Circuit: * tb_mc_untrimmed.spice -- issue #13 monte carlo mismatch analysis for the

Doing analysis at TEMP = -40.000000 and TNOM = 27.000000

Using SPARSE 1.3 as Direct Linear Solver
 Reference value :  0.00000e+00
No. of Data Rows : 1
vref_val = 1.195434e+00
ibias_val = 7.594648e-01
isup_val = 1.627355e-05
Reset re-loads circuit * tb_mc_untrimmed.spice -- issue #13 monte carlo mismatch analysis for the

Circuit: * tb_mc_untrimmed.spice -- issue #13 monte carlo mismatch analysis for the

Doing analysis at TEMP = -40.000000 and TNOM = 27.000000

Using SPARSE 1.3 as Direct Linear Solver

No. of Data Rows : 1
vref_val = 1.195942e+00
ibias_val = 7.595038e-01
isup_val = 1.628468e-05
Reset re-loads circuit * tb_mc_untrimmed.spice -- issue #13 monte carlo mismatch analysis for the

Circuit: * tb_mc_untrimmed.spice -- issue #13 monte carlo mismatch analysis for the

Doing analysis at TEMP = -40.000000 and TNOM = 27.000000

Using SPARSE 1.3 as Direct Linear Solver
 Reference value :  0.00000e+00
No. of Data Rows : 1
vref_val = 1.193686e+00
ibias_val = 7.592484e-01
isup_val = 1.621206e-05
Reset re-loads circuit * tb_mc_untrimmed.spice -- issue #13 monte carlo mismatch analysis for the

Circuit: * tb_mc_untrimmed.spice -- issue #13 monte carlo mismatch analysis for the

Doing analysis at TEMP = -40.000000 and TNOM = 27.000000

Using SPARSE 1.3 as Direct Linear Solver
 Reference value :  0.00000e+00
No. of Data Rows : 1
vref_val = 1.194177e+00
ibias_val = 7.593337e-01
isup_val = 1.623628e-05
Reset re-loads circuit * tb_mc_untrimmed.spice -- issue #13 monte carlo mismatch analysis for the

Circuit: * tb_mc_untrimmed.spice -- issue #13 monte carlo mismatch analysis for the

Doing analysis at TEMP = -40.000000 and TNOM = 27.000000

Using SPARSE 1.3 as Direct Linear Solver

No. of Data Rows : 1
vref_val = 1.195510e+00
ibias_val = 7.595008e-01
isup_val = 1.628381e-05
Reset re-loads circuit * tb_mc_untrimmed.spice -- issue #13 monte carlo mismatch analysis for the

Circuit: * tb_mc_untrimmed.spice -- issue #13 monte carlo mismatch analysis for the

Doing analysis at TEMP = -40.000000 and TNOM = 27.000000

Using SPARSE 1.3 as Direct Linear Solver
 Reference value :  0.00000e+00
No. of Data Rows : 1
vref_val = 1.196049e+00
ibias_val = 7.595554e-01
isup_val = 1.629938e-05
Reset re-loads circuit * tb_mc_untrimmed.spice -- issue #13 monte carlo mismatch analysis for the

Circuit: * tb_mc_untrimmed.spice -- issue #13 monte carlo mismatch analysis for the

Doing analysis at TEMP = -40.000000 and TNOM = 27.000000

Using SPARSE 1.3 as Direct Linear Solver
 Reference value :  0.00000e+00
No. of Data Rows : 1
vref_val = 1.195650e+00
ibias_val = 7.595113e-01
isup_val = 1.628680e-05
Reset re-loads circuit * tb_mc_untrimmed.spice -- issue #13 monte carlo mismatch analysis for the

Circuit: * tb_mc_untrimmed.spice -- issue #13 monte carlo mismatch analysis for the

Doing analysis at TEMP = -40.000000 and TNOM = 27.000000

Using SPARSE 1.3 as Direct Linear Solver
 Reference value :  0.00000e+00
No. of Data Rows : 1
vref_val = 1.194055e+00
ibias_val = 7.592946e-01
isup_val = 1.622517e-05
Reset re-loads circuit * tb_mc_untrimmed.spice -- issue #13 monte carlo mismatch analysis for the

Circuit: * tb_mc_untrimmed.spice -- issue #13 monte carlo mismatch analysis for the

Doing analysis at TEMP = -40.000000 and TNOM = 27.000000

Using SPARSE 1.3 as Direct Linear Solver

No. of Data Rows : 1
vref_val = 1.196107e+00
ibias_val = 7.595470e-01
isup_val = 1.629699e-05
Reset re-loads circuit * tb_mc_untrimmed.spice -- issue #13 monte carlo mismatch analysis for the

Circuit: * tb_mc_untrimmed.spice -- issue #13 monte carlo mismatch analysis for the

Doing analysis at TEMP = -40.000000 and TNOM = 27.000000

Using SPARSE 1.3 as Direct Linear Solver
 Reference value :  0.00000e+00
No. of Data Rows : 1
vref_val = 1.195514e+00
ibias_val = 7.594674e-01
isup_val = 1.627432e-05
Reset re-loads circuit * tb_mc_untrimmed.spice -- issue #13 monte carlo mismatch analysis for the

Circuit: * tb_mc_untrimmed.spice -- issue #13 monte carlo mismatch analysis for the

Doing analysis at TEMP = -40.000000 and TNOM = 27.000000

Using SPARSE 1.3 as Direct Linear Solver
 Reference value :  0.00000e+00
No. of Data Rows : 1
vref_val = 1.193977e+00
ibias_val = 7.593324e-01
isup_val = 1.623590e-05
Reset re-loads circuit * tb_mc_untrimmed.spice -- issue #13 monte carlo mismatch analysis for the

Circuit: * tb_mc_untrimmed.spice -- issue #13 monte carlo mismatch analysis for the

Doing analysis at TEMP = -40.000000 and TNOM = 27.000000

Using SPARSE 1.3 as Direct Linear Solver
 Reference value :  0.00000e+00
No. of Data Rows : 1
vref_val = 1.194790e+00
ibias_val = 7.594114e-01
isup_val = 1.625838e-05
Reset re-loads circuit * tb_mc_untrimmed.spice -- issue #13 monte carlo mismatch analysis for the

Circuit: * tb_mc_untrimmed.spice -- issue #13 monte carlo mismatch analysis for the

Doing analysis at TEMP = -40.000000 and TNOM = 27.000000

Using SPARSE 1.3 as Direct Linear Solver

No. of Data Rows : 1
vref_val = 1.196234e+00
ibias_val = 7.595424e-01
isup_val = 1.629567e-05
Reset re-loads circuit * tb_mc_untrimmed.spice -- issue #13 monte carlo mismatch analysis for the

Circuit: * tb_mc_untrimmed.spice -- issue #13 monte carlo mismatch analysis for the

Doing analysis at TEMP = -40.000000 and TNOM = 27.000000

Using SPARSE 1.3 as Direct Linear Solver
 Reference value :  0.00000e+00
No. of Data Rows : 1
vref_val = 1.194581e+00
ibias_val = 7.593934e-01
isup_val = 1.625325e-05
Reset re-loads circuit * tb_mc_untrimmed.spice -- issue #13 monte carlo mismatch analysis for the

Circuit: * tb_mc_untrimmed.spice -- issue #13 monte carlo mismatch analysis for the

Doing analysis at TEMP = -40.000000 and TNOM = 27.000000

Using SPARSE 1.3 as Direct Linear Solver
 Reference value :  0.00000e+00
No. of Data Rows : 1
vref_val = 1.194954e+00
ibias_val = 7.594019e-01
isup_val = 1.625568e-05
Reset re-loads circuit * tb_mc_untrimmed.spice -- issue #13 monte carlo mismatch analysis for the

Circuit: * tb_mc_untrimmed.spice -- issue #13 monte carlo mismatch analysis for the

Doing analysis at TEMP = -40.000000 and TNOM = 27.000000

Using SPARSE 1.3 as Direct Linear Solver

No. of Data Rows : 1
vref_val = 1.197238e+00
ibias_val = 7.597061e-01
isup_val = 1.634238e-05
Reset re-loads circuit * tb_mc_untrimmed.spice -- issue #13 monte carlo mismatch analysis for the

Circuit: * tb_mc_untrimmed.spice -- issue #13 monte carlo mismatch analysis for the

Doing analysis at TEMP = -40.000000 and TNOM = 27.000000

Using SPARSE 1.3 as Direct Linear Solver
 Reference value :  0.00000e+00
No. of Data Rows : 1
vref_val = 1.195562e+00
ibias_val = 7.595059e-01
isup_val = 1.628525e-05
Reset re-loads circuit * tb_mc_untrimmed.spice -- issue #13 monte carlo mismatch analysis for the

Circuit: * tb_mc_untrimmed.spice -- issue #13 monte carlo mismatch analysis for the

Doing analysis at TEMP = -40.000000 and TNOM = 27.000000

Using SPARSE 1.3 as Direct Linear Solver
 Reference value :  0.00000e+00
No. of Data Rows : 1
vref_val = 1.194692e+00
ibias_val = 7.593790e-01
isup_val = 1.624916e-05
Reset re-loads circuit * tb_mc_untrimmed.spice -- issue #13 monte carlo mismatch analysis for the

Circuit: * tb_mc_untrimmed.spice -- issue #13 monte carlo mismatch analysis for the

Doing analysis at TEMP = -40.000000 and TNOM = 27.000000

Using SPARSE 1.3 as Direct Linear Solver

No. of Data Rows : 1
vref_val = 1.194427e+00
ibias_val = 7.593204e-01
isup_val = 1.623251e-05
Reset re-loads circuit * tb_mc_untrimmed.spice -- issue #13 monte carlo mismatch analysis for the

Circuit: * tb_mc_untrimmed.spice -- issue #13 monte carlo mismatch analysis for the

Doing analysis at TEMP = -40.000000 and TNOM = 27.000000

Using SPARSE 1.3 as Direct Linear Solver
 Reference value :  0.00000e+00
No. of Data Rows : 1
vref_val = 1.197026e+00
ibias_val = 7.596776e-01
isup_val = 1.633425e-05
Reset re-loads circuit * tb_mc_untrimmed.spice -- issue #13 monte carlo mismatch analysis for the

Circuit: * tb_mc_untrimmed.spice -- issue #13 monte carlo mismatch analysis for the

Doing analysis at TEMP = -40.000000 and TNOM = 27.000000

Using SPARSE 1.3 as Direct Linear Solver

No. of Data Rows : 1
vref_val = 1.195085e+00
ibias_val = 7.594174e-01
isup_val = 1.626007e-05
Reset re-loads circuit * tb_mc_untrimmed.spice -- issue #13 monte carlo mismatch analysis for the

Circuit: * tb_mc_untrimmed.spice -- issue #13 monte carlo mismatch analysis for the

Doing analysis at TEMP = -40.000000 and TNOM = 27.000000

Using SPARSE 1.3 as Direct Linear Solver
 Reference value :  0.00000e+00
No. of Data Rows : 1
vref_val = 1.195671e+00
ibias_val = 7.595191e-01
isup_val = 1.628904e-05
Reset re-loads circuit * tb_mc_untrimmed.spice -- issue #13 monte carlo mismatch analysis for the

Circuit: * tb_mc_untrimmed.spice -- issue #13 monte carlo mismatch analysis for the

Doing analysis at TEMP = -40.000000 and TNOM = 27.000000

Using SPARSE 1.3 as Direct Linear Solver
 Reference value :  0.00000e+00
No. of Data Rows : 1
vref_val = 1.194923e+00
ibias_val = 7.594084e-01
isup_val = 1.625751e-05
Reset re-loads circuit * tb_mc_untrimmed.spice -- issue #13 monte carlo mismatch analysis for the

Circuit: * tb_mc_untrimmed.spice -- issue #13 monte carlo mismatch analysis for the

Doing analysis at TEMP = -40.000000 and TNOM = 27.000000

Using SPARSE 1.3 as Direct Linear Solver

No. of Data Rows : 1
vref_val = 1.195791e+00
ibias_val = 7.594857e-01
isup_val = 1.627950e-05
Reset re-loads circuit * tb_mc_untrimmed.spice -- issue #13 monte carlo mismatch analysis for the

Circuit: * tb_mc_untrimmed.spice -- issue #13 monte carlo mismatch analysis for the

Doing analysis at TEMP = -40.000000 and TNOM = 27.000000

Using SPARSE 1.3 as Direct Linear Solver
 Reference value :  0.00000e+00
No. of Data Rows : 1
vref_val = 1.195051e+00
ibias_val = 7.594484e-01
isup_val = 1.626889e-05
Reset re-loads circuit * tb_mc_untrimmed.spice -- issue #13 monte carlo mismatch analysis for the

Circuit: * tb_mc_untrimmed.spice -- issue #13 monte carlo mismatch analysis for the

Doing analysis at TEMP = -40.000000 and TNOM = 27.000000

Using SPARSE 1.3 as Direct Linear Solver
 Reference value :  0.00000e+00
No. of Data Rows : 1
vref_val = 1.193956e+00
ibias_val = 7.593318e-01
isup_val = 1.623575e-05
Reset re-loads circuit * tb_mc_untrimmed.spice -- issue #13 monte carlo mismatch analysis for the

Circuit: * tb_mc_untrimmed.spice -- issue #13 monte carlo mismatch analysis for the

Doing analysis at TEMP = -40.000000 and TNOM = 27.000000

Using SPARSE 1.3 as Direct Linear Solver

No. of Data Rows : 1
vref_val = 1.194982e+00
ibias_val = 7.594420e-01
isup_val = 1.626709e-05
Reset re-loads circuit * tb_mc_untrimmed.spice -- issue #13 monte carlo mismatch analysis for the

Circuit: * tb_mc_untrimmed.spice -- issue #13 monte carlo mismatch analysis for the

Doing analysis at TEMP = -40.000000 and TNOM = 27.000000

Using SPARSE 1.3 as Direct Linear Solver
 Reference value :  0.00000e+00
No. of Data Rows : 1
vref_val = 1.195717e+00
ibias_val = 7.595156e-01
isup_val = 1.628803e-05
Reset re-loads circuit * tb_mc_untrimmed.spice -- issue #13 monte carlo mismatch analysis for the

Circuit: * tb_mc_untrimmed.spice -- issue #13 monte carlo mismatch analysis for the

Doing analysis at TEMP = -40.000000 and TNOM = 27.000000

Using SPARSE 1.3 as Direct Linear Solver
 Reference value :  0.00000e+00
No. of Data Rows : 1
vref_val = 1.195732e+00
ibias_val = 7.595510e-01
isup_val = 1.629812e-05
Reset re-loads circuit * tb_mc_untrimmed.spice -- issue #13 monte carlo mismatch analysis for the

Circuit: * tb_mc_untrimmed.spice -- issue #13 monte carlo mismatch analysis for the

Doing analysis at TEMP = -40.000000 and TNOM = 27.000000

Using SPARSE 1.3 as Direct Linear Solver

No. of Data Rows : 1
vref_val = 1.195410e+00
ibias_val = 7.595234e-01
isup_val = 1.629026e-05
Reset re-loads circuit * tb_mc_untrimmed.spice -- issue #13 monte carlo mismatch analysis for the

Circuit: * tb_mc_untrimmed.spice -- issue #13 monte carlo mismatch analysis for the

Doing analysis at TEMP = -40.000000 and TNOM = 27.000000

Using SPARSE 1.3 as Direct Linear Solver
 Reference value :  0.00000e+00
No. of Data Rows : 1
vref_val = 1.195516e+00
ibias_val = 7.594865e-01
isup_val = 1.627975e-05
Reset re-loads circuit * tb_mc_untrimmed.spice -- issue #13 monte carlo mismatch analysis for the

Circuit: * tb_mc_untrimmed.spice -- issue #13 monte carlo mismatch analysis for the

Doing analysis at TEMP = -40.000000 and TNOM = 27.000000

Using SPARSE 1.3 as Direct Linear Solver

No. of Data Rows : 1
vref_val = 1.193757e+00
ibias_val = 7.592629e-01
isup_val = 1.621616e-05
Reset re-loads circuit * tb_mc_untrimmed.spice -- issue #13 monte carlo mismatch analysis for the

Circuit: * tb_mc_untrimmed.spice -- issue #13 monte carlo mismatch analysis for the

Doing analysis at TEMP = -40.000000 and TNOM = 27.000000

Using SPARSE 1.3 as Direct Linear Solver
 Reference value :  0.00000e+00
No. of Data Rows : 1
vref_val = 1.194983e+00
ibias_val = 7.594134e-01
isup_val = 1.625894e-05
Reset re-loads circuit * tb_mc_untrimmed.spice -- issue #13 monte carlo mismatch analysis for the

Circuit: * tb_mc_untrimmed.spice -- issue #13 monte carlo mismatch analysis for the

Doing analysis at TEMP = -40.000000 and TNOM = 27.000000

Using SPARSE 1.3 as Direct Linear Solver
 Reference value :  0.00000e+00
No. of Data Rows : 1
vref_val = 1.194798e+00
ibias_val = 7.593898e-01
isup_val = 1.625223e-05
Reset re-loads circuit * tb_mc_untrimmed.spice -- issue #13 monte carlo mismatch analysis for the

Circuit: * tb_mc_untrimmed.spice -- issue #13 monte carlo mismatch analysis for the

Doing analysis at TEMP = -40.000000 and TNOM = 27.000000

Using SPARSE 1.3 as Direct Linear Solver

No. of Data Rows : 1
vref_val = 1.195109e+00
ibias_val = 7.594433e-01
isup_val = 1.626745e-05
Reset re-loads circuit * tb_mc_untrimmed.spice -- issue #13 monte carlo mismatch analysis for the

Circuit: * tb_mc_untrimmed.spice -- issue #13 monte carlo mismatch analysis for the

Doing analysis at TEMP = -40.000000 and TNOM = 27.000000

Using SPARSE 1.3 as Direct Linear Solver
 Reference value :  0.00000e+00
No. of Data Rows : 1
vref_val = 1.195772e+00
ibias_val = 7.594855e-01
isup_val = 1.627945e-05
Reset re-loads circuit * tb_mc_untrimmed.spice -- issue #13 monte carlo mismatch analysis for the

Circuit: * tb_mc_untrimmed.spice -- issue #13 monte carlo mismatch analysis for the

Doing analysis at TEMP = -40.000000 and TNOM = 27.000000

Using SPARSE 1.3 as Direct Linear Solver

No. of Data Rows : 1
vref_val = 1.195573e+00
ibias_val = 7.595217e-01
isup_val = 1.628976e-05
Reset re-loads circuit * tb_mc_untrimmed.spice -- issue #13 monte carlo mismatch analysis for the

Circuit: * tb_mc_untrimmed.spice -- issue #13 monte carlo mismatch analysis for the

Doing analysis at TEMP = -40.000000 and TNOM = 27.000000

Using SPARSE 1.3 as Direct Linear Solver
 Reference value :  0.00000e+00
No. of Data Rows : 1
vref_val = 1.195152e+00
ibias_val = 7.594611e-01
isup_val = 1.627251e-05
Reset re-loads circuit * tb_mc_untrimmed.spice -- issue #13 monte carlo mismatch analysis for the

Circuit: * tb_mc_untrimmed.spice -- issue #13 monte carlo mismatch analysis for the

Doing analysis at TEMP = -40.000000 and TNOM = 27.000000

Using SPARSE 1.3 as Direct Linear Solver

No. of Data Rows : 1
vref_val = 1.195712e+00
ibias_val = 7.595479e-01
isup_val = 1.629723e-05
Reset re-loads circuit * tb_mc_untrimmed.spice -- issue #13 monte carlo mismatch analysis for the

Circuit: * tb_mc_untrimmed.spice -- issue #13 monte carlo mismatch analysis for the

Doing analysis at TEMP = -40.000000 and TNOM = 27.000000

Using SPARSE 1.3 as Direct Linear Solver
 Reference value :  0.00000e+00
No. of Data Rows : 1
vref_val = 1.195285e+00
ibias_val = 7.594195e-01
isup_val = 1.626068e-05
Reset re-loads circuit * tb_mc_untrimmed.spice -- issue #13 monte carlo mismatch analysis for the

Circuit: * tb_mc_untrimmed.spice -- issue #13 monte carlo mismatch analysis for the

Doing analysis at TEMP = -40.000000 and TNOM = 27.000000

Using SPARSE 1.3 as Direct Linear Solver

No. of Data Rows : 1
vref_val = 1.195219e+00
ibias_val = 7.594817e-01
isup_val = 1.627836e-05
Reset re-loads circuit * tb_mc_untrimmed.spice -- issue #13 monte carlo mismatch analysis for the

Circuit: * tb_mc_untrimmed.spice -- issue #13 monte carlo mismatch analysis for the

Doing analysis at TEMP = -40.000000 and TNOM = 27.000000

Using SPARSE 1.3 as Direct Linear Solver
 Reference value :  0.00000e+00
No. of Data Rows : 1
vref_val = 1.194614e+00
ibias_val = 7.593673e-01
isup_val = 1.624583e-05
Reset re-loads circuit * tb_mc_untrimmed.spice -- issue #13 monte carlo mismatch analysis for the

Circuit: * tb_mc_untrimmed.spice -- issue #13 monte carlo mismatch analysis for the

Doing analysis at TEMP = -40.000000 and TNOM = 27.000000

Using SPARSE 1.3 as Direct Linear Solver

No. of Data Rows : 1
vref_val = 1.195663e+00
ibias_val = 7.594993e-01
isup_val = 1.628338e-05
Reset re-loads circuit * tb_mc_untrimmed.spice -- issue #13 monte carlo mismatch analysis for the

Circuit: * tb_mc_untrimmed.spice -- issue #13 monte carlo mismatch analysis for the

Doing analysis at TEMP = -40.000000 and TNOM = 27.000000

Using SPARSE 1.3 as Direct Linear Solver
 Reference value :  0.00000e+00
No. of Data Rows : 1
vref_val = 1.194706e+00
ibias_val = 7.593991e-01
isup_val = 1.625485e-05
Reset re-loads circuit * tb_mc_untrimmed.spice -- issue #13 monte carlo mismatch analysis for the

Circuit: * tb_mc_untrimmed.spice -- issue #13 monte carlo mismatch analysis for the

Doing analysis at TEMP = -40.000000 and TNOM = 27.000000

Using SPARSE 1.3 as Direct Linear Solver
 Reference value :  0.00000e+00
No. of Data Rows : 1
vref_val = 1.194582e+00
ibias_val = 7.593830e-01
isup_val = 1.625028e-05
Reset re-loads circuit * tb_mc_untrimmed.spice -- issue #13 monte carlo mismatch analysis for the

Circuit: * tb_mc_untrimmed.spice -- issue #13 monte carlo mismatch analysis for the

Doing analysis at TEMP = -40.000000 and TNOM = 27.000000

Using SPARSE 1.3 as Direct Linear Solver

No. of Data Rows : 1
vref_val = 1.195229e+00
ibias_val = 7.594562e-01
isup_val = 1.627111e-05
Reset re-loads circuit * tb_mc_untrimmed.spice -- issue #13 monte carlo mismatch analysis for the

Circuit: * tb_mc_untrimmed.spice -- issue #13 monte carlo mismatch analysis for the

Doing analysis at TEMP = -40.000000 and TNOM = 27.000000

Using SPARSE 1.3 as Direct Linear Solver
 Reference value :  0.00000e+00
No. of Data Rows : 1
vref_val = 1.195962e+00
ibias_val = 7.595033e-01
isup_val = 1.628452e-05
Reset re-loads circuit * tb_mc_untrimmed.spice -- issue #13 monte carlo mismatch analysis for the

Circuit: * tb_mc_untrimmed.spice -- issue #13 monte carlo mismatch analysis for the

Doing analysis at TEMP = -40.000000 and TNOM = 27.000000

Using SPARSE 1.3 as Direct Linear Solver
 Reference value :  0.00000e+00
No. of Data Rows : 1
vref_val = 1.195671e+00
ibias_val = 7.594744e-01
isup_val = 1.627629e-05
Reset re-loads circuit * tb_mc_untrimmed.spice -- issue #13 monte carlo mismatch analysis for the

Circuit: * tb_mc_untrimmed.spice -- issue #13 monte carlo mismatch analysis for the

Doing analysis at TEMP = -40.000000 and TNOM = 27.000000

Using SPARSE 1.3 as Direct Linear Solver
 Reference value :  0.00000e+00
No. of Data Rows : 1
vref_val = 1.194763e+00
ibias_val = 7.594314e-01
isup_val = 1.626406e-05
Reset re-loads circuit * tb_mc_untrimmed.spice -- issue #13 monte carlo mismatch analysis for the

Circuit: * tb_mc_untrimmed.spice -- issue #13 monte carlo mismatch analysis for the

Doing analysis at TEMP = -40.000000 and TNOM = 27.000000

Using SPARSE 1.3 as Direct Linear Solver

No. of Data Rows : 1
vref_val = 1.194818e+00
ibias_val = 7.593751e-01
isup_val = 1.624805e-05
Reset re-loads circuit * tb_mc_untrimmed.spice -- issue #13 monte carlo mismatch analysis for the

Circuit: * tb_mc_untrimmed.spice -- issue #13 monte carlo mismatch analysis for the

Doing analysis at TEMP = -40.000000 and TNOM = 27.000000

Using SPARSE 1.3 as Direct Linear Solver
 Reference value :  0.00000e+00
No. of Data Rows : 1
vref_val = 1.196513e+00
ibias_val = 7.596264e-01
isup_val = 1.631963e-05
Reset re-loads circuit * tb_mc_untrimmed.spice -- issue #13 monte carlo mismatch analysis for the

Circuit: * tb_mc_untrimmed.spice -- issue #13 monte carlo mismatch analysis for the

Doing analysis at TEMP = -40.000000 and TNOM = 27.000000

Using SPARSE 1.3 as Direct Linear Solver

No. of Data Rows : 1
vref_val = 1.195117e+00
ibias_val = 7.594182e-01
isup_val = 1.626029e-05
Reset re-loads circuit * tb_mc_untrimmed.spice -- issue #13 monte carlo mismatch analysis for the

Circuit: * tb_mc_untrimmed.spice -- issue #13 monte carlo mismatch analysis for the

Doing analysis at TEMP = -40.000000 and TNOM = 27.000000

Using SPARSE 1.3 as Direct Linear Solver
 Reference value :  0.00000e+00
No. of Data Rows : 1
vref_val = 1.195037e+00
ibias_val = 7.594272e-01
isup_val = 1.626285e-05
Reset re-loads circuit * tb_mc_untrimmed.spice -- issue #13 monte carlo mismatch analysis for the

Circuit: * tb_mc_untrimmed.spice -- issue #13 monte carlo mismatch analysis for the

Doing analysis at TEMP = -40.000000 and TNOM = 27.000000

Using SPARSE 1.3 as Direct Linear Solver
 Reference value :  0.00000e+00
No. of Data Rows : 1
vref_val = 1.194850e+00
ibias_val = 7.594361e-01
isup_val = 1.626540e-05
Reset re-loads circuit * tb_mc_untrimmed.spice -- issue #13 monte carlo mismatch analysis for the

Circuit: * tb_mc_untrimmed.spice -- issue #13 monte carlo mismatch analysis for the

Doing analysis at TEMP = -40.000000 and TNOM = 27.000000

Using SPARSE 1.3 as Direct Linear Solver
 Reference value :  0.00000e+00
No. of Data Rows : 1
vref_val = 1.194251e+00
ibias_val = 7.593072e-01
isup_val = 1.622876e-05
Reset re-loads circuit * tb_mc_untrimmed.spice -- issue #13 monte carlo mismatch analysis for the

Circuit: * tb_mc_untrimmed.spice -- issue #13 monte carlo mismatch analysis for the

Doing analysis at TEMP = -40.000000 and TNOM = 27.000000

Using SPARSE 1.3 as Direct Linear Solver

No. of Data Rows : 1
vref_val = 1.195743e+00
ibias_val = 7.595042e-01
isup_val = 1.628479e-05
Reset re-loads circuit * tb_mc_untrimmed.spice -- issue #13 monte carlo mismatch analysis for the

Circuit: * tb_mc_untrimmed.spice -- issue #13 monte carlo mismatch analysis for the

Doing analysis at TEMP = -40.000000 and TNOM = 27.000000

Using SPARSE 1.3 as Direct Linear Solver
 Reference value :  0.00000e+00
No. of Data Rows : 1
vref_val = 1.195176e+00
ibias_val = 7.594581e-01
isup_val = 1.627166e-05
Reset re-loads circuit * tb_mc_untrimmed.spice -- issue #13 monte carlo mismatch analysis for the

Circuit: * tb_mc_untrimmed.spice -- issue #13 monte carlo mismatch analysis for the

Doing analysis at TEMP = -40.000000 and TNOM = 27.000000

Using SPARSE 1.3 as Direct Linear Solver
 Reference value :  0.00000e+00
No. of Data Rows : 1
vref_val = 1.194941e+00
ibias_val = 7.594559e-01
isup_val = 1.627103e-05
Reset re-loads circuit * tb_mc_untrimmed.spice -- issue #13 monte carlo mismatch analysis for the

Circuit: * tb_mc_untrimmed.spice -- issue #13 monte carlo mismatch analysis for the

Doing analysis at TEMP = -40.000000 and TNOM = 27.000000

Using SPARSE 1.3 as Direct Linear Solver

No. of Data Rows : 1
vref_val = 1.195395e+00
ibias_val = 7.594643e-01
isup_val = 1.627343e-05
Reset re-loads circuit * tb_mc_untrimmed.spice -- issue #13 monte carlo mismatch analysis for the

Circuit: * tb_mc_untrimmed.spice -- issue #13 monte carlo mismatch analysis for the

Doing analysis at TEMP = -40.000000 and TNOM = 27.000000

Using SPARSE 1.3 as Direct Linear Solver
 Reference value :  0.00000e+00
No. of Data Rows : 1
vref_val = 1.194666e+00
ibias_val = 7.593705e-01
isup_val = 1.624673e-05
Reset re-loads circuit * tb_mc_untrimmed.spice -- issue #13 monte carlo mismatch analysis for the

Circuit: * tb_mc_untrimmed.spice -- issue #13 monte carlo mismatch analysis for the

Doing analysis at TEMP = -40.000000 and TNOM = 27.000000

Using SPARSE 1.3 as Direct Linear Solver

No. of Data Rows : 1
vref_val = 1.195202e+00
ibias_val = 7.594318e-01
isup_val = 1.626416e-05
Reset re-loads circuit * tb_mc_untrimmed.spice -- issue #13 monte carlo mismatch analysis for the

Circuit: * tb_mc_untrimmed.spice -- issue #13 monte carlo mismatch analysis for the

Doing analysis at TEMP = -40.000000 and TNOM = 27.000000

Using SPARSE 1.3 as Direct Linear Solver
 Reference value :  0.00000e+00
No. of Data Rows : 1
vref_val = 1.194958e+00
ibias_val = 7.594162e-01
isup_val = 1.625972e-05
Reset re-loads circuit * tb_mc_untrimmed.spice -- issue #13 monte carlo mismatch analysis for the

Circuit: * tb_mc_untrimmed.spice -- issue #13 monte carlo mismatch analysis for the

Doing analysis at TEMP = -40.000000 and TNOM = 27.000000

Using SPARSE 1.3 as Direct Linear Solver

No. of Data Rows : 1
vref_val = 1.195963e+00
ibias_val = 7.595669e-01
isup_val = 1.630266e-05
Reset re-loads circuit * tb_mc_untrimmed.spice -- issue #13 monte carlo mismatch analysis for the

Circuit: * tb_mc_untrimmed.spice -- issue #13 monte carlo mismatch analysis for the

Doing analysis at TEMP = -40.000000 and TNOM = 27.000000

Using SPARSE 1.3 as Direct Linear Solver
 Reference value :  0.00000e+00
No. of Data Rows : 1
vref_val = 1.194858e+00
ibias_val = 7.594237e-01
isup_val = 1.626186e-05
Reset re-loads circuit * tb_mc_untrimmed.spice -- issue #13 monte carlo mismatch analysis for the

Circuit: * tb_mc_untrimmed.spice -- issue #13 monte carlo mismatch analysis for the

Doing analysis at TEMP = -40.000000 and TNOM = 27.000000

Using SPARSE 1.3 as Direct Linear Solver

No. of Data Rows : 1
vref_val = 1.194922e+00
ibias_val = 7.594337e-01
isup_val = 1.626472e-05
Reset re-loads circuit * tb_mc_untrimmed.spice -- issue #13 monte carlo mismatch analysis for the

Circuit: * tb_mc_untrimmed.spice -- issue #13 monte carlo mismatch analysis for the

Doing analysis at TEMP = -40.000000 and TNOM = 27.000000

Using SPARSE 1.3 as Direct Linear Solver
 Reference value :  0.00000e+00
No. of Data Rows : 1
vref_val = 1.194224e+00
ibias_val = 7.593378e-01
isup_val = 1.623745e-05
Reset re-loads circuit * tb_mc_untrimmed.spice -- issue #13 monte carlo mismatch analysis for the

Circuit: * tb_mc_untrimmed.spice -- issue #13 monte carlo mismatch analysis for the

Doing analysis at TEMP = -40.000000 and TNOM = 27.000000

Using SPARSE 1.3 as Direct Linear Solver
 Reference value :  0.00000e+00
No. of Data Rows : 1
vref_val = 1.194177e+00
ibias_val = 7.592979e-01
isup_val = 1.622612e-05
Reset re-loads circuit * tb_mc_untrimmed.spice -- issue #13 monte carlo mismatch analysis for the

Circuit: * tb_mc_untrimmed.spice -- issue #13 monte carlo mismatch analysis for the

Doing analysis at TEMP = -40.000000 and TNOM = 27.000000

Using SPARSE 1.3 as Direct Linear Solver
 Reference value :  0.00000e+00
No. of Data Rows : 1
vref_val = 1.193957e+00
ibias_val = 7.593140e-01
isup_val = 1.623069e-05
Reset re-loads circuit * tb_mc_untrimmed.spice -- issue #13 monte carlo mismatch analysis for the

Circuit: * tb_mc_untrimmed.spice -- issue #13 monte carlo mismatch analysis for the

Doing analysis at TEMP = -40.000000 and TNOM = 27.000000

Using SPARSE 1.3 as Direct Linear Solver
 Reference value :  0.00000e+00
No. of Data Rows : 1
vref_val = 1.194794e+00
ibias_val = 7.594059e-01
isup_val = 1.625681e-05
Reset re-loads circuit * tb_mc_untrimmed.spice -- issue #13 monte carlo mismatch analysis for the

Circuit: * tb_mc_untrimmed.spice -- issue #13 monte carlo mismatch analysis for the

Doing analysis at TEMP = -40.000000 and TNOM = 27.000000

Using SPARSE 1.3 as Direct Linear Solver
 Reference value :  0.00000e+00
No. of Data Rows : 1
vref_val = 1.194836e+00
ibias_val = 7.594359e-01
isup_val = 1.626534e-05
Reset re-loads circuit * tb_mc_untrimmed.spice -- issue #13 monte carlo mismatch analysis for the

Circuit: * tb_mc_untrimmed.spice -- issue #13 monte carlo mismatch analysis for the

Doing analysis at TEMP = -40.000000 and TNOM = 27.000000

Using SPARSE 1.3 as Direct Linear Solver
 Reference value :  0.00000e+00
No. of Data Rows : 1
vref_val = 1.194782e+00
ibias_val = 7.593888e-01
isup_val = 1.625195e-05
Reset re-loads circuit * tb_mc_untrimmed.spice -- issue #13 monte carlo mismatch analysis for the

Circuit: * tb_mc_untrimmed.spice -- issue #13 monte carlo mismatch analysis for the

Doing analysis at TEMP = -40.000000 and TNOM = 27.000000

Using SPARSE 1.3 as Direct Linear Solver
 Reference value :  0.00000e+00
No. of Data Rows : 1
vref_val = 1.194735e+00
ibias_val = 7.593863e-01
isup_val = 1.625124e-05
Reset re-loads circuit * tb_mc_untrimmed.spice -- issue #13 monte carlo mismatch analysis for the

Circuit: * tb_mc_untrimmed.spice -- issue #13 monte carlo mismatch analysis for the

Doing analysis at TEMP = -40.000000 and TNOM = 27.000000

Using SPARSE 1.3 as Direct Linear Solver
 Reference value :  0.00000e+00
No. of Data Rows : 1
vref_val = 1.195123e+00
ibias_val = 7.594132e-01
isup_val = 1.625889e-05
Reset re-loads circuit * tb_mc_untrimmed.spice -- issue #13 monte carlo mismatch analysis for the

Circuit: * tb_mc_untrimmed.spice -- issue #13 monte carlo mismatch analysis for the

Doing analysis at TEMP = -40.000000 and TNOM = 27.000000

Using SPARSE 1.3 as Direct Linear Solver
 Reference value :  0.00000e+00
No. of Data Rows : 1
vref_val = 1.194214e+00
ibias_val = 7.593395e-01
isup_val = 1.623793e-05
Reset re-loads circuit * tb_mc_untrimmed.spice -- issue #13 monte carlo mismatch analysis for the

Circuit: * tb_mc_untrimmed.spice -- issue #13 monte carlo mismatch analysis for the

Doing analysis at TEMP = -40.000000 and TNOM = 27.000000

Using SPARSE 1.3 as Direct Linear Solver
 Reference value :  0.00000e+00
No. of Data Rows : 1
vref_val = 1.194587e+00
ibias_val = 7.593660e-01
isup_val = 1.624547e-05
Reset re-loads circuit * tb_mc_untrimmed.spice -- issue #13 monte carlo mismatch analysis for the

Circuit: * tb_mc_untrimmed.spice -- issue #13 monte carlo mismatch analysis for the

Doing analysis at TEMP = -40.000000 and TNOM = 27.000000

Using SPARSE 1.3 as Direct Linear Solver
 Reference value :  0.00000e+00
No. of Data Rows : 1
vref_val = 1.194498e+00
ibias_val = 7.593723e-01
isup_val = 1.624726e-05
Reset re-loads circuit * tb_mc_untrimmed.spice -- issue #13 monte carlo mismatch analysis for the

Circuit: * tb_mc_untrimmed.spice -- issue #13 monte carlo mismatch analysis for the

Doing analysis at TEMP = -40.000000 and TNOM = 27.000000

Using SPARSE 1.3 as Direct Linear Solver
 Reference value :  0.00000e+00
No. of Data Rows : 1
vref_val = 1.192995e+00
ibias_val = 7.591686e-01
isup_val = 1.618942e-05
Reset re-loads circuit * tb_mc_untrimmed.spice -- issue #13 monte carlo mismatch analysis for the

Circuit: * tb_mc_untrimmed.spice -- issue #13 monte carlo mismatch analysis for the

Doing analysis at TEMP = -40.000000 and TNOM = 27.000000

Using SPARSE 1.3 as Direct Linear Solver
 Reference value :  0.00000e+00
No. of Data Rows : 1
vref_val = 1.194164e+00
ibias_val = 7.593157e-01
isup_val = 1.623116e-05
Reset re-loads circuit * tb_mc_untrimmed.spice -- issue #13 monte carlo mismatch analysis for the

Circuit: * tb_mc_untrimmed.spice -- issue #13 monte carlo mismatch analysis for the

Doing analysis at TEMP = -40.000000 and TNOM = 27.000000

Using SPARSE 1.3 as Direct Linear Solver
 Reference value :  0.00000e+00
No. of Data Rows : 1
vref_val = 1.195941e+00
ibias_val = 7.594994e-01
isup_val = 1.628341e-05
Reset re-loads circuit * tb_mc_untrimmed.spice -- issue #13 monte carlo mismatch analysis for the

Circuit: * tb_mc_untrimmed.spice -- issue #13 monte carlo mismatch analysis for the

Doing analysis at TEMP = -40.000000 and TNOM = 27.000000

Using SPARSE 1.3 as Direct Linear Solver

No. of Data Rows : 1
vref_val = 1.193788e+00
ibias_val = 7.592907e-01
isup_val = 1.622406e-05
Reset re-loads circuit * tb_mc_untrimmed.spice -- issue #13 monte carlo mismatch analysis for the

Circuit: * tb_mc_untrimmed.spice -- issue #13 monte carlo mismatch analysis for the

Doing analysis at TEMP = -40.000000 and TNOM = 27.000000

Using SPARSE 1.3 as Direct Linear Solver
 Reference value :  0.00000e+00
No. of Data Rows : 1
vref_val = 1.195704e+00
ibias_val = 7.595277e-01
isup_val = 1.629148e-05
Reset re-loads circuit * tb_mc_untrimmed.spice -- issue #13 monte carlo mismatch analysis for the

Circuit: * tb_mc_untrimmed.spice -- issue #13 monte carlo mismatch analysis for the

Doing analysis at TEMP = -40.000000 and TNOM = 27.000000

Using SPARSE 1.3 as Direct Linear Solver
 Reference value :  0.00000e+00
No. of Data Rows : 1
vref_val = 1.194428e+00
ibias_val = 7.593848e-01
isup_val = 1.625079e-05
Reset re-loads circuit * tb_mc_untrimmed.spice -- issue #13 monte carlo mismatch analysis for the

Circuit: * tb_mc_untrimmed.spice -- issue #13 monte carlo mismatch analysis for the

Doing analysis at TEMP = -40.000000 and TNOM = 27.000000

Using SPARSE 1.3 as Direct Linear Solver
 Reference value :  0.00000e+00
No. of Data Rows : 1
vref_val = 1.195778e+00
ibias_val = 7.595325e-01
isup_val = 1.629284e-05
Reset re-loads circuit * tb_mc_untrimmed.spice -- issue #13 monte carlo mismatch analysis for the

Circuit: * tb_mc_untrimmed.spice -- issue #13 monte carlo mismatch analysis for the

Doing analysis at TEMP = -40.000000 and TNOM = 27.000000

Using SPARSE 1.3 as Direct Linear Solver
 Reference value :  0.00000e+00
No. of Data Rows : 1
vref_val = 1.195600e+00
ibias_val = 7.595064e-01
isup_val = 1.628540e-05
Reset re-loads circuit * tb_mc_untrimmed.spice -- issue #13 monte carlo mismatch analysis for the

Circuit: * tb_mc_untrimmed.spice -- issue #13 monte carlo mismatch analysis for the

Doing analysis at TEMP = -40.000000 and TNOM = 27.000000

Using SPARSE 1.3 as Direct Linear Solver
 Reference value :  0.00000e+00
No. of Data Rows : 1
vref_val = 1.194929e+00
ibias_val = 7.594307e-01
isup_val = 1.626387e-05
Reset re-loads circuit * tb_mc_untrimmed.spice -- issue #13 monte carlo mismatch analysis for the

Circuit: * tb_mc_untrimmed.spice -- issue #13 monte carlo mismatch analysis for the

Doing analysis at TEMP = -40.000000 and TNOM = 27.000000

Using SPARSE 1.3 as Direct Linear Solver
 Reference value :  0.00000e+00
No. of Data Rows : 1
vref_val = 1.195335e+00
ibias_val = 7.594894e-01
isup_val = 1.628056e-05
Reset re-loads circuit * tb_mc_untrimmed.spice -- issue #13 monte carlo mismatch analysis for the

Circuit: * tb_mc_untrimmed.spice -- issue #13 monte carlo mismatch analysis for the

Doing analysis at TEMP = -40.000000 and TNOM = 27.000000

Using SPARSE 1.3 as Direct Linear Solver

No. of Data Rows : 1
vref_val = 1.194660e+00
ibias_val = 7.594122e-01
isup_val = 1.625860e-05
Reset re-loads circuit * tb_mc_untrimmed.spice -- issue #13 monte carlo mismatch analysis for the

Circuit: * tb_mc_untrimmed.spice -- issue #13 monte carlo mismatch analysis for the

Doing analysis at TEMP = -40.000000 and TNOM = 27.000000

Using SPARSE 1.3 as Direct Linear Solver
 Reference value :  0.00000e+00
No. of Data Rows : 1
vref_val = 1.196421e+00
ibias_val = 7.596066e-01
isup_val = 1.631398e-05
Reset re-loads circuit * tb_mc_untrimmed.spice -- issue #13 monte carlo mismatch analysis for the

Circuit: * tb_mc_untrimmed.spice -- issue #13 monte carlo mismatch analysis for the

Doing analysis at TEMP = -40.000000 and TNOM = 27.000000

Using SPARSE 1.3 as Direct Linear Solver
 Reference value :  0.00000e+00
No. of Data Rows : 1
vref_val = 1.196101e+00
ibias_val = 7.595231e-01
isup_val = 1.629016e-05
Reset re-loads circuit * tb_mc_untrimmed.spice -- issue #13 monte carlo mismatch analysis for the

Circuit: * tb_mc_untrimmed.spice -- issue #13 monte carlo mismatch analysis for the

Doing analysis at TEMP = -40.000000 and TNOM = 27.000000

Using SPARSE 1.3 as Direct Linear Solver
 Reference value :  0.00000e+00
No. of Data Rows : 1
vref_val = 1.196390e+00
ibias_val = 7.595719e-01
isup_val = 1.630409e-05
Reset re-loads circuit * tb_mc_untrimmed.spice -- issue #13 monte carlo mismatch analysis for the

Circuit: * tb_mc_untrimmed.spice -- issue #13 monte carlo mismatch analysis for the

Doing analysis at TEMP = -40.000000 and TNOM = 27.000000

Using SPARSE 1.3 as Direct Linear Solver
 Reference value :  0.00000e+00
No. of Data Rows : 1
vref_val = 1.195025e+00
ibias_val = 7.594494e-01
isup_val = 1.626919e-05
Reset re-loads circuit * tb_mc_untrimmed.spice -- issue #13 monte carlo mismatch analysis for the

Circuit: * tb_mc_untrimmed.spice -- issue #13 monte carlo mismatch analysis for the

Doing analysis at TEMP = -40.000000 and TNOM = 27.000000

Using SPARSE 1.3 as Direct Linear Solver

No. of Data Rows : 1
vref_val = 1.194092e+00
ibias_val = 7.593361e-01
isup_val = 1.623697e-05
Reset re-loads circuit * tb_mc_untrimmed.spice -- issue #13 monte carlo mismatch analysis for the

Circuit: * tb_mc_untrimmed.spice -- issue #13 monte carlo mismatch analysis for the

Doing analysis at TEMP = -40.000000 and TNOM = 27.000000

Using SPARSE 1.3 as Direct Linear Solver
 Reference value :  0.00000e+00
No. of Data Rows : 1
vref_val = 1.194976e+00
ibias_val = 7.594116e-01
isup_val = 1.625842e-05
Reset re-loads circuit * tb_mc_untrimmed.spice -- issue #13 monte carlo mismatch analysis for the

Circuit: * tb_mc_untrimmed.spice -- issue #13 monte carlo mismatch analysis for the

Doing analysis at TEMP = -40.000000 and TNOM = 27.000000

Using SPARSE 1.3 as Direct Linear Solver
 Reference value :  0.00000e+00
No. of Data Rows : 1
vref_val = 1.194563e+00
ibias_val = 7.593676e-01
isup_val = 1.624591e-05
Reset re-loads circuit * tb_mc_untrimmed.spice -- issue #13 monte carlo mismatch analysis for the

Circuit: * tb_mc_untrimmed.spice -- issue #13 monte carlo mismatch analysis for the

Doing analysis at TEMP = -40.000000 and TNOM = 27.000000

Using SPARSE 1.3 as Direct Linear Solver
 Reference value :  0.00000e+00
No. of Data Rows : 1
vref_val = 1.195000e+00
ibias_val = 7.594218e-01
isup_val = 1.626132e-05
Reset re-loads circuit * tb_mc_untrimmed.spice -- issue #13 monte carlo mismatch analysis for the

Circuit: * tb_mc_untrimmed.spice -- issue #13 monte carlo mismatch analysis for the

Doing analysis at TEMP = -40.000000 and TNOM = 27.000000

Using SPARSE 1.3 as Direct Linear Solver
 Reference value :  0.00000e+00
No. of Data Rows : 1
vref_val = 1.195000e+00
ibias_val = 7.593884e-01
isup_val = 1.625184e-05
Reset re-loads circuit * tb_mc_untrimmed.spice -- issue #13 monte carlo mismatch analysis for the

Circuit: * tb_mc_untrimmed.spice -- issue #13 monte carlo mismatch analysis for the

Doing analysis at TEMP = -40.000000 and TNOM = 27.000000

Using SPARSE 1.3 as Direct Linear Solver
 Reference value :  0.00000e+00
No. of Data Rows : 1
vref_val = 1.193896e+00
ibias_val = 7.592594e-01
isup_val = 1.621518e-05
Reset re-loads circuit * tb_mc_untrimmed.spice -- issue #13 monte carlo mismatch analysis for the

Circuit: * tb_mc_untrimmed.spice -- issue #13 monte carlo mismatch analysis for the

Doing analysis at TEMP = -40.000000 and TNOM = 27.000000

Using SPARSE 1.3 as Direct Linear Solver
 Reference value :  0.00000e+00
No. of Data Rows : 1
vref_val = 1.193987e+00
ibias_val = 7.593070e-01
isup_val = 1.622868e-05
Reset re-loads circuit * tb_mc_untrimmed.spice -- issue #13 monte carlo mismatch analysis for the

Circuit: * tb_mc_untrimmed.spice -- issue #13 monte carlo mismatch analysis for the

Doing analysis at TEMP = -40.000000 and TNOM = 27.000000

Using SPARSE 1.3 as Direct Linear Solver
 Reference value :  0.00000e+00
No. of Data Rows : 1
vref_val = 1.194878e+00
ibias_val = 7.594222e-01
isup_val = 1.626145e-05
Reset re-loads circuit * tb_mc_untrimmed.spice -- issue #13 monte carlo mismatch analysis for the

Circuit: * tb_mc_untrimmed.spice -- issue #13 monte carlo mismatch analysis for the

Doing analysis at TEMP = -40.000000 and TNOM = 27.000000

Using SPARSE 1.3 as Direct Linear Solver
 Reference value :  0.00000e+00
No. of Data Rows : 1
vref_val = 1.194467e+00
ibias_val = 7.593689e-01
isup_val = 1.624628e-05
Reset re-loads circuit * tb_mc_untrimmed.spice -- issue #13 monte carlo mismatch analysis for the

Circuit: * tb_mc_untrimmed.spice -- issue #13 monte carlo mismatch analysis for the

Doing analysis at TEMP = -40.000000 and TNOM = 27.000000

Using SPARSE 1.3 as Direct Linear Solver
 Reference value :  0.00000e+00
No. of Data Rows : 1
vref_val = 1.194462e+00
ibias_val = 7.593322e-01
isup_val = 1.623585e-05
ngspice-47 done
Warning: m=xx on .subckt line will override multiplier m hierarchy!

Warning : IC on non-existent node - xx1.casc, ignored
   Please check line .ic v(fb)=1.0 v(sns1)=0.6 v(sns2)=0.6 v(vref)=1.2 v(ibias)=0.6 v(xx1.casc)=1.8

Warning : IC on non-existent node - xx1.casc, ignored
   Please check line .ic v(fb)=1.0 v(sns1)=0.6 v(sns2)=0.6 v(vref)=1.2 v(ibias)=0.6 v(xx1.casc)=1.8

Note: Starting dynamic gmin stepping
Note: Dynamic gmin stepping completed
Warning : IC on non-existent node - xx1.casc, ignored
   Please check line .ic v(fb)=1.0 v(sns1)=0.6 v(sns2)=0.6 v(vref)=1.2 v(ibias)=0.6 v(xx1.casc)=1.8

Note: Starting dynamic gmin stepping
Note: Dynamic gmin stepping completed
Warning : IC on non-existent node - xx1.casc, ignored
   Please check line .ic v(fb)=1.0 v(sns1)=0.6 v(sns2)=0.6 v(vref)=1.2 v(ibias)=0.6 v(xx1.casc)=1.8

Note: Starting dynamic gmin stepping
Note: Dynamic gmin stepping completed
Warning : IC on non-existent node - xx1.casc, ignored
   Please check line .ic v(fb)=1.0 v(sns1)=0.6 v(sns2)=0.6 v(vref)=1.2 v(ibias)=0.6 v(xx1.casc)=1.8

Note: Starting dynamic gmin stepping
Note: Dynamic gmin stepping completed
Warning : IC on non-existent node - xx1.casc, ignored
   Please check line .ic v(fb)=1.0 v(sns1)=0.6 v(sns2)=0.6 v(vref)=1.2 v(ibias)=0.6 v(xx1.casc)=1.8

Note: Starting dynamic gmin stepping
Note: Dynamic gmin stepping completed
Warning : IC on non-existent node - xx1.casc, ignored
   Please check line .ic v(fb)=1.0 v(sns1)=0.6 v(sns2)=0.6 v(vref)=1.2 v(ibias)=0.6 v(xx1.casc)=1.8

Note: Starting dynamic gmin stepping
Note: Dynamic gmin stepping completed
Warning : IC on non-existent node - xx1.casc, ignored
   Please check line .ic v(fb)=1.0 v(sns1)=0.6 v(sns2)=0.6 v(vref)=1.2 v(ibias)=0.6 v(xx1.casc)=1.8

Note: Starting dynamic gmin stepping
Note: Dynamic gmin stepping completed
Warning : IC on non-existent node - xx1.casc, ignored
   Please check line .ic v(fb)=1.0 v(sns1)=0.6 v(sns2)=0.6 v(vref)=1.2 v(ibias)=0.6 v(xx1.casc)=1.8

Note: Starting dynamic gmin stepping
Note: Dynamic gmin stepping completed
Warning : IC on non-existent node - xx1.casc, ignored
   Please check line .ic v(fb)=1.0 v(sns1)=0.6 v(sns2)=0.6 v(vref)=1.2 v(ibias)=0.6 v(xx1.casc)=1.8

Note: Starting dynamic gmin stepping
Note: Dynamic gmin stepping completed
Warning : IC on non-existent node - xx1.casc, ignored
   Please check line .ic v(fb)=1.0 v(sns1)=0.6 v(sns2)=0.6 v(vref)=1.2 v(ibias)=0.6 v(xx1.casc)=1.8

Note: Starting dynamic gmin stepping
Note: Dynamic gmin stepping completed
Warning : IC on non-existent node - xx1.casc, ignored
   Please check line .ic v(fb)=1.0 v(sns1)=0.6 v(sns2)=0.6 v(vref)=1.2 v(ibias)=0.6 v(xx1.casc)=1.8

Note: Starting dynamic gmin stepping
Note: Dynamic gmin stepping completed
Warning : IC on non-existent node - xx1.casc, ignored
   Please check line .ic v(fb)=1.0 v(sns1)=0.6 v(sns2)=0.6 v(vref)=1.2 v(ibias)=0.6 v(xx1.casc)=1.8

Note: Starting dynamic gmin stepping
Note: Dynamic gmin stepping completed
Warning : IC on non-existent node - xx1.casc, ignored
   Please check line .ic v(fb)=1.0 v(sns1)=0.6 v(sns2)=0.6 v(vref)=1.2 v(ibias)=0.6 v(xx1.casc)=1.8

Note: Starting dynamic gmin stepping
Note: Dynamic gmin stepping completed
Warning : IC on non-existent node - xx1.casc, ignored
   Please check line .ic v(fb)=1.0 v(sns1)=0.6 v(sns2)=0.6 v(vref)=1.2 v(ibias)=0.6 v(xx1.casc)=1.8

Note: Starting dynamic gmin stepping
Note: Dynamic gmin stepping completed
Warning : IC on non-existent node - xx1.casc, ignored
   Please check line .ic v(fb)=1.0 v(sns1)=0.6 v(sns2)=0.6 v(vref)=1.2 v(ibias)=0.6 v(xx1.casc)=1.8

Note: Starting dynamic gmin stepping
Note: Dynamic gmin stepping completed
Warning : IC on non-existent node - xx1.casc, ignored
   Please check line .ic v(fb)=1.0 v(sns1)=0.6 v(sns2)=0.6 v(vref)=1.2 v(ibias)=0.6 v(xx1.casc)=1.8

Note: Starting dynamic gmin stepping
Note: Dynamic gmin stepping completed
Warning : IC on non-existent node - xx1.casc, ignored
   Please check line .ic v(fb)=1.0 v(sns1)=0.6 v(sns2)=0.6 v(vref)=1.2 v(ibias)=0.6 v(xx1.casc)=1.8

Note: Starting dynamic gmin stepping
Note: Dynamic gmin stepping completed
Warning : IC on non-existent node - xx1.casc, ignored
   Please check line .ic v(fb)=1.0 v(sns1)=0.6 v(sns2)=0.6 v(vref)=1.2 v(ibias)=0.6 v(xx1.casc)=1.8

Note: Starting dynamic gmin stepping
Note: Dynamic gmin stepping completed
Warning : IC on non-existent node - xx1.casc, ignored
   Please check line .ic v(fb)=1.0 v(sns1)=0.6 v(sns2)=0.6 v(vref)=1.2 v(ibias)=0.6 v(xx1.casc)=1.8

Note: Starting dynamic gmin stepping
Note: Dynamic gmin stepping completed
Warning : IC on non-existent node - xx1.casc, ignored
   Please check line .ic v(fb)=1.0 v(sns1)=0.6 v(sns2)=0.6 v(vref)=1.2 v(ibias)=0.6 v(xx1.casc)=1.8

Note: Starting dynamic gmin stepping
Note: Dynamic gmin stepping completed
Warning : IC on non-existent node - xx1.casc, ignored
   Please check line .ic v(fb)=1.0 v(sns1)=0.6 v(sns2)=0.6 v(vref)=1.2 v(ibias)=0.6 v(xx1.casc)=1.8

Note: Starting dynamic gmin stepping
Note: Dynamic gmin stepping completed
Warning : IC on non-existent node - xx1.casc, ignored
   Please check line .ic v(fb)=1.0 v(sns1)=0.6 v(sns2)=0.6 v(vref)=1.2 v(ibias)=0.6 v(xx1.casc)=1.8

Note: Starting dynamic gmin stepping
Note: Dynamic gmin stepping completed
Warning : IC on non-existent node - xx1.casc, ignored
   Please check line .ic v(fb)=1.0 v(sns1)=0.6 v(sns2)=0.6 v(vref)=1.2 v(ibias)=0.6 v(xx1.casc)=1.8

Note: Starting dynamic gmin stepping
Note: Dynamic gmin stepping completed
Warning : IC on non-existent node - xx1.casc, ignored
   Please check line .ic v(fb)=1.0 v(sns1)=0.6 v(sns2)=0.6 v(vref)=1.2 v(ibias)=0.6 v(xx1.casc)=1.8

Note: Starting dynamic gmin stepping
Note: Dynamic gmin stepping completed
Warning : IC on non-existent node - xx1.casc, ignored
   Please check line .ic v(fb)=1.0 v(sns1)=0.6 v(sns2)=0.6 v(vref)=1.2 v(ibias)=0.6 v(xx1.casc)=1.8

Note: Starting dynamic gmin stepping
Note: Dynamic gmin stepping completed
Warning : IC on non-existent node - xx1.casc, ignored
   Please check line .ic v(fb)=1.0 v(sns1)=0.6 v(sns2)=0.6 v(vref)=1.2 v(ibias)=0.6 v(xx1.casc)=1.8

Note: Starting dynamic gmin stepping
Note: Dynamic gmin stepping completed
Warning : IC on non-existent node - xx1.casc, ignored
   Please check line .ic v(fb)=1.0 v(sns1)=0.6 v(sns2)=0.6 v(vref)=1.2 v(ibias)=0.6 v(xx1.casc)=1.8

Note: Starting dynamic gmin stepping
Note: Dynamic gmin stepping completed
Warning : IC on non-existent node - xx1.casc, ignored
   Please check line .ic v(fb)=1.0 v(sns1)=0.6 v(sns2)=0.6 v(vref)=1.2 v(ibias)=0.6 v(xx1.casc)=1.8

Note: Starting dynamic gmin stepping
Note: Dynamic gmin stepping completed
Warning : IC on non-existent node - xx1.casc, ignored
   Please check line .ic v(fb)=1.0 v(sns1)=0.6 v(sns2)=0.6 v(vref)=1.2 v(ibias)=0.6 v(xx1.casc)=1.8

Note: Starting dynamic gmin stepping
Note: Dynamic gmin stepping completed
Warning : IC on non-existent node - xx1.casc, ignored
   Please check line .ic v(fb)=1.0 v(sns1)=0.6 v(sns2)=0.6 v(vref)=1.2 v(ibias)=0.6 v(xx1.casc)=1.8

Note: Starting dynamic gmin stepping
Note: Dynamic gmin stepping completed
Warning : IC on non-existent node - xx1.casc, ignored
   Please check line .ic v(fb)=1.0 v(sns1)=0.6 v(sns2)=0.6 v(vref)=1.2 v(ibias)=0.6 v(xx1.casc)=1.8

Note: Starting dynamic gmin stepping
Note: Dynamic gmin stepping completed
Warning : IC on non-existent node - xx1.casc, ignored
   Please check line .ic v(fb)=1.0 v(sns1)=0.6 v(sns2)=0.6 v(vref)=1.2 v(ibias)=0.6 v(xx1.casc)=1.8

Note: Starting dynamic gmin stepping
Note: Dynamic gmin stepping completed
Warning : IC on non-existent node - xx1.casc, ignored
   Please check line .ic v(fb)=1.0 v(sns1)=0.6 v(sns2)=0.6 v(vref)=1.2 v(ibias)=0.6 v(xx1.casc)=1.8

Note: Starting dynamic gmin stepping
Note: Dynamic gmin stepping completed
Warning : IC on non-existent node - xx1.casc, ignored
   Please check line .ic v(fb)=1.0 v(sns1)=0.6 v(sns2)=0.6 v(vref)=1.2 v(ibias)=0.6 v(xx1.casc)=1.8

Note: Starting dynamic gmin stepping
Note: Dynamic gmin stepping completed
Warning : IC on non-existent node - xx1.casc, ignored
   Please check line .ic v(fb)=1.0 v(sns1)=0.6 v(sns2)=0.6 v(vref)=1.2 v(ibias)=0.6 v(xx1.casc)=1.8

Note: Starting dynamic gmin stepping
Note: Dynamic gmin stepping completed
Warning : IC on non-existent node - xx1.casc, ignored
   Please check line .ic v(fb)=1.0 v(sns1)=0.6 v(sns2)=0.6 v(vref)=1.2 v(ibias)=0.6 v(xx1.casc)=1.8

Note: Starting dynamic gmin stepping
Note: Dynamic gmin stepping completed
Warning : IC on non-existent node - xx1.casc, ignored
   Please check line .ic v(fb)=1.0 v(sns1)=0.6 v(sns2)=0.6 v(vref)=1.2 v(ibias)=0.6 v(xx1.casc)=1.8

Note: Starting dynamic gmin stepping
Note: Dynamic gmin stepping completed
Warning : IC on non-existent node - xx1.casc, ignored
   Please check line .ic v(fb)=1.0 v(sns1)=0.6 v(sns2)=0.6 v(vref)=1.2 v(ibias)=0.6 v(xx1.casc)=1.8

Note: Starting dynamic gmin stepping
Note: Dynamic gmin stepping completed
Warning : IC on non-existent node - xx1.casc, ignored
   Please check line .ic v(fb)=1.0 v(sns1)=0.6 v(sns2)=0.6 v(vref)=1.2 v(ibias)=0.6 v(xx1.casc)=1.8

Note: Starting dynamic gmin stepping
Note: Dynamic gmin stepping completed
Warning : IC on non-existent node - xx1.casc, ignored
   Please check line .ic v(fb)=1.0 v(sns1)=0.6 v(sns2)=0.6 v(vref)=1.2 v(ibias)=0.6 v(xx1.casc)=1.8

Note: Starting dynamic gmin stepping
Note: Dynamic gmin stepping completed
Warning : IC on non-existent node - xx1.casc, ignored
   Please check line .ic v(fb)=1.0 v(sns1)=0.6 v(sns2)=0.6 v(vref)=1.2 v(ibias)=0.6 v(xx1.casc)=1.8

Note: Starting dynamic gmin stepping
Note: Dynamic gmin stepping completed
Warning : IC on non-existent node - xx1.casc, ignored
   Please check line .ic v(fb)=1.0 v(sns1)=0.6 v(sns2)=0.6 v(vref)=1.2 v(ibias)=0.6 v(xx1.casc)=1.8

Note: Starting dynamic gmin stepping
Note: Dynamic gmin stepping completed
Warning : IC on non-existent node - xx1.casc, ignored
   Please check line .ic v(fb)=1.0 v(sns1)=0.6 v(sns2)=0.6 v(vref)=1.2 v(ibias)=0.6 v(xx1.casc)=1.8

Note: Starting dynamic gmin stepping
Note: Dynamic gmin stepping completed
Warning : IC on non-existent node - xx1.casc, ignored
   Please check line .ic v(fb)=1.0 v(sns1)=0.6 v(sns2)=0.6 v(vref)=1.2 v(ibias)=0.6 v(xx1.casc)=1.8

Note: Starting dynamic gmin stepping
Note: Dynamic gmin stepping completed
Warning : IC on non-existent node - xx1.casc, ignored
   Please check line .ic v(fb)=1.0 v(sns1)=0.6 v(sns2)=0.6 v(vref)=1.2 v(ibias)=0.6 v(xx1.casc)=1.8

Note: Starting dynamic gmin stepping
Note: Dynamic gmin stepping completed
Warning : IC on non-existent node - xx1.casc, ignored
   Please check line .ic v(fb)=1.0 v(sns1)=0.6 v(sns2)=0.6 v(vref)=1.2 v(ibias)=0.6 v(xx1.casc)=1.8

Note: Starting dynamic gmin stepping
Note: Dynamic gmin stepping completed
Warning : IC on non-existent node - xx1.casc, ignored
   Please check line .ic v(fb)=1.0 v(sns1)=0.6 v(sns2)=0.6 v(vref)=1.2 v(ibias)=0.6 v(xx1.casc)=1.8

Note: Starting dynamic gmin stepping
Note: Dynamic gmin stepping completed
Warning : IC on non-existent node - xx1.casc, ignored
   Please check line .ic v(fb)=1.0 v(sns1)=0.6 v(sns2)=0.6 v(vref)=1.2 v(ibias)=0.6 v(xx1.casc)=1.8

Note: Starting dynamic gmin stepping
Note: Dynamic gmin stepping completed
Warning : IC on non-existent node - xx1.casc, ignored
   Please check line .ic v(fb)=1.0 v(sns1)=0.6 v(sns2)=0.6 v(vref)=1.2 v(ibias)=0.6 v(xx1.casc)=1.8

Note: Starting dynamic gmin stepping
Note: Dynamic gmin stepping completed
Warning : IC on non-existent node - xx1.casc, ignored
   Please check line .ic v(fb)=1.0 v(sns1)=0.6 v(sns2)=0.6 v(vref)=1.2 v(ibias)=0.6 v(xx1.casc)=1.8

Note: Starting dynamic gmin stepping
Note: Dynamic gmin stepping completed
Warning : IC on non-existent node - xx1.casc, ignored
   Please check line .ic v(fb)=1.0 v(sns1)=0.6 v(sns2)=0.6 v(vref)=1.2 v(ibias)=0.6 v(xx1.casc)=1.8

Note: Starting dynamic gmin stepping
Note: Dynamic gmin stepping completed
Warning : IC on non-existent node - xx1.casc, ignored
   Please check line .ic v(fb)=1.0 v(sns1)=0.6 v(sns2)=0.6 v(vref)=1.2 v(ibias)=0.6 v(xx1.casc)=1.8

Note: Starting dynamic gmin stepping
Note: Dynamic gmin stepping completed
Warning : IC on non-existent node - xx1.casc, ignored
   Please check line .ic v(fb)=1.0 v(sns1)=0.6 v(sns2)=0.6 v(vref)=1.2 v(ibias)=0.6 v(xx1.casc)=1.8

Note: Starting dynamic gmin stepping
Note: Dynamic gmin stepping completed
Warning : IC on non-existent node - xx1.casc, ignored
   Please check line .ic v(fb)=1.0 v(sns1)=0.6 v(sns2)=0.6 v(vref)=1.2 v(ibias)=0.6 v(xx1.casc)=1.8

Note: Starting dynamic gmin stepping
Note: Dynamic gmin stepping completed
Warning : IC on non-existent node - xx1.casc, ignored
   Please check line .ic v(fb)=1.0 v(sns1)=0.6 v(sns2)=0.6 v(vref)=1.2 v(ibias)=0.6 v(xx1.casc)=1.8

Note: Starting dynamic gmin stepping
Note: Dynamic gmin stepping completed
Warning : IC on non-existent node - xx1.casc, ignored
   Please check line .ic v(fb)=1.0 v(sns1)=0.6 v(sns2)=0.6 v(vref)=1.2 v(ibias)=0.6 v(xx1.casc)=1.8

Note: Starting dynamic gmin stepping
Note: Dynamic gmin stepping completed
Warning : IC on non-existent node - xx1.casc, ignored
   Please check line .ic v(fb)=1.0 v(sns1)=0.6 v(sns2)=0.6 v(vref)=1.2 v(ibias)=0.6 v(xx1.casc)=1.8

Note: Starting dynamic gmin stepping
Note: Dynamic gmin stepping completed
Warning : IC on non-existent node - xx1.casc, ignored
   Please check line .ic v(fb)=1.0 v(sns1)=0.6 v(sns2)=0.6 v(vref)=1.2 v(ibias)=0.6 v(xx1.casc)=1.8

Note: Starting dynamic gmin stepping
Note: Dynamic gmin stepping completed
Warning : IC on non-existent node - xx1.casc, ignored
   Please check line .ic v(fb)=1.0 v(sns1)=0.6 v(sns2)=0.6 v(vref)=1.2 v(ibias)=0.6 v(xx1.casc)=1.8

Note: Starting dynamic gmin stepping
Note: Dynamic gmin stepping completed
Warning : IC on non-existent node - xx1.casc, ignored
   Please check line .ic v(fb)=1.0 v(sns1)=0.6 v(sns2)=0.6 v(vref)=1.2 v(ibias)=0.6 v(xx1.casc)=1.8

Note: Starting dynamic gmin stepping
Note: Dynamic gmin stepping completed
Warning : IC on non-existent node - xx1.casc, ignored
   Please check line .ic v(fb)=1.0 v(sns1)=0.6 v(sns2)=0.6 v(vref)=1.2 v(ibias)=0.6 v(xx1.casc)=1.8

Note: Starting dynamic gmin stepping
Note: Dynamic gmin stepping completed
Warning : IC on non-existent node - xx1.casc, ignored
   Please check line .ic v(fb)=1.0 v(sns1)=0.6 v(sns2)=0.6 v(vref)=1.2 v(ibias)=0.6 v(xx1.casc)=1.8

Note: Starting dynamic gmin stepping
Note: Dynamic gmin stepping completed
Warning : IC on non-existent node - xx1.casc, ignored
   Please check line .ic v(fb)=1.0 v(sns1)=0.6 v(sns2)=0.6 v(vref)=1.2 v(ibias)=0.6 v(xx1.casc)=1.8

Note: Starting dynamic gmin stepping
Note: Dynamic gmin stepping completed
Warning : IC on non-existent node - xx1.casc, ignored
   Please check line .ic v(fb)=1.0 v(sns1)=0.6 v(sns2)=0.6 v(vref)=1.2 v(ibias)=0.6 v(xx1.casc)=1.8

Note: Starting dynamic gmin stepping
Note: Dynamic gmin stepping completed
Warning : IC on non-existent node - xx1.casc, ignored
   Please check line .ic v(fb)=1.0 v(sns1)=0.6 v(sns2)=0.6 v(vref)=1.2 v(ibias)=0.6 v(xx1.casc)=1.8

Note: Starting dynamic gmin stepping
Note: Dynamic gmin stepping completed
Warning : IC on non-existent node - xx1.casc, ignored
   Please check line .ic v(fb)=1.0 v(sns1)=0.6 v(sns2)=0.6 v(vref)=1.2 v(ibias)=0.6 v(xx1.casc)=1.8

Note: Starting dynamic gmin stepping
Note: Dynamic gmin stepping completed
Warning : IC on non-existent node - xx1.casc, ignored
   Please check line .ic v(fb)=1.0 v(sns1)=0.6 v(sns2)=0.6 v(vref)=1.2 v(ibias)=0.6 v(xx1.casc)=1.8

Note: Starting dynamic gmin stepping
Note: Dynamic gmin stepping completed
Warning : IC on non-existent node - xx1.casc, ignored
   Please check line .ic v(fb)=1.0 v(sns1)=0.6 v(sns2)=0.6 v(vref)=1.2 v(ibias)=0.6 v(xx1.casc)=1.8

Note: Starting dynamic gmin stepping
Note: Dynamic gmin stepping completed
Warning : IC on non-existent node - xx1.casc, ignored
   Please check line .ic v(fb)=1.0 v(sns1)=0.6 v(sns2)=0.6 v(vref)=1.2 v(ibias)=0.6 v(xx1.casc)=1.8

Note: Starting dynamic gmin stepping
Note: Dynamic gmin stepping completed
Warning : IC on non-existent node - xx1.casc, ignored
   Please check line .ic v(fb)=1.0 v(sns1)=0.6 v(sns2)=0.6 v(vref)=1.2 v(ibias)=0.6 v(xx1.casc)=1.8

Note: Starting dynamic gmin stepping
Note: Dynamic gmin stepping completed
Warning : IC on non-existent node - xx1.casc, ignored
   Please check line .ic v(fb)=1.0 v(sns1)=0.6 v(sns2)=0.6 v(vref)=1.2 v(ibias)=0.6 v(xx1.casc)=1.8

Note: Starting dynamic gmin stepping
Note: Dynamic gmin stepping completed
Warning : IC on non-existent node - xx1.casc, ignored
   Please check line .ic v(fb)=1.0 v(sns1)=0.6 v(sns2)=0.6 v(vref)=1.2 v(ibias)=0.6 v(xx1.casc)=1.8

Note: Starting dynamic gmin stepping
Note: Dynamic gmin stepping completed
Warning : IC on non-existent node - xx1.casc, ignored
   Please check line .ic v(fb)=1.0 v(sns1)=0.6 v(sns2)=0.6 v(vref)=1.2 v(ibias)=0.6 v(xx1.casc)=1.8

Note: Starting dynamic gmin stepping
Note: Dynamic gmin stepping completed
Warning : IC on non-existent node - xx1.casc, ignored
   Please check line .ic v(fb)=1.0 v(sns1)=0.6 v(sns2)=0.6 v(vref)=1.2 v(ibias)=0.6 v(xx1.casc)=1.8

Note: Starting dynamic gmin stepping
Note: Dynamic gmin stepping completed
Warning : IC on non-existent node - xx1.casc, ignored
   Please check line .ic v(fb)=1.0 v(sns1)=0.6 v(sns2)=0.6 v(vref)=1.2 v(ibias)=0.6 v(xx1.casc)=1.8

Note: Starting dynamic gmin stepping
Note: Dynamic gmin stepping completed
Warning : IC on non-existent node - xx1.casc, ignored
   Please check line .ic v(fb)=1.0 v(sns1)=0.6 v(sns2)=0.6 v(vref)=1.2 v(ibias)=0.6 v(xx1.casc)=1.8

Note: Starting dynamic gmin stepping
Note: Dynamic gmin stepping completed
Warning : IC on non-existent node - xx1.casc, ignored
   Please check line .ic v(fb)=1.0 v(sns1)=0.6 v(sns2)=0.6 v(vref)=1.2 v(ibias)=0.6 v(xx1.casc)=1.8

Note: Starting dynamic gmin stepping
Note: Dynamic gmin stepping completed
Warning : IC on non-existent node - xx1.casc, ignored
   Please check line .ic v(fb)=1.0 v(sns1)=0.6 v(sns2)=0.6 v(vref)=1.2 v(ibias)=0.6 v(xx1.casc)=1.8

Note: Starting dynamic gmin stepping
Note: Dynamic gmin stepping completed
Warning : IC on non-existent node - xx1.casc, ignored
   Please check line .ic v(fb)=1.0 v(sns1)=0.6 v(sns2)=0.6 v(vref)=1.2 v(ibias)=0.6 v(xx1.casc)=1.8

Note: Starting dynamic gmin stepping
Note: Dynamic gmin stepping completed
Warning : IC on non-existent node - xx1.casc, ignored
   Please check line .ic v(fb)=1.0 v(sns1)=0.6 v(sns2)=0.6 v(vref)=1.2 v(ibias)=0.6 v(xx1.casc)=1.8

Note: Starting dynamic gmin stepping
Note: Dynamic gmin stepping completed
Warning : IC on non-existent node - xx1.casc, ignored
   Please check line .ic v(fb)=1.0 v(sns1)=0.6 v(sns2)=0.6 v(vref)=1.2 v(ibias)=0.6 v(xx1.casc)=1.8

Note: Starting dynamic gmin stepping
Note: Dynamic gmin stepping completed
Warning : IC on non-existent node - xx1.casc, ignored
   Please check line .ic v(fb)=1.0 v(sns1)=0.6 v(sns2)=0.6 v(vref)=1.2 v(ibias)=0.6 v(xx1.casc)=1.8

Note: Starting dynamic gmin stepping
Note: Dynamic gmin stepping completed
Warning : IC on non-existent node - xx1.casc, ignored
   Please check line .ic v(fb)=1.0 v(sns1)=0.6 v(sns2)=0.6 v(vref)=1.2 v(ibias)=0.6 v(xx1.casc)=1.8

Note: Starting dynamic gmin stepping
Note: Dynamic gmin stepping completed
Warning : IC on non-existent node - xx1.casc, ignored
   Please check line .ic v(fb)=1.0 v(sns1)=0.6 v(sns2)=0.6 v(vref)=1.2 v(ibias)=0.6 v(xx1.casc)=1.8

Note: Starting dynamic gmin stepping
Note: Dynamic gmin stepping completed
Warning : IC on non-existent node - xx1.casc, ignored
   Please check line .ic v(fb)=1.0 v(sns1)=0.6 v(sns2)=0.6 v(vref)=1.2 v(ibias)=0.6 v(xx1.casc)=1.8

Note: Starting dynamic gmin stepping
Note: Dynamic gmin stepping completed
Warning : IC on non-existent node - xx1.casc, ignored
   Please check line .ic v(fb)=1.0 v(sns1)=0.6 v(sns2)=0.6 v(vref)=1.2 v(ibias)=0.6 v(xx1.casc)=1.8

Note: Starting dynamic gmin stepping
Note: Dynamic gmin stepping completed
Warning : IC on non-existent node - xx1.casc, ignored
   Please check line .ic v(fb)=1.0 v(sns1)=0.6 v(sns2)=0.6 v(vref)=1.2 v(ibias)=0.6 v(xx1.casc)=1.8

Note: Starting dynamic gmin stepping
Note: Dynamic gmin stepping completed
Warning : IC on non-existent node - xx1.casc, ignored
   Please check line .ic v(fb)=1.0 v(sns1)=0.6 v(sns2)=0.6 v(vref)=1.2 v(ibias)=0.6 v(xx1.casc)=1.8

Note: Starting dynamic gmin stepping
Note: Dynamic gmin stepping completed
Warning : IC on non-existent node - xx1.casc, ignored
   Please check line .ic v(fb)=1.0 v(sns1)=0.6 v(sns2)=0.6 v(vref)=1.2 v(ibias)=0.6 v(xx1.casc)=1.8

Note: Starting dynamic gmin stepping
Note: Dynamic gmin stepping completed
Warning : IC on non-existent node - xx1.casc, ignored
   Please check line .ic v(fb)=1.0 v(sns1)=0.6 v(sns2)=0.6 v(vref)=1.2 v(ibias)=0.6 v(xx1.casc)=1.8

Note: Starting dynamic gmin stepping
Note: Dynamic gmin stepping completed
Warning : IC on non-existent node - xx1.casc, ignored
   Please check line .ic v(fb)=1.0 v(sns1)=0.6 v(sns2)=0.6 v(vref)=1.2 v(ibias)=0.6 v(xx1.casc)=1.8

Note: Starting dynamic gmin stepping
Note: Dynamic gmin stepping completed
Warning : IC on non-existent node - xx1.casc, ignored
   Please check line .ic v(fb)=1.0 v(sns1)=0.6 v(sns2)=0.6 v(vref)=1.2 v(ibias)=0.6 v(xx1.casc)=1.8

Note: Starting dynamic gmin stepping
Note: Dynamic gmin stepping completed
Warning : IC on non-existent node - xx1.casc, ignored
   Please check line .ic v(fb)=1.0 v(sns1)=0.6 v(sns2)=0.6 v(vref)=1.2 v(ibias)=0.6 v(xx1.casc)=1.8

Note: Starting dynamic gmin stepping
Note: Dynamic gmin stepping completed
Warning : IC on non-existent node - xx1.casc, ignored
   Please check line .ic v(fb)=1.0 v(sns1)=0.6 v(sns2)=0.6 v(vref)=1.2 v(ibias)=0.6 v(xx1.casc)=1.8

Note: Starting dynamic gmin stepping
Note: Dynamic gmin stepping completed
Warning : IC on non-existent node - xx1.casc, ignored
   Please check line .ic v(fb)=1.0 v(sns1)=0.6 v(sns2)=0.6 v(vref)=1.2 v(ibias)=0.6 v(xx1.casc)=1.8

Note: Starting dynamic gmin stepping
Note: Dynamic gmin stepping completed
Warning : IC on non-existent node - xx1.casc, ignored
   Please check line .ic v(fb)=1.0 v(sns1)=0.6 v(sns2)=0.6 v(vref)=1.2 v(ibias)=0.6 v(xx1.casc)=1.8

Note: Starting dynamic gmin stepping
Note: Dynamic gmin stepping completed
Warning : IC on non-existent node - xx1.casc, ignored
   Please check line .ic v(fb)=1.0 v(sns1)=0.6 v(sns2)=0.6 v(vref)=1.2 v(ibias)=0.6 v(xx1.casc)=1.8

Note: Starting dynamic gmin stepping
Note: Dynamic gmin stepping completed
Warning : IC on non-existent node - xx1.casc, ignored
   Please check line .ic v(fb)=1.0 v(sns1)=0.6 v(sns2)=0.6 v(vref)=1.2 v(ibias)=0.6 v(xx1.casc)=1.8

Note: Starting dynamic gmin stepping
Note: Dynamic gmin stepping completed
Warning : IC on non-existent node - xx1.casc, ignored
   Please check line .ic v(fb)=1.0 v(sns1)=0.6 v(sns2)=0.6 v(vref)=1.2 v(ibias)=0.6 v(xx1.casc)=1.8

Note: Starting dynamic gmin stepping
Note: Dynamic gmin stepping completed
Warning : IC on non-existent node - xx1.casc, ignored
   Please check line .ic v(fb)=1.0 v(sns1)=0.6 v(sns2)=0.6 v(vref)=1.2 v(ibias)=0.6 v(xx1.casc)=1.8

Note: Starting dynamic gmin stepping
Note: Dynamic gmin stepping completed
Warning : IC on non-existent node - xx1.casc, ignored
   Please check line .ic v(fb)=1.0 v(sns1)=0.6 v(sns2)=0.6 v(vref)=1.2 v(ibias)=0.6 v(xx1.casc)=1.8

Note: Starting dynamic gmin stepping
Note: Dynamic gmin stepping completed
Warning : IC on non-existent node - xx1.casc, ignored
   Please check line .ic v(fb)=1.0 v(sns1)=0.6 v(sns2)=0.6 v(vref)=1.2 v(ibias)=0.6 v(xx1.casc)=1.8

Note: Starting dynamic gmin stepping
Note: Dynamic gmin stepping completed
Warning : IC on non-existent node - xx1.casc, ignored
   Please check line .ic v(fb)=1.0 v(sns1)=0.6 v(sns2)=0.6 v(vref)=1.2 v(ibias)=0.6 v(xx1.casc)=1.8

Note: Starting dynamic gmin stepping
Note: Dynamic gmin stepping completed
Warning : IC on non-existent node - xx1.casc, ignored
   Please check line .ic v(fb)=1.0 v(sns1)=0.6 v(sns2)=0.6 v(vref)=1.2 v(ibias)=0.6 v(xx1.casc)=1.8

Note: Starting dynamic gmin stepping
Note: Dynamic gmin stepping completed
Warning : IC on non-existent node - xx1.casc, ignored
   Please check line .ic v(fb)=1.0 v(sns1)=0.6 v(sns2)=0.6 v(vref)=1.2 v(ibias)=0.6 v(xx1.casc)=1.8

Note: Starting dynamic gmin stepping
Note: Dynamic gmin stepping completed
Warning : IC on non-existent node - xx1.casc, ignored
   Please check line .ic v(fb)=1.0 v(sns1)=0.6 v(sns2)=0.6 v(vref)=1.2 v(ibias)=0.6 v(xx1.casc)=1.8

Note: Starting dynamic gmin stepping
Note: Dynamic gmin stepping completed
Warning : IC on non-existent node - xx1.casc, ignored
   Please check line .ic v(fb)=1.0 v(sns1)=0.6 v(sns2)=0.6 v(vref)=1.2 v(ibias)=0.6 v(xx1.casc)=1.8

Note: Starting dynamic gmin stepping
Note: Dynamic gmin stepping completed
Warning : IC on non-existent node - xx1.casc, ignored
   Please check line .ic v(fb)=1.0 v(sns1)=0.6 v(sns2)=0.6 v(vref)=1.2 v(ibias)=0.6 v(xx1.casc)=1.8

Note: Starting dynamic gmin stepping
Note: Dynamic gmin stepping completed
Warning : IC on non-existent node - xx1.casc, ignored
   Please check line .ic v(fb)=1.0 v(sns1)=0.6 v(sns2)=0.6 v(vref)=1.2 v(ibias)=0.6 v(xx1.casc)=1.8

Note: Starting dynamic gmin stepping
Note: Dynamic gmin stepping completed
Warning : IC on non-existent node - xx1.casc, ignored
   Please check line .ic v(fb)=1.0 v(sns1)=0.6 v(sns2)=0.6 v(vref)=1.2 v(ibias)=0.6 v(xx1.casc)=1.8

Note: Starting dynamic gmin stepping
Note: Dynamic gmin stepping completed
Warning : IC on non-existent node - xx1.casc, ignored
   Please check line .ic v(fb)=1.0 v(sns1)=0.6 v(sns2)=0.6 v(vref)=1.2 v(ibias)=0.6 v(xx1.casc)=1.8

Note: Starting dynamic gmin stepping
Note: Dynamic gmin stepping completed
Warning : IC on non-existent node - xx1.casc, ignored
   Please check line .ic v(fb)=1.0 v(sns1)=0.6 v(sns2)=0.6 v(vref)=1.2 v(ibias)=0.6 v(xx1.casc)=1.8

Note: Starting dynamic gmin stepping
Note: Dynamic gmin stepping completed
Warning : IC on non-existent node - xx1.casc, ignored
   Please check line .ic v(fb)=1.0 v(sns1)=0.6 v(sns2)=0.6 v(vref)=1.2 v(ibias)=0.6 v(xx1.casc)=1.8

Note: Starting dynamic gmin stepping
Note: Dynamic gmin stepping completed
Warning : IC on non-existent node - xx1.casc, ignored
   Please check line .ic v(fb)=1.0 v(sns1)=0.6 v(sns2)=0.6 v(vref)=1.2 v(ibias)=0.6 v(xx1.casc)=1.8

Note: Starting dynamic gmin stepping
Note: Dynamic gmin stepping completed
Warning : IC on non-existent node - xx1.casc, ignored
   Please check line .ic v(fb)=1.0 v(sns1)=0.6 v(sns2)=0.6 v(vref)=1.2 v(ibias)=0.6 v(xx1.casc)=1.8

Note: Starting dynamic gmin stepping
Note: Dynamic gmin stepping completed
Warning : IC on non-existent node - xx1.casc, ignored
   Please check line .ic v(fb)=1.0 v(sns1)=0.6 v(sns2)=0.6 v(vref)=1.2 v(ibias)=0.6 v(xx1.casc)=1.8

Note: Starting dynamic gmin stepping
Note: Dynamic gmin stepping completed
Warning : IC on non-existent node - xx1.casc, ignored
   Please check line .ic v(fb)=1.0 v(sns1)=0.6 v(sns2)=0.6 v(vref)=1.2 v(ibias)=0.6 v(xx1.casc)=1.8

Note: Starting dynamic gmin stepping
Note: Dynamic gmin stepping completed
Warning : IC on non-existent node - xx1.casc, ignored
   Please check line .ic v(fb)=1.0 v(sns1)=0.6 v(sns2)=0.6 v(vref)=1.2 v(ibias)=0.6 v(xx1.casc)=1.8

Note: Starting dynamic gmin stepping
Note: Dynamic gmin stepping completed
Warning : IC on non-existent node - xx1.casc, ignored
   Please check line .ic v(fb)=1.0 v(sns1)=0.6 v(sns2)=0.6 v(vref)=1.2 v(ibias)=0.6 v(xx1.casc)=1.8

Note: Starting dynamic gmin stepping
Note: Dynamic gmin stepping completed
Warning : IC on non-existent node - xx1.casc, ignored
   Please check line .ic v(fb)=1.0 v(sns1)=0.6 v(sns2)=0.6 v(vref)=1.2 v(ibias)=0.6 v(xx1.casc)=1.8

Note: Starting dynamic gmin stepping
Note: Dynamic gmin stepping completed
Warning : IC on non-existent node - xx1.casc, ignored
   Please check line .ic v(fb)=1.0 v(sns1)=0.6 v(sns2)=0.6 v(vref)=1.2 v(ibias)=0.6 v(xx1.casc)=1.8

Note: Starting dynamic gmin stepping
Note: Dynamic gmin stepping completed
Warning : IC on non-existent node - xx1.casc, ignored
   Please check line .ic v(fb)=1.0 v(sns1)=0.6 v(sns2)=0.6 v(vref)=1.2 v(ibias)=0.6 v(xx1.casc)=1.8

Note: Starting dynamic gmin stepping
Note: Dynamic gmin stepping completed
Warning : IC on non-existent node - xx1.casc, ignored
   Please check line .ic v(fb)=1.0 v(sns1)=0.6 v(sns2)=0.6 v(vref)=1.2 v(ibias)=0.6 v(xx1.casc)=1.8

Note: Starting dynamic gmin stepping
Note: Dynamic gmin stepping completed
Warning : IC on non-existent node - xx1.casc, ignored
   Please check line .ic v(fb)=1.0 v(sns1)=0.6 v(sns2)=0.6 v(vref)=1.2 v(ibias)=0.6 v(xx1.casc)=1.8

Note: Starting dynamic gmin stepping
Note: Dynamic gmin stepping completed
Warning : IC on non-existent node - xx1.casc, ignored
   Please check line .ic v(fb)=1.0 v(sns1)=0.6 v(sns2)=0.6 v(vref)=1.2 v(ibias)=0.6 v(xx1.casc)=1.8

Note: Starting dynamic gmin stepping
Note: Dynamic gmin stepping completed
Warning : IC on non-existent node - xx1.casc, ignored
   Please check line .ic v(fb)=1.0 v(sns1)=0.6 v(sns2)=0.6 v(vref)=1.2 v(ibias)=0.6 v(xx1.casc)=1.8

Note: Starting dynamic gmin stepping
Note: Dynamic gmin stepping completed
Warning : IC on non-existent node - xx1.casc, ignored
   Please check line .ic v(fb)=1.0 v(sns1)=0.6 v(sns2)=0.6 v(vref)=1.2 v(ibias)=0.6 v(xx1.casc)=1.8

Note: Starting dynamic gmin stepping
Note: Dynamic gmin stepping completed
Warning : IC on non-existent node - xx1.casc, ignored
   Please check line .ic v(fb)=1.0 v(sns1)=0.6 v(sns2)=0.6 v(vref)=1.2 v(ibias)=0.6 v(xx1.casc)=1.8

Note: Starting dynamic gmin stepping
Note: Dynamic gmin stepping completed
Warning : IC on non-existent node - xx1.casc, ignored
   Please check line .ic v(fb)=1.0 v(sns1)=0.6 v(sns2)=0.6 v(vref)=1.2 v(ibias)=0.6 v(xx1.casc)=1.8

Note: Starting dynamic gmin stepping
Note: Dynamic gmin stepping completed
Warning : IC on non-existent node - xx1.casc, ignored
   Please check line .ic v(fb)=1.0 v(sns1)=0.6 v(sns2)=0.6 v(vref)=1.2 v(ibias)=0.6 v(xx1.casc)=1.8

Note: Starting dynamic gmin stepping
Note: Dynamic gmin stepping completed
Warning : IC on non-existent node - xx1.casc, ignored
   Please check line .ic v(fb)=1.0 v(sns1)=0.6 v(sns2)=0.6 v(vref)=1.2 v(ibias)=0.6 v(xx1.casc)=1.8

Note: Starting dynamic gmin stepping
Note: Dynamic gmin stepping completed
Warning : IC on non-existent node - xx1.casc, ignored
   Please check line .ic v(fb)=1.0 v(sns1)=0.6 v(sns2)=0.6 v(vref)=1.2 v(ibias)=0.6 v(xx1.casc)=1.8

Note: Starting dynamic gmin stepping
Note: Dynamic gmin stepping completed
Warning : IC on non-existent node - xx1.casc, ignored
   Please check line .ic v(fb)=1.0 v(sns1)=0.6 v(sns2)=0.6 v(vref)=1.2 v(ibias)=0.6 v(xx1.casc)=1.8

Note: Starting dynamic gmin stepping
Note: Dynamic gmin stepping completed
Warning : IC on non-existent node - xx1.casc, ignored
   Please check line .ic v(fb)=1.0 v(sns1)=0.6 v(sns2)=0.6 v(vref)=1.2 v(ibias)=0.6 v(xx1.casc)=1.8

Note: Starting dynamic gmin stepping
Note: Dynamic gmin stepping completed
Warning : IC on non-existent node - xx1.casc, ignored
   Please check line .ic v(fb)=1.0 v(sns1)=0.6 v(sns2)=0.6 v(vref)=1.2 v(ibias)=0.6 v(xx1.casc)=1.8

Note: Starting dynamic gmin stepping
Note: Dynamic gmin stepping completed
Warning : IC on non-existent node - xx1.casc, ignored
   Please check line .ic v(fb)=1.0 v(sns1)=0.6 v(sns2)=0.6 v(vref)=1.2 v(ibias)=0.6 v(xx1.casc)=1.8

Note: Starting dynamic gmin stepping
Note: Dynamic gmin stepping completed
Warning : IC on non-existent node - xx1.casc, ignored
   Please check line .ic v(fb)=1.0 v(sns1)=0.6 v(sns2)=0.6 v(vref)=1.2 v(ibias)=0.6 v(xx1.casc)=1.8

Note: Starting dynamic gmin stepping
Note: Dynamic gmin stepping completed
Warning : IC on non-existent node - xx1.casc, ignored
   Please check line .ic v(fb)=1.0 v(sns1)=0.6 v(sns2)=0.6 v(vref)=1.2 v(ibias)=0.6 v(xx1.casc)=1.8

Note: Starting dynamic gmin stepping
Note: Dynamic gmin stepping completed
Warning : IC on non-existent node - xx1.casc, ignored
   Please check line .ic v(fb)=1.0 v(sns1)=0.6 v(sns2)=0.6 v(vref)=1.2 v(ibias)=0.6 v(xx1.casc)=1.8

Note: Starting dynamic gmin stepping
Note: Dynamic gmin stepping completed
Warning : IC on non-existent node - xx1.casc, ignored
   Please check line .ic v(fb)=1.0 v(sns1)=0.6 v(sns2)=0.6 v(vref)=1.2 v(ibias)=0.6 v(xx1.casc)=1.8

Note: Starting dynamic gmin stepping
Note: Dynamic gmin stepping completed
Warning : IC on non-existent node - xx1.casc, ignored
   Please check line .ic v(fb)=1.0 v(sns1)=0.6 v(sns2)=0.6 v(vref)=1.2 v(ibias)=0.6 v(xx1.casc)=1.8

Note: Starting dynamic gmin stepping
Note: Dynamic gmin stepping completed
Warning : IC on non-existent node - xx1.casc, ignored
   Please check line .ic v(fb)=1.0 v(sns1)=0.6 v(sns2)=0.6 v(vref)=1.2 v(ibias)=0.6 v(xx1.casc)=1.8

Note: Starting dynamic gmin stepping
Note: Dynamic gmin stepping completed
Warning : IC on non-existent node - xx1.casc, ignored
   Please check line .ic v(fb)=1.0 v(sns1)=0.6 v(sns2)=0.6 v(vref)=1.2 v(ibias)=0.6 v(xx1.casc)=1.8

Note: Starting dynamic gmin stepping
Note: Dynamic gmin stepping completed
Warning : IC on non-existent node - xx1.casc, ignored
   Please check line .ic v(fb)=1.0 v(sns1)=0.6 v(sns2)=0.6 v(vref)=1.2 v(ibias)=0.6 v(xx1.casc)=1.8

Note: Starting dynamic gmin stepping
Note: Dynamic gmin stepping completed
Warning : IC on non-existent node - xx1.casc, ignored
   Please check line .ic v(fb)=1.0 v(sns1)=0.6 v(sns2)=0.6 v(vref)=1.2 v(ibias)=0.6 v(xx1.casc)=1.8

Note: Starting dynamic gmin stepping
Note: Dynamic gmin stepping completed
Warning : IC on non-existent node - xx1.casc, ignored
   Please check line .ic v(fb)=1.0 v(sns1)=0.6 v(sns2)=0.6 v(vref)=1.2 v(ibias)=0.6 v(xx1.casc)=1.8

Note: Starting dynamic gmin stepping
Note: Dynamic gmin stepping completed
Warning : IC on non-existent node - xx1.casc, ignored
   Please check line .ic v(fb)=1.0 v(sns1)=0.6 v(sns2)=0.6 v(vref)=1.2 v(ibias)=0.6 v(xx1.casc)=1.8

Note: Starting dynamic gmin stepping
Note: Dynamic gmin stepping completed
Warning : IC on non-existent node - xx1.casc, ignored
   Please check line .ic v(fb)=1.0 v(sns1)=0.6 v(sns2)=0.6 v(vref)=1.2 v(ibias)=0.6 v(xx1.casc)=1.8

Note: Starting dynamic gmin stepping
Note: Dynamic gmin stepping completed
Warning : IC on non-existent node - xx1.casc, ignored
   Please check line .ic v(fb)=1.0 v(sns1)=0.6 v(sns2)=0.6 v(vref)=1.2 v(ibias)=0.6 v(xx1.casc)=1.8

Note: Starting dynamic gmin stepping
Note: Dynamic gmin stepping completed
Warning : IC on non-existent node - xx1.casc, ignored
   Please check line .ic v(fb)=1.0 v(sns1)=0.6 v(sns2)=0.6 v(vref)=1.2 v(ibias)=0.6 v(xx1.casc)=1.8

Note: Starting dynamic gmin stepping
Note: Dynamic gmin stepping completed
Warning : IC on non-existent node - xx1.casc, ignored
   Please check line .ic v(fb)=1.0 v(sns1)=0.6 v(sns2)=0.6 v(vref)=1.2 v(ibias)=0.6 v(xx1.casc)=1.8

Note: Starting dynamic gmin stepping
Note: Dynamic gmin stepping completed
Warning : IC on non-existent node - xx1.casc, ignored
   Please check line .ic v(fb)=1.0 v(sns1)=0.6 v(sns2)=0.6 v(vref)=1.2 v(ibias)=0.6 v(xx1.casc)=1.8

Note: Starting dynamic gmin stepping
Note: Dynamic gmin stepping completed
Warning : IC on non-existent node - xx1.casc, ignored
   Please check line .ic v(fb)=1.0 v(sns1)=0.6 v(sns2)=0.6 v(vref)=1.2 v(ibias)=0.6 v(xx1.casc)=1.8

Note: Starting dynamic gmin stepping
Note: Dynamic gmin stepping completed
Warning : IC on non-existent node - xx1.casc, ignored
   Please check line .ic v(fb)=1.0 v(sns1)=0.6 v(sns2)=0.6 v(vref)=1.2 v(ibias)=0.6 v(xx1.casc)=1.8

Note: Starting dynamic gmin stepping
Note: Dynamic gmin stepping completed
Warning : IC on non-existent node - xx1.casc, ignored
   Please check line .ic v(fb)=1.0 v(sns1)=0.6 v(sns2)=0.6 v(vref)=1.2 v(ibias)=0.6 v(xx1.casc)=1.8

Note: Starting dynamic gmin stepping
Note: Dynamic gmin stepping completed
Warning : IC on non-existent node - xx1.casc, ignored
   Please check line .ic v(fb)=1.0 v(sns1)=0.6 v(sns2)=0.6 v(vref)=1.2 v(ibias)=0.6 v(xx1.casc)=1.8

Note: Starting dynamic gmin stepping
Note: Dynamic gmin stepping completed
Warning : IC on non-existent node - xx1.casc, ignored
   Please check line .ic v(fb)=1.0 v(sns1)=0.6 v(sns2)=0.6 v(vref)=1.2 v(ibias)=0.6 v(xx1.casc)=1.8

Note: Starting dynamic gmin stepping
Note: Dynamic gmin stepping completed
Warning : IC on non-existent node - xx1.casc, ignored
   Please check line .ic v(fb)=1.0 v(sns1)=0.6 v(sns2)=0.6 v(vref)=1.2 v(ibias)=0.6 v(xx1.casc)=1.8

Note: Starting dynamic gmin stepping
Note: Dynamic gmin stepping completed
Warning : IC on non-existent node - xx1.casc, ignored
   Please check line .ic v(fb)=1.0 v(sns1)=0.6 v(sns2)=0.6 v(vref)=1.2 v(ibias)=0.6 v(xx1.casc)=1.8

Note: Starting dynamic gmin stepping
Note: Dynamic gmin stepping completed
Warning : IC on non-existent node - xx1.casc, ignored
   Please check line .ic v(fb)=1.0 v(sns1)=0.6 v(sns2)=0.6 v(vref)=1.2 v(ibias)=0.6 v(xx1.casc)=1.8

Note: Starting dynamic gmin stepping
Note: Dynamic gmin stepping completed
Warning : IC on non-existent node - xx1.casc, ignored
   Please check line .ic v(fb)=1.0 v(sns1)=0.6 v(sns2)=0.6 v(vref)=1.2 v(ibias)=0.6 v(xx1.casc)=1.8

Note: Starting dynamic gmin stepping
Note: Dynamic gmin stepping completed
Warning : IC on non-existent node - xx1.casc, ignored
   Please check line .ic v(fb)=1.0 v(sns1)=0.6 v(sns2)=0.6 v(vref)=1.2 v(ibias)=0.6 v(xx1.casc)=1.8

Note: Starting dynamic gmin stepping
Note: Dynamic gmin stepping completed
Warning : IC on non-existent node - xx1.casc, ignored
   Please check line .ic v(fb)=1.0 v(sns1)=0.6 v(sns2)=0.6 v(vref)=1.2 v(ibias)=0.6 v(xx1.casc)=1.8

Note: Starting dynamic gmin stepping
Note: Dynamic gmin stepping completed
Warning : IC on non-existent node - xx1.casc, ignored
   Please check line .ic v(fb)=1.0 v(sns1)=0.6 v(sns2)=0.6 v(vref)=1.2 v(ibias)=0.6 v(xx1.casc)=1.8

Note: Starting dynamic gmin stepping
Note: Dynamic gmin stepping completed
Warning : IC on non-existent node - xx1.casc, ignored
   Please check line .ic v(fb)=1.0 v(sns1)=0.6 v(sns2)=0.6 v(vref)=1.2 v(ibias)=0.6 v(xx1.casc)=1.8

Note: Starting dynamic gmin stepping
Note: Dynamic gmin stepping completed
Warning : IC on non-existent node - xx1.casc, ignored
   Please check line .ic v(fb)=1.0 v(sns1)=0.6 v(sns2)=0.6 v(vref)=1.2 v(ibias)=0.6 v(xx1.casc)=1.8

Note: Starting dynamic gmin stepping
Note: Dynamic gmin stepping completed
Warning : IC on non-existent node - xx1.casc, ignored
   Please check line .ic v(fb)=1.0 v(sns1)=0.6 v(sns2)=0.6 v(vref)=1.2 v(ibias)=0.6 v(xx1.casc)=1.8

Note: Starting dynamic gmin stepping
Note: Dynamic gmin stepping completed
Warning : IC on non-existent node - xx1.casc, ignored
   Please check line .ic v(fb)=1.0 v(sns1)=0.6 v(sns2)=0.6 v(vref)=1.2 v(ibias)=0.6 v(xx1.casc)=1.8

Note: Starting dynamic gmin stepping
Note: Dynamic gmin stepping completed
Warning : IC on non-existent node - xx1.casc, ignored
   Please check line .ic v(fb)=1.0 v(sns1)=0.6 v(sns2)=0.6 v(vref)=1.2 v(ibias)=0.6 v(xx1.casc)=1.8

Note: Starting dynamic gmin stepping
Note: Dynamic gmin stepping completed
Warning : IC on non-existent node - xx1.casc, ignored
   Please check line .ic v(fb)=1.0 v(sns1)=0.6 v(sns2)=0.6 v(vref)=1.2 v(ibias)=0.6 v(xx1.casc)=1.8

Note: Starting dynamic gmin stepping
Note: Dynamic gmin stepping completed
Warning : IC on non-existent node - xx1.casc, ignored
   Please check line .ic v(fb)=1.0 v(sns1)=0.6 v(sns2)=0.6 v(vref)=1.2 v(ibias)=0.6 v(xx1.casc)=1.8

Note: Starting dynamic gmin stepping
Note: Dynamic gmin stepping completed
Warning : IC on non-existent node - xx1.casc, ignored
   Please check line .ic v(fb)=1.0 v(sns1)=0.6 v(sns2)=0.6 v(vref)=1.2 v(ibias)=0.6 v(xx1.casc)=1.8

Note: Starting dynamic gmin stepping
Note: Dynamic gmin stepping completed
Warning : IC on non-existent node - xx1.casc, ignored
   Please check line .ic v(fb)=1.0 v(sns1)=0.6 v(sns2)=0.6 v(vref)=1.2 v(ibias)=0.6 v(xx1.casc)=1.8

Note: Starting dynamic gmin stepping
Note: Dynamic gmin stepping completed
Warning : IC on non-existent node - xx1.casc, ignored
   Please check line .ic v(fb)=1.0 v(sns1)=0.6 v(sns2)=0.6 v(vref)=1.2 v(ibias)=0.6 v(xx1.casc)=1.8

Note: Starting dynamic gmin stepping
Note: Dynamic gmin stepping completed
Warning : IC on non-existent node - xx1.casc, ignored
   Please check line .ic v(fb)=1.0 v(sns1)=0.6 v(sns2)=0.6 v(vref)=1.2 v(ibias)=0.6 v(xx1.casc)=1.8

Note: Starting dynamic gmin stepping
Note: Dynamic gmin stepping completed
Warning : IC on non-existent node - xx1.casc, ignored
   Please check line .ic v(fb)=1.0 v(sns1)=0.6 v(sns2)=0.6 v(vref)=1.2 v(ibias)=0.6 v(xx1.casc)=1.8

Note: Starting dynamic gmin stepping
Note: Dynamic gmin stepping completed
Warning : IC on non-existent node - xx1.casc, ignored
   Please check line .ic v(fb)=1.0 v(sns1)=0.6 v(sns2)=0.6 v(vref)=1.2 v(ibias)=0.6 v(xx1.casc)=1.8

Note: Starting dynamic gmin stepping
Note: Dynamic gmin stepping completed
Warning : IC on non-existent node - xx1.casc, ignored
   Please check line .ic v(fb)=1.0 v(sns1)=0.6 v(sns2)=0.6 v(vref)=1.2 v(ibias)=0.6 v(xx1.casc)=1.8

Note: Starting dynamic gmin stepping
Note: Dynamic gmin stepping completed
Warning : IC on non-existent node - xx1.casc, ignored
   Please check line .ic v(fb)=1.0 v(sns1)=0.6 v(sns2)=0.6 v(vref)=1.2 v(ibias)=0.6 v(xx1.casc)=1.8

Note: Starting dynamic gmin stepping
Note: Dynamic gmin stepping completed
Warning : IC on non-existent node - xx1.casc, ignored
   Please check line .ic v(fb)=1.0 v(sns1)=0.6 v(sns2)=0.6 v(vref)=1.2 v(ibias)=0.6 v(xx1.casc)=1.8

Note: Starting dynamic gmin stepping
Note: Dynamic gmin stepping completed
Warning : IC on non-existent node - xx1.casc, ignored
   Please check line .ic v(fb)=1.0 v(sns1)=0.6 v(sns2)=0.6 v(vref)=1.2 v(ibias)=0.6 v(xx1.casc)=1.8

Note: Starting dynamic gmin stepping
Note: Dynamic gmin stepping completed
Warning : IC on non-existent node - xx1.casc, ignored
   Please check line .ic v(fb)=1.0 v(sns1)=0.6 v(sns2)=0.6 v(vref)=1.2 v(ibias)=0.6 v(xx1.casc)=1.8

Note: Starting dynamic gmin stepping
Note: Dynamic gmin stepping completed
Warning : IC on non-existent node - xx1.casc, ignored
   Please check line .ic v(fb)=1.0 v(sns1)=0.6 v(sns2)=0.6 v(vref)=1.2 v(ibias)=0.6 v(xx1.casc)=1.8

Note: Starting dynamic gmin stepping
Note: Dynamic gmin stepping completed
Warning : IC on non-existent node - xx1.casc, ignored
   Please check line .ic v(fb)=1.0 v(sns1)=0.6 v(sns2)=0.6 v(vref)=1.2 v(ibias)=0.6 v(xx1.casc)=1.8

Note: Starting dynamic gmin stepping
Note: Dynamic gmin stepping completed
Warning : IC on non-existent node - xx1.casc, ignored
   Please check line .ic v(fb)=1.0 v(sns1)=0.6 v(sns2)=0.6 v(vref)=1.2 v(ibias)=0.6 v(xx1.casc)=1.8

Note: Starting dynamic gmin stepping
Note: Dynamic gmin stepping completed
Warning : IC on non-existent node - xx1.casc, ignored
   Please check line .ic v(fb)=1.0 v(sns1)=0.6 v(sns2)=0.6 v(vref)=1.2 v(ibias)=0.6 v(xx1.casc)=1.8

Note: Starting dynamic gmin stepping
Note: Dynamic gmin stepping completed
Warning : IC on non-existent node - xx1.casc, ignored
   Please check line .ic v(fb)=1.0 v(sns1)=0.6 v(sns2)=0.6 v(vref)=1.2 v(ibias)=0.6 v(xx1.casc)=1.8

Note: Starting dynamic gmin stepping
Note: Dynamic gmin stepping completed
Warning : IC on non-existent node - xx1.casc, ignored
   Please check line .ic v(fb)=1.0 v(sns1)=0.6 v(sns2)=0.6 v(vref)=1.2 v(ibias)=0.6 v(xx1.casc)=1.8

Note: Starting dynamic gmin stepping
Note: Dynamic gmin stepping completed
Warning : IC on non-existent node - xx1.casc, ignored
   Please check line .ic v(fb)=1.0 v(sns1)=0.6 v(sns2)=0.6 v(vref)=1.2 v(ibias)=0.6 v(xx1.casc)=1.8

Note: Starting dynamic gmin stepping
Note: Dynamic gmin stepping completed
Warning : IC on non-existent node - xx1.casc, ignored
   Please check line .ic v(fb)=1.0 v(sns1)=0.6 v(sns2)=0.6 v(vref)=1.2 v(ibias)=0.6 v(xx1.casc)=1.8

Note: Starting dynamic gmin stepping
Note: Dynamic gmin stepping completed
Warning : IC on non-existent node - xx1.casc, ignored
   Please check line .ic v(fb)=1.0 v(sns1)=0.6 v(sns2)=0.6 v(vref)=1.2 v(ibias)=0.6 v(xx1.casc)=1.8

Note: Starting dynamic gmin stepping
Note: Dynamic gmin stepping completed
Warning : IC on non-existent node - xx1.casc, ignored
   Please check line .ic v(fb)=1.0 v(sns1)=0.6 v(sns2)=0.6 v(vref)=1.2 v(ibias)=0.6 v(xx1.casc)=1.8

Note: Starting dynamic gmin stepping
Note: Dynamic gmin stepping completed
Warning : IC on non-existent node - xx1.casc, ignored
   Please check line .ic v(fb)=1.0 v(sns1)=0.6 v(sns2)=0.6 v(vref)=1.2 v(ibias)=0.6 v(xx1.casc)=1.8

Note: Starting dynamic gmin stepping
Note: Dynamic gmin stepping completed
Warning : IC on non-existent node - xx1.casc, ignored
   Please check line .ic v(fb)=1.0 v(sns1)=0.6 v(sns2)=0.6 v(vref)=1.2 v(ibias)=0.6 v(xx1.casc)=1.8

Note: Starting dynamic gmin stepping
Note: Dynamic gmin stepping completed
Warning : IC on non-existent node - xx1.casc, ignored
   Please check line .ic v(fb)=1.0 v(sns1)=0.6 v(sns2)=0.6 v(vref)=1.2 v(ibias)=0.6 v(xx1.casc)=1.8

Note: Starting dynamic gmin stepping
Note: Dynamic gmin stepping completed
Warning : IC on non-existent node - xx1.casc, ignored
   Please check line .ic v(fb)=1.0 v(sns1)=0.6 v(sns2)=0.6 v(vref)=1.2 v(ibias)=0.6 v(xx1.casc)=1.8

Note: Starting dynamic gmin stepping
Note: Dynamic gmin stepping completed
Warning : IC on non-existent node - xx1.casc, ignored
   Please check line .ic v(fb)=1.0 v(sns1)=0.6 v(sns2)=0.6 v(vref)=1.2 v(ibias)=0.6 v(xx1.casc)=1.8

Note: Starting dynamic gmin stepping
Note: Dynamic gmin stepping completed
Warning : IC on non-existent node - xx1.casc, ignored
   Please check line .ic v(fb)=1.0 v(sns1)=0.6 v(sns2)=0.6 v(vref)=1.2 v(ibias)=0.6 v(xx1.casc)=1.8

Note: Starting dynamic gmin stepping
Note: Dynamic gmin stepping completed
Warning : IC on non-existent node - xx1.casc, ignored
   Please check line .ic v(fb)=1.0 v(sns1)=0.6 v(sns2)=0.6 v(vref)=1.2 v(ibias)=0.6 v(xx1.casc)=1.8

Note: Starting dynamic gmin stepping
Note: Dynamic gmin stepping completed
Warning : IC on non-existent node - xx1.casc, ignored
   Please check line .ic v(fb)=1.0 v(sns1)=0.6 v(sns2)=0.6 v(vref)=1.2 v(ibias)=0.6 v(xx1.casc)=1.8

Note: Starting dynamic gmin stepping
Note: Dynamic gmin stepping completed
Warning : IC on non-existent node - xx1.casc, ignored
   Please check line .ic v(fb)=1.0 v(sns1)=0.6 v(sns2)=0.6 v(vref)=1.2 v(ibias)=0.6 v(xx1.casc)=1.8

Note: Starting dynamic gmin stepping
Note: Dynamic gmin stepping completed
Warning : IC on non-existent node - xx1.casc, ignored
   Please check line .ic v(fb)=1.0 v(sns1)=0.6 v(sns2)=0.6 v(vref)=1.2 v(ibias)=0.6 v(xx1.casc)=1.8

Note: Starting dynamic gmin stepping
Note: Dynamic gmin stepping completed
Warning : IC on non-existent node - xx1.casc, ignored
   Please check line .ic v(fb)=1.0 v(sns1)=0.6 v(sns2)=0.6 v(vref)=1.2 v(ibias)=0.6 v(xx1.casc)=1.8

Note: Starting dynamic gmin stepping
Note: Dynamic gmin stepping completed
Warning : IC on non-existent node - xx1.casc, ignored
   Please check line .ic v(fb)=1.0 v(sns1)=0.6 v(sns2)=0.6 v(vref)=1.2 v(ibias)=0.6 v(xx1.casc)=1.8

Note: Starting dynamic gmin stepping
Note: Dynamic gmin stepping completed
Warning : IC on non-existent node - xx1.casc, ignored
   Please check line .ic v(fb)=1.0 v(sns1)=0.6 v(sns2)=0.6 v(vref)=1.2 v(ibias)=0.6 v(xx1.casc)=1.8

Note: Starting dynamic gmin stepping
Note: Dynamic gmin stepping completed
Warning : IC on non-existent node - xx1.casc, ignored
   Please check line .ic v(fb)=1.0 v(sns1)=0.6 v(sns2)=0.6 v(vref)=1.2 v(ibias)=0.6 v(xx1.casc)=1.8

Note: Starting dynamic gmin stepping
Note: Dynamic gmin stepping completed
Warning : IC on non-existent node - xx1.casc, ignored
   Please check line .ic v(fb)=1.0 v(sns1)=0.6 v(sns2)=0.6 v(vref)=1.2 v(ibias)=0.6 v(xx1.casc)=1.8

Note: Starting dynamic gmin stepping
Note: Dynamic gmin stepping completed
Warning : IC on non-existent node - xx1.casc, ignored
   Please check line .ic v(fb)=1.0 v(sns1)=0.6 v(sns2)=0.6 v(vref)=1.2 v(ibias)=0.6 v(xx1.casc)=1.8

Note: Starting dynamic gmin stepping
Note: Dynamic gmin stepping completed
Warning : IC on non-existent node - xx1.casc, ignored
   Please check line .ic v(fb)=1.0 v(sns1)=0.6 v(sns2)=0.6 v(vref)=1.2 v(ibias)=0.6 v(xx1.casc)=1.8

Note: Starting dynamic gmin stepping
Note: Dynamic gmin stepping completed
Warning : IC on non-existent node - xx1.casc, ignored
   Please check line .ic v(fb)=1.0 v(sns1)=0.6 v(sns2)=0.6 v(vref)=1.2 v(ibias)=0.6 v(xx1.casc)=1.8

Note: Starting dynamic gmin stepping
Note: Dynamic gmin stepping completed
Warning : IC on non-existent node - xx1.casc, ignored
   Please check line .ic v(fb)=1.0 v(sns1)=0.6 v(sns2)=0.6 v(vref)=1.2 v(ibias)=0.6 v(xx1.casc)=1.8

Note: Starting dynamic gmin stepping
Note: Dynamic gmin stepping completed
Warning : IC on non-existent node - xx1.casc, ignored
   Please check line .ic v(fb)=1.0 v(sns1)=0.6 v(sns2)=0.6 v(vref)=1.2 v(ibias)=0.6 v(xx1.casc)=1.8

Note: Starting dynamic gmin stepping
Note: Dynamic gmin stepping completed
Warning : IC on non-existent node - xx1.casc, ignored
   Please check line .ic v(fb)=1.0 v(sns1)=0.6 v(sns2)=0.6 v(vref)=1.2 v(ibias)=0.6 v(xx1.casc)=1.8

Note: Starting dynamic gmin stepping
Note: Dynamic gmin stepping completed
Warning : IC on non-existent node - xx1.casc, ignored
   Please check line .ic v(fb)=1.0 v(sns1)=0.6 v(sns2)=0.6 v(vref)=1.2 v(ibias)=0.6 v(xx1.casc)=1.8

Note: Starting dynamic gmin stepping
Note: Dynamic gmin stepping completed
Warning : IC on non-existent node - xx1.casc, ignored
   Please check line .ic v(fb)=1.0 v(sns1)=0.6 v(sns2)=0.6 v(vref)=1.2 v(ibias)=0.6 v(xx1.casc)=1.8

Note: Starting dynamic gmin stepping
Note: Dynamic gmin stepping completed
Warning : IC on non-existent node - xx1.casc, ignored
   Please check line .ic v(fb)=1.0 v(sns1)=0.6 v(sns2)=0.6 v(vref)=1.2 v(ibias)=0.6 v(xx1.casc)=1.8

Note: Starting dynamic gmin stepping
Note: Dynamic gmin stepping completed
Warning : IC on non-existent node - xx1.casc, ignored
   Please check line .ic v(fb)=1.0 v(sns1)=0.6 v(sns2)=0.6 v(vref)=1.2 v(ibias)=0.6 v(xx1.casc)=1.8

Note: Starting dynamic gmin stepping
Note: Dynamic gmin stepping completed
Warning : IC on non-existent node - xx1.casc, ignored
   Please check line .ic v(fb)=1.0 v(sns1)=0.6 v(sns2)=0.6 v(vref)=1.2 v(ibias)=0.6 v(xx1.casc)=1.8

Note: Starting dynamic gmin stepping
Note: Dynamic gmin stepping completed
Warning : IC on non-existent node - xx1.casc, ignored
   Please check line .ic v(fb)=1.0 v(sns1)=0.6 v(sns2)=0.6 v(vref)=1.2 v(ibias)=0.6 v(xx1.casc)=1.8

Note: Starting dynamic gmin stepping
Note: Dynamic gmin stepping completed
Warning : IC on non-existent node - xx1.casc, ignored
   Please check line .ic v(fb)=1.0 v(sns1)=0.6 v(sns2)=0.6 v(vref)=1.2 v(ibias)=0.6 v(xx1.casc)=1.8

Note: Starting dynamic gmin stepping
Note: Dynamic gmin stepping completed
Warning : IC on non-existent node - xx1.casc, ignored
   Please check line .ic v(fb)=1.0 v(sns1)=0.6 v(sns2)=0.6 v(vref)=1.2 v(ibias)=0.6 v(xx1.casc)=1.8

Note: Starting dynamic gmin stepping
Note: Dynamic gmin stepping completed
Warning : IC on non-existent node - xx1.casc, ignored
   Please check line .ic v(fb)=1.0 v(sns1)=0.6 v(sns2)=0.6 v(vref)=1.2 v(ibias)=0.6 v(xx1.casc)=1.8

Note: Starting dynamic gmin stepping
Note: Dynamic gmin stepping completed
Warning : IC on non-existent node - xx1.casc, ignored
   Please check line .ic v(fb)=1.0 v(sns1)=0.6 v(sns2)=0.6 v(vref)=1.2 v(ibias)=0.6 v(xx1.casc)=1.8

Note: Starting dynamic gmin stepping
Note: Dynamic gmin stepping completed
Warning : IC on non-existent node - xx1.casc, ignored
   Please check line .ic v(fb)=1.0 v(sns1)=0.6 v(sns2)=0.6 v(vref)=1.2 v(ibias)=0.6 v(xx1.casc)=1.8

Note: Starting dynamic gmin stepping
Note: Dynamic gmin stepping completed
Warning : IC on non-existent node - xx1.casc, ignored
   Please check line .ic v(fb)=1.0 v(sns1)=0.6 v(sns2)=0.6 v(vref)=1.2 v(ibias)=0.6 v(xx1.casc)=1.8

Note: Starting dynamic gmin stepping
Note: Dynamic gmin stepping completed
Warning : IC on non-existent node - xx1.casc, ignored
   Please check line .ic v(fb)=1.0 v(sns1)=0.6 v(sns2)=0.6 v(vref)=1.2 v(ibias)=0.6 v(xx1.casc)=1.8

Note: Starting dynamic gmin stepping
Note: Dynamic gmin stepping completed
Warning : IC on non-existent node - xx1.casc, ignored
   Please check line .ic v(fb)=1.0 v(sns1)=0.6 v(sns2)=0.6 v(vref)=1.2 v(ibias)=0.6 v(xx1.casc)=1.8

Note: Starting dynamic gmin stepping
Note: Dynamic gmin stepping completed
Warning : IC on non-existent node - xx1.casc, ignored
   Please check line .ic v(fb)=1.0 v(sns1)=0.6 v(sns2)=0.6 v(vref)=1.2 v(ibias)=0.6 v(xx1.casc)=1.8

Note: Starting dynamic gmin stepping
Note: Dynamic gmin stepping completed
Warning : IC on non-existent node - xx1.casc, ignored
   Please check line .ic v(fb)=1.0 v(sns1)=0.6 v(sns2)=0.6 v(vref)=1.2 v(ibias)=0.6 v(xx1.casc)=1.8

Note: Starting dynamic gmin stepping
Note: Dynamic gmin stepping completed
Warning : IC on non-existent node - xx1.casc, ignored
   Please check line .ic v(fb)=1.0 v(sns1)=0.6 v(sns2)=0.6 v(vref)=1.2 v(ibias)=0.6 v(xx1.casc)=1.8

Note: Starting dynamic gmin stepping
Note: Dynamic gmin stepping completed
Warning : IC on non-existent node - xx1.casc, ignored
   Please check line .ic v(fb)=1.0 v(sns1)=0.6 v(sns2)=0.6 v(vref)=1.2 v(ibias)=0.6 v(xx1.casc)=1.8

Note: Starting dynamic gmin stepping
Note: Dynamic gmin stepping completed
Warning : IC on non-existent node - xx1.casc, ignored
   Please check line .ic v(fb)=1.0 v(sns1)=0.6 v(sns2)=0.6 v(vref)=1.2 v(ibias)=0.6 v(xx1.casc)=1.8

Note: Starting dynamic gmin stepping
Note: Dynamic gmin stepping completed
Warning : IC on non-existent node - xx1.casc, ignored
   Please check line .ic v(fb)=1.0 v(sns1)=0.6 v(sns2)=0.6 v(vref)=1.2 v(ibias)=0.6 v(xx1.casc)=1.8

Note: Starting dynamic gmin stepping
Note: Dynamic gmin stepping completed
Warning : IC on non-existent node - xx1.casc, ignored
   Please check line .ic v(fb)=1.0 v(sns1)=0.6 v(sns2)=0.6 v(vref)=1.2 v(ibias)=0.6 v(xx1.casc)=1.8

Note: Starting dynamic gmin stepping
Note: Dynamic gmin stepping completed
Warning : IC on non-existent node - xx1.casc, ignored
   Please check line .ic v(fb)=1.0 v(sns1)=0.6 v(sns2)=0.6 v(vref)=1.2 v(ibias)=0.6 v(xx1.casc)=1.8

Note: Starting dynamic gmin stepping
Note: Dynamic gmin stepping completed
Warning : IC on non-existent node - xx1.casc, ignored
   Please check line .ic v(fb)=1.0 v(sns1)=0.6 v(sns2)=0.6 v(vref)=1.2 v(ibias)=0.6 v(xx1.casc)=1.8

Note: Starting dynamic gmin stepping
Note: Dynamic gmin stepping completed
Warning : IC on non-existent node - xx1.casc, ignored
   Please check line .ic v(fb)=1.0 v(sns1)=0.6 v(sns2)=0.6 v(vref)=1.2 v(ibias)=0.6 v(xx1.casc)=1.8

Note: Starting dynamic gmin stepping
Note: Dynamic gmin stepping completed
Warning : IC on non-existent node - xx1.casc, ignored
   Please check line .ic v(fb)=1.0 v(sns1)=0.6 v(sns2)=0.6 v(vref)=1.2 v(ibias)=0.6 v(xx1.casc)=1.8

Note: Starting dynamic gmin stepping
Note: Dynamic gmin stepping completed
Warning : IC on non-existent node - xx1.casc, ignored
   Please check line .ic v(fb)=1.0 v(sns1)=0.6 v(sns2)=0.6 v(vref)=1.2 v(ibias)=0.6 v(xx1.casc)=1.8

Note: Starting dynamic gmin stepping
Note: Dynamic gmin stepping completed
Warning : IC on non-existent node - xx1.casc, ignored
   Please check line .ic v(fb)=1.0 v(sns1)=0.6 v(sns2)=0.6 v(vref)=1.2 v(ibias)=0.6 v(xx1.casc)=1.8

Note: Starting dynamic gmin stepping
Note: Dynamic gmin stepping completed
Warning : IC on non-existent node - xx1.casc, ignored
   Please check line .ic v(fb)=1.0 v(sns1)=0.6 v(sns2)=0.6 v(vref)=1.2 v(ibias)=0.6 v(xx1.casc)=1.8

Note: Starting dynamic gmin stepping
Note: Dynamic gmin stepping completed
Warning : IC on non-existent node - xx1.casc, ignored
   Please check line .ic v(fb)=1.0 v(sns1)=0.6 v(sns2)=0.6 v(vref)=1.2 v(ibias)=0.6 v(xx1.casc)=1.8

Note: Starting dynamic gmin stepping
Note: Dynamic gmin stepping completed
Warning : IC on non-existent node - xx1.casc, ignored
   Please check line .ic v(fb)=1.0 v(sns1)=0.6 v(sns2)=0.6 v(vref)=1.2 v(ibias)=0.6 v(xx1.casc)=1.8

Note: Starting dynamic gmin stepping
Note: Dynamic gmin stepping completed
Warning : IC on non-existent node - xx1.casc, ignored
   Please check line .ic v(fb)=1.0 v(sns1)=0.6 v(sns2)=0.6 v(vref)=1.2 v(ibias)=0.6 v(xx1.casc)=1.8

Note: Starting dynamic gmin stepping
Note: Dynamic gmin stepping completed
Warning : IC on non-existent node - xx1.casc, ignored
   Please check line .ic v(fb)=1.0 v(sns1)=0.6 v(sns2)=0.6 v(vref)=1.2 v(ibias)=0.6 v(xx1.casc)=1.8

Note: Starting dynamic gmin stepping
Note: Dynamic gmin stepping completed
Warning : IC on non-existent node - xx1.casc, ignored
   Please check line .ic v(fb)=1.0 v(sns1)=0.6 v(sns2)=0.6 v(vref)=1.2 v(ibias)=0.6 v(xx1.casc)=1.8

Note: Starting dynamic gmin stepping
Note: Dynamic gmin stepping completed
Warning : IC on non-existent node - xx1.casc, ignored
   Please check line .ic v(fb)=1.0 v(sns1)=0.6 v(sns2)=0.6 v(vref)=1.2 v(ibias)=0.6 v(xx1.casc)=1.8

Note: Starting dynamic gmin stepping
Note: Dynamic gmin stepping completed
Warning : IC on non-existent node - xx1.casc, ignored
   Please check line .ic v(fb)=1.0 v(sns1)=0.6 v(sns2)=0.6 v(vref)=1.2 v(ibias)=0.6 v(xx1.casc)=1.8

Note: Starting dynamic gmin stepping
Note: Dynamic gmin stepping completed
Warning : IC on non-existent node - xx1.casc, ignored
   Please check line .ic v(fb)=1.0 v(sns1)=0.6 v(sns2)=0.6 v(vref)=1.2 v(ibias)=0.6 v(xx1.casc)=1.8

Note: Starting dynamic gmin stepping
Note: Dynamic gmin stepping completed
Warning : IC on non-existent node - xx1.casc, ignored
   Please check line .ic v(fb)=1.0 v(sns1)=0.6 v(sns2)=0.6 v(vref)=1.2 v(ibias)=0.6 v(xx1.casc)=1.8

Note: Starting dynamic gmin stepping
Note: Dynamic gmin stepping completed
Warning : IC on non-existent node - xx1.casc, ignored
   Please check line .ic v(fb)=1.0 v(sns1)=0.6 v(sns2)=0.6 v(vref)=1.2 v(ibias)=0.6 v(xx1.casc)=1.8

Note: Starting dynamic gmin stepping
Note: Dynamic gmin stepping completed
Warning : IC on non-existent node - xx1.casc, ignored
   Please check line .ic v(fb)=1.0 v(sns1)=0.6 v(sns2)=0.6 v(vref)=1.2 v(ibias)=0.6 v(xx1.casc)=1.8

Note: Starting dynamic gmin stepping
Note: Dynamic gmin stepping completed
Warning : IC on non-existent node - xx1.casc, ignored
   Please check line .ic v(fb)=1.0 v(sns1)=0.6 v(sns2)=0.6 v(vref)=1.2 v(ibias)=0.6 v(xx1.casc)=1.8

Note: Starting dynamic gmin stepping
Note: Dynamic gmin stepping completed
Warning : IC on non-existent node - xx1.casc, ignored
   Please check line .ic v(fb)=1.0 v(sns1)=0.6 v(sns2)=0.6 v(vref)=1.2 v(ibias)=0.6 v(xx1.casc)=1.8

Note: Starting dynamic gmin stepping
Note: Dynamic gmin stepping completed
Warning : IC on non-existent node - xx1.casc, ignored
   Please check line .ic v(fb)=1.0 v(sns1)=0.6 v(sns2)=0.6 v(vref)=1.2 v(ibias)=0.6 v(xx1.casc)=1.8

Note: Starting dynamic gmin stepping
Note: Dynamic gmin stepping completed
Warning : IC on non-existent node - xx1.casc, ignored
   Please check line .ic v(fb)=1.0 v(sns1)=0.6 v(sns2)=0.6 v(vref)=1.2 v(ibias)=0.6 v(xx1.casc)=1.8

Note: Starting dynamic gmin stepping
Note: Dynamic gmin stepping completed
Warning : IC on non-existent node - xx1.casc, ignored
   Please check line .ic v(fb)=1.0 v(sns1)=0.6 v(sns2)=0.6 v(vref)=1.2 v(ibias)=0.6 v(xx1.casc)=1.8

Note: Starting dynamic gmin stepping
Note: Dynamic gmin stepping completed
Warning : IC on non-existent node - xx1.casc, ignored
   Please check line .ic v(fb)=1.0 v(sns1)=0.6 v(sns2)=0.6 v(vref)=1.2 v(ibias)=0.6 v(xx1.casc)=1.8

Note: Starting dynamic gmin stepping
Note: Dynamic gmin stepping completed
Warning : IC on non-existent node - xx1.casc, ignored
   Please check line .ic v(fb)=1.0 v(sns1)=0.6 v(sns2)=0.6 v(vref)=1.2 v(ibias)=0.6 v(xx1.casc)=1.8

Note: Starting dynamic gmin stepping
Note: Dynamic gmin stepping completed
Warning : IC on non-existent node - xx1.casc, ignored
   Please check line .ic v(fb)=1.0 v(sns1)=0.6 v(sns2)=0.6 v(vref)=1.2 v(ibias)=0.6 v(xx1.casc)=1.8

Note: Starting dynamic gmin stepping
Note: Dynamic gmin stepping completed
Warning : IC on non-existent node - xx1.casc, ignored
   Please check line .ic v(fb)=1.0 v(sns1)=0.6 v(sns2)=0.6 v(vref)=1.2 v(ibias)=0.6 v(xx1.casc)=1.8

Note: Starting dynamic gmin stepping
Note: Dynamic gmin stepping completed
Warning : IC on non-existent node - xx1.casc, ignored
   Please check line .ic v(fb)=1.0 v(sns1)=0.6 v(sns2)=0.6 v(vref)=1.2 v(ibias)=0.6 v(xx1.casc)=1.8

Note: Starting dynamic gmin stepping
Note: Dynamic gmin stepping completed
Warning : IC on non-existent node - xx1.casc, ignored
   Please check line .ic v(fb)=1.0 v(sns1)=0.6 v(sns2)=0.6 v(vref)=1.2 v(ibias)=0.6 v(xx1.casc)=1.8

Note: Starting dynamic gmin stepping
Note: Dynamic gmin stepping completed
Warning : IC on non-existent node - xx1.casc, ignored
   Please check line .ic v(fb)=1.0 v(sns1)=0.6 v(sns2)=0.6 v(vref)=1.2 v(ibias)=0.6 v(xx1.casc)=1.8

Note: Starting dynamic gmin stepping
Note: Dynamic gmin stepping completed
Warning : IC on non-existent node - xx1.casc, ignored
   Please check line .ic v(fb)=1.0 v(sns1)=0.6 v(sns2)=0.6 v(vref)=1.2 v(ibias)=0.6 v(xx1.casc)=1.8

Note: Starting dynamic gmin stepping
Note: Dynamic gmin stepping completed
Warning : IC on non-existent node - xx1.casc, ignored
   Please check line .ic v(fb)=1.0 v(sns1)=0.6 v(sns2)=0.6 v(vref)=1.2 v(ibias)=0.6 v(xx1.casc)=1.8

Note: Starting dynamic gmin stepping
Note: Dynamic gmin stepping completed
Warning : IC on non-existent node - xx1.casc, ignored
   Please check line .ic v(fb)=1.0 v(sns1)=0.6 v(sns2)=0.6 v(vref)=1.2 v(ibias)=0.6 v(xx1.casc)=1.8

Note: Starting dynamic gmin stepping
Note: Dynamic gmin stepping completed
Warning : IC on non-existent node - xx1.casc, ignored
   Please check line .ic v(fb)=1.0 v(sns1)=0.6 v(sns2)=0.6 v(vref)=1.2 v(ibias)=0.6 v(xx1.casc)=1.8

Note: Starting dynamic gmin stepping
Note: Dynamic gmin stepping completed
Warning : IC on non-existent node - xx1.casc, ignored
   Please check line .ic v(fb)=1.0 v(sns1)=0.6 v(sns2)=0.6 v(vref)=1.2 v(ibias)=0.6 v(xx1.casc)=1.8

Note: Starting dynamic gmin stepping
Note: Dynamic gmin stepping completed
Warning : IC on non-existent node - xx1.casc, ignored
   Please check line .ic v(fb)=1.0 v(sns1)=0.6 v(sns2)=0.6 v(vref)=1.2 v(ibias)=0.6 v(xx1.casc)=1.8

Note: Starting dynamic gmin stepping
Note: Dynamic gmin stepping completed
Warning : IC on non-existent node - xx1.casc, ignored
   Please check line .ic v(fb)=1.0 v(sns1)=0.6 v(sns2)=0.6 v(vref)=1.2 v(ibias)=0.6 v(xx1.casc)=1.8

Note: Starting dynamic gmin stepping
Note: Dynamic gmin stepping completed
Warning : IC on non-existent node - xx1.casc, ignored
   Please check line .ic v(fb)=1.0 v(sns1)=0.6 v(sns2)=0.6 v(vref)=1.2 v(ibias)=0.6 v(xx1.casc)=1.8

Note: Starting dynamic gmin stepping
Note: Dynamic gmin stepping completed
Warning : IC on non-existent node - xx1.casc, ignored
   Please check line .ic v(fb)=1.0 v(sns1)=0.6 v(sns2)=0.6 v(vref)=1.2 v(ibias)=0.6 v(xx1.casc)=1.8

Note: Starting dynamic gmin stepping
Note: Dynamic gmin stepping completed
Warning : IC on non-existent node - xx1.casc, ignored
   Please check line .ic v(fb)=1.0 v(sns1)=0.6 v(sns2)=0.6 v(vref)=1.2 v(ibias)=0.6 v(xx1.casc)=1.8

Note: Starting dynamic gmin stepping
Note: Dynamic gmin stepping completed
Warning : IC on non-existent node - xx1.casc, ignored
   Please check line .ic v(fb)=1.0 v(sns1)=0.6 v(sns2)=0.6 v(vref)=1.2 v(ibias)=0.6 v(xx1.casc)=1.8

Note: Starting dynamic gmin stepping
Note: Dynamic gmin stepping completed
Warning : IC on non-existent node - xx1.casc, ignored
   Please check line .ic v(fb)=1.0 v(sns1)=0.6 v(sns2)=0.6 v(vref)=1.2 v(ibias)=0.6 v(xx1.casc)=1.8

Note: Starting dynamic gmin stepping
Note: Dynamic gmin stepping completed
Warning : IC on non-existent node - xx1.casc, ignored
   Please check line .ic v(fb)=1.0 v(sns1)=0.6 v(sns2)=0.6 v(vref)=1.2 v(ibias)=0.6 v(xx1.casc)=1.8

Note: Starting dynamic gmin stepping
Note: Dynamic gmin stepping completed
Warning : IC on non-existent node - xx1.casc, ignored
   Please check line .ic v(fb)=1.0 v(sns1)=0.6 v(sns2)=0.6 v(vref)=1.2 v(ibias)=0.6 v(xx1.casc)=1.8

Note: Starting dynamic gmin stepping
Note: Dynamic gmin stepping completed
Warning : IC on non-existent node - xx1.casc, ignored
   Please check line .ic v(fb)=1.0 v(sns1)=0.6 v(sns2)=0.6 v(vref)=1.2 v(ibias)=0.6 v(xx1.casc)=1.8

Note: Starting dynamic gmin stepping
Note: Dynamic gmin stepping completed
Warning : IC on non-existent node - xx1.casc, ignored
   Please check line .ic v(fb)=1.0 v(sns1)=0.6 v(sns2)=0.6 v(vref)=1.2 v(ibias)=0.6 v(xx1.casc)=1.8

Note: Starting dynamic gmin stepping
Note: Dynamic gmin stepping completed
Warning : IC on non-existent node - xx1.casc, ignored
   Please check line .ic v(fb)=1.0 v(sns1)=0.6 v(sns2)=0.6 v(vref)=1.2 v(ibias)=0.6 v(xx1.casc)=1.8

Note: Starting dynamic gmin stepping
Note: Dynamic gmin stepping completed
Warning : IC on non-existent node - xx1.casc, ignored
   Please check line .ic v(fb)=1.0 v(sns1)=0.6 v(sns2)=0.6 v(vref)=1.2 v(ibias)=0.6 v(xx1.casc)=1.8

Note: Starting dynamic gmin stepping
Note: Dynamic gmin stepping completed
Warning : IC on non-existent node - xx1.casc, ignored
   Please check line .ic v(fb)=1.0 v(sns1)=0.6 v(sns2)=0.6 v(vref)=1.2 v(ibias)=0.6 v(xx1.casc)=1.8

Note: Starting dynamic gmin stepping
Note: Dynamic gmin stepping completed
Warning : IC on non-existent node - xx1.casc, ignored
   Please check line .ic v(fb)=1.0 v(sns1)=0.6 v(sns2)=0.6 v(vref)=1.2 v(ibias)=0.6 v(xx1.casc)=1.8

Note: Starting dynamic gmin stepping
Note: Dynamic gmin stepping completed
Warning : IC on non-existent node - xx1.casc, ignored
   Please check line .ic v(fb)=1.0 v(sns1)=0.6 v(sns2)=0.6 v(vref)=1.2 v(ibias)=0.6 v(xx1.casc)=1.8

Note: Starting dynamic gmin stepping
Note: Dynamic gmin stepping completed
Warning : IC on non-existent node - xx1.casc, ignored
   Please check line .ic v(fb)=1.0 v(sns1)=0.6 v(sns2)=0.6 v(vref)=1.2 v(ibias)=0.6 v(xx1.casc)=1.8

Note: Starting dynamic gmin stepping
Note: Dynamic gmin stepping completed
Warning : IC on non-existent node - xx1.casc, ignored
   Please check line .ic v(fb)=1.0 v(sns1)=0.6 v(sns2)=0.6 v(vref)=1.2 v(ibias)=0.6 v(xx1.casc)=1.8

Note: Starting dynamic gmin stepping
Note: Dynamic gmin stepping completed
Warning : IC on non-existent node - xx1.casc, ignored
   Please check line .ic v(fb)=1.0 v(sns1)=0.6 v(sns2)=0.6 v(vref)=1.2 v(ibias)=0.6 v(xx1.casc)=1.8

Note: Starting dynamic gmin stepping
Note: Dynamic gmin stepping completed
Warning : IC on non-existent node - xx1.casc, ignored
   Please check line .ic v(fb)=1.0 v(sns1)=0.6 v(sns2)=0.6 v(vref)=1.2 v(ibias)=0.6 v(xx1.casc)=1.8

Note: Starting dynamic gmin stepping
Note: Dynamic gmin stepping completed
Warning : IC on non-existent node - xx1.casc, ignored
   Please check line .ic v(fb)=1.0 v(sns1)=0.6 v(sns2)=0.6 v(vref)=1.2 v(ibias)=0.6 v(xx1.casc)=1.8

Note: Starting dynamic gmin stepping
Note: Dynamic gmin stepping completed
Warning : IC on non-existent node - xx1.casc, ignored
   Please check line .ic v(fb)=1.0 v(sns1)=0.6 v(sns2)=0.6 v(vref)=1.2 v(ibias)=0.6 v(xx1.casc)=1.8

Note: Starting dynamic gmin stepping
Note: Dynamic gmin stepping completed
Warning : IC on non-existent node - xx1.casc, ignored
   Please check line .ic v(fb)=1.0 v(sns1)=0.6 v(sns2)=0.6 v(vref)=1.2 v(ibias)=0.6 v(xx1.casc)=1.8

Note: Starting dynamic gmin stepping
Note: Dynamic gmin stepping completed
Warning : IC on non-existent node - xx1.casc, ignored
   Please check line .ic v(fb)=1.0 v(sns1)=0.6 v(sns2)=0.6 v(vref)=1.2 v(ibias)=0.6 v(xx1.casc)=1.8

Note: Starting dynamic gmin stepping
Note: Dynamic gmin stepping completed
Warning : IC on non-existent node - xx1.casc, ignored
   Please check line .ic v(fb)=1.0 v(sns1)=0.6 v(sns2)=0.6 v(vref)=1.2 v(ibias)=0.6 v(xx1.casc)=1.8

Note: Starting dynamic gmin stepping
Note: Dynamic gmin stepping completed
Warning : IC on non-existent node - xx1.casc, ignored
   Please check line .ic v(fb)=1.0 v(sns1)=0.6 v(sns2)=0.6 v(vref)=1.2 v(ibias)=0.6 v(xx1.casc)=1.8

Note: Starting dynamic gmin stepping
Note: Dynamic gmin stepping completed
Warning : IC on non-existent node - xx1.casc, ignored
   Please check line .ic v(fb)=1.0 v(sns1)=0.6 v(sns2)=0.6 v(vref)=1.2 v(ibias)=0.6 v(xx1.casc)=1.8

Note: Starting dynamic gmin stepping
Note: Dynamic gmin stepping completed
Warning : IC on non-existent node - xx1.casc, ignored
   Please check line .ic v(fb)=1.0 v(sns1)=0.6 v(sns2)=0.6 v(vref)=1.2 v(ibias)=0.6 v(xx1.casc)=1.8

Note: Starting dynamic gmin stepping
Note: Dynamic gmin stepping completed
Warning : IC on non-existent node - xx1.casc, ignored
   Please check line .ic v(fb)=1.0 v(sns1)=0.6 v(sns2)=0.6 v(vref)=1.2 v(ibias)=0.6 v(xx1.casc)=1.8

Note: Starting dynamic gmin stepping
Note: Dynamic gmin stepping completed
Warning : IC on non-existent node - xx1.casc, ignored
   Please check line .ic v(fb)=1.0 v(sns1)=0.6 v(sns2)=0.6 v(vref)=1.2 v(ibias)=0.6 v(xx1.casc)=1.8

Note: Starting dynamic gmin stepping
Note: Dynamic gmin stepping completed
Warning : IC on non-existent node - xx1.casc, ignored
   Please check line .ic v(fb)=1.0 v(sns1)=0.6 v(sns2)=0.6 v(vref)=1.2 v(ibias)=0.6 v(xx1.casc)=1.8

Note: Starting dynamic gmin stepping
Note: Dynamic gmin stepping completed
