* ====================================================================
* record-id  : 20260803-031207-294fb1d
* testbench  : tb_mc_untrimmed.spice
* group      : mm_all (all contributors -- claim-supporting run)
* temp       : 125 C
* supply     : 3.30v (fixed nominal -- mismatch claim, no supply sweep)
* sw_stat_mismatch : 1
* dut variant : mm
* pdk        : gf180mcuD (/Users/rwalters/.volare)
* ngspice    : ngspice-46
* run (UTC)  : 2026-08-03T03:12:07Z
* ====================================================================

Note: Compatibility modes selected: hs a


Circuit: * tb_mc_untrimmed.spice -- issue #13 monte carlo mismatch analysis for the

Reset re-loads circuit * tb_mc_untrimmed.spice -- issue #13 monte carlo mismatch analysis for the

Circuit: * tb_mc_untrimmed.spice -- issue #13 monte carlo mismatch analysis for the

Doing analysis at TEMP = 125.000000 and TNOM = 27.000000

Using SPARSE 1.3 as Direct Linear Solver
 Reference value :  0.00000e+00
No. of Data Rows : 1
vref_val = 1.227152e+00
ibias_val = 6.465765e-01
isup_val = 2.727812e-05
Reset re-loads circuit * tb_mc_untrimmed.spice -- issue #13 monte carlo mismatch analysis for the

Circuit: * tb_mc_untrimmed.spice -- issue #13 monte carlo mismatch analysis for the

Doing analysis at TEMP = 125.000000 and TNOM = 27.000000

Using SPARSE 1.3 as Direct Linear Solver
 Reference value :  0.00000e+00
No. of Data Rows : 1
vref_val = 1.217065e+00
ibias_val = 6.406269e-01
isup_val = 2.683386e-05
Reset re-loads circuit * tb_mc_untrimmed.spice -- issue #13 monte carlo mismatch analysis for the

Circuit: * tb_mc_untrimmed.spice -- issue #13 monte carlo mismatch analysis for the

Doing analysis at TEMP = 125.000000 and TNOM = 27.000000

Using SPARSE 1.3 as Direct Linear Solver
 Reference value :  0.00000e+00
No. of Data Rows : 1
vref_val = 1.216823e+00
ibias_val = 6.420827e-01
isup_val = 2.692105e-05
Reset re-loads circuit * tb_mc_untrimmed.spice -- issue #13 monte carlo mismatch analysis for the

Circuit: * tb_mc_untrimmed.spice -- issue #13 monte carlo mismatch analysis for the

Doing analysis at TEMP = 125.000000 and TNOM = 27.000000

Using SPARSE 1.3 as Direct Linear Solver

No. of Data Rows : 1
vref_val = 1.223389e+00
ibias_val = 6.438238e-01
isup_val = 2.709458e-05
Reset re-loads circuit * tb_mc_untrimmed.spice -- issue #13 monte carlo mismatch analysis for the

Circuit: * tb_mc_untrimmed.spice -- issue #13 monte carlo mismatch analysis for the

Doing analysis at TEMP = 125.000000 and TNOM = 27.000000

Using SPARSE 1.3 as Direct Linear Solver
 Reference value :  0.00000e+00
No. of Data Rows : 1
vref_val = 1.220385e+00
ibias_val = 6.421178e-01
isup_val = 2.692985e-05
Reset re-loads circuit * tb_mc_untrimmed.spice -- issue #13 monte carlo mismatch analysis for the

Circuit: * tb_mc_untrimmed.spice -- issue #13 monte carlo mismatch analysis for the

Doing analysis at TEMP = 125.000000 and TNOM = 27.000000

Using SPARSE 1.3 as Direct Linear Solver
 Reference value :  0.00000e+00
No. of Data Rows : 1
vref_val = 1.214855e+00
ibias_val = 6.465130e-01
isup_val = 2.697370e-05
Reset re-loads circuit * tb_mc_untrimmed.spice -- issue #13 monte carlo mismatch analysis for the

Circuit: * tb_mc_untrimmed.spice -- issue #13 monte carlo mismatch analysis for the

Doing analysis at TEMP = 125.000000 and TNOM = 27.000000

Using SPARSE 1.3 as Direct Linear Solver
 Reference value :  0.00000e+00
No. of Data Rows : 1
vref_val = 1.215997e+00
ibias_val = 6.441317e-01
isup_val = 2.694505e-05
Reset re-loads circuit * tb_mc_untrimmed.spice -- issue #13 monte carlo mismatch analysis for the

Circuit: * tb_mc_untrimmed.spice -- issue #13 monte carlo mismatch analysis for the

Doing analysis at TEMP = 125.000000 and TNOM = 27.000000

Using SPARSE 1.3 as Direct Linear Solver
 Reference value :  0.00000e+00
No. of Data Rows : 1
vref_val = 1.217951e+00
ibias_val = 6.376201e-01
isup_val = 2.665860e-05
Reset re-loads circuit * tb_mc_untrimmed.spice -- issue #13 monte carlo mismatch analysis for the

Circuit: * tb_mc_untrimmed.spice -- issue #13 monte carlo mismatch analysis for the

Doing analysis at TEMP = 125.000000 and TNOM = 27.000000

Using SPARSE 1.3 as Direct Linear Solver
 Reference value :  0.00000e+00
No. of Data Rows : 1
vref_val = 1.211875e+00
ibias_val = 6.431529e-01
isup_val = 2.673458e-05
Reset re-loads circuit * tb_mc_untrimmed.spice -- issue #13 monte carlo mismatch analysis for the

Circuit: * tb_mc_untrimmed.spice -- issue #13 monte carlo mismatch analysis for the

Doing analysis at TEMP = 125.000000 and TNOM = 27.000000

Using SPARSE 1.3 as Direct Linear Solver
 Reference value :  0.00000e+00
No. of Data Rows : 1
vref_val = 1.222120e+00
ibias_val = 6.421934e-01
isup_val = 2.703950e-05
Reset re-loads circuit * tb_mc_untrimmed.spice -- issue #13 monte carlo mismatch analysis for the

Circuit: * tb_mc_untrimmed.spice -- issue #13 monte carlo mismatch analysis for the

Doing analysis at TEMP = 125.000000 and TNOM = 27.000000

Using SPARSE 1.3 as Direct Linear Solver
 Reference value :  0.00000e+00
No. of Data Rows : 1
vref_val = 1.212257e+00
ibias_val = 6.396920e-01
isup_val = 2.663365e-05
Reset re-loads circuit * tb_mc_untrimmed.spice -- issue #13 monte carlo mismatch analysis for the

Circuit: * tb_mc_untrimmed.spice -- issue #13 monte carlo mismatch analysis for the

Doing analysis at TEMP = 125.000000 and TNOM = 27.000000

Using SPARSE 1.3 as Direct Linear Solver
 Reference value :  0.00000e+00
No. of Data Rows : 1
vref_val = 1.218894e+00
ibias_val = 6.425483e-01
isup_val = 2.696793e-05
Reset re-loads circuit * tb_mc_untrimmed.spice -- issue #13 monte carlo mismatch analysis for the

Circuit: * tb_mc_untrimmed.spice -- issue #13 monte carlo mismatch analysis for the

Doing analysis at TEMP = 125.000000 and TNOM = 27.000000

Using SPARSE 1.3 as Direct Linear Solver
 Reference value :  0.00000e+00
No. of Data Rows : 1
vref_val = 1.211789e+00
ibias_val = 6.428137e-01
isup_val = 2.685615e-05
Reset re-loads circuit * tb_mc_untrimmed.spice -- issue #13 monte carlo mismatch analysis for the

Circuit: * tb_mc_untrimmed.spice -- issue #13 monte carlo mismatch analysis for the

Doing analysis at TEMP = 125.000000 and TNOM = 27.000000

Using SPARSE 1.3 as Direct Linear Solver
 Reference value :  0.00000e+00
No. of Data Rows : 1
vref_val = 1.226270e+00
ibias_val = 6.449658e-01
isup_val = 2.717381e-05
Reset re-loads circuit * tb_mc_untrimmed.spice -- issue #13 monte carlo mismatch analysis for the

Circuit: * tb_mc_untrimmed.spice -- issue #13 monte carlo mismatch analysis for the

Doing analysis at TEMP = 125.000000 and TNOM = 27.000000

Using SPARSE 1.3 as Direct Linear Solver

No. of Data Rows : 1
vref_val = 1.218249e+00
ibias_val = 6.470125e-01
isup_val = 2.707536e-05
Reset re-loads circuit * tb_mc_untrimmed.spice -- issue #13 monte carlo mismatch analysis for the

Circuit: * tb_mc_untrimmed.spice -- issue #13 monte carlo mismatch analysis for the

Doing analysis at TEMP = 125.000000 and TNOM = 27.000000

Using SPARSE 1.3 as Direct Linear Solver
 Reference value :  0.00000e+00
No. of Data Rows : 1
vref_val = 1.212785e+00
ibias_val = 6.430650e-01
isup_val = 2.678980e-05
Reset re-loads circuit * tb_mc_untrimmed.spice -- issue #13 monte carlo mismatch analysis for the

Circuit: * tb_mc_untrimmed.spice -- issue #13 monte carlo mismatch analysis for the

Doing analysis at TEMP = 125.000000 and TNOM = 27.000000

Using SPARSE 1.3 as Direct Linear Solver
 Reference value :  0.00000e+00
No. of Data Rows : 1
vref_val = 1.221724e+00
ibias_val = 6.419894e-01
isup_val = 2.698920e-05
Reset re-loads circuit * tb_mc_untrimmed.spice -- issue #13 monte carlo mismatch analysis for the

Circuit: * tb_mc_untrimmed.spice -- issue #13 monte carlo mismatch analysis for the

Doing analysis at TEMP = 125.000000 and TNOM = 27.000000

Using SPARSE 1.3 as Direct Linear Solver
 Reference value :  0.00000e+00
No. of Data Rows : 1
vref_val = 1.225768e+00
ibias_val = 6.416450e-01
isup_val = 2.708928e-05
Reset re-loads circuit * tb_mc_untrimmed.spice -- issue #13 monte carlo mismatch analysis for the

Circuit: * tb_mc_untrimmed.spice -- issue #13 monte carlo mismatch analysis for the

Doing analysis at TEMP = 125.000000 and TNOM = 27.000000

Using SPARSE 1.3 as Direct Linear Solver
 Reference value :  0.00000e+00
No. of Data Rows : 1
vref_val = 1.218597e+00
ibias_val = 6.412101e-01
isup_val = 2.684273e-05
Reset re-loads circuit * tb_mc_untrimmed.spice -- issue #13 monte carlo mismatch analysis for the

Circuit: * tb_mc_untrimmed.spice -- issue #13 monte carlo mismatch analysis for the

Doing analysis at TEMP = 125.000000 and TNOM = 27.000000

Using SPARSE 1.3 as Direct Linear Solver
 Reference value :  0.00000e+00
No. of Data Rows : 1
vref_val = 1.216366e+00
ibias_val = 6.409823e-01
isup_val = 2.682757e-05
Reset re-loads circuit * tb_mc_untrimmed.spice -- issue #13 monte carlo mismatch analysis for the

Circuit: * tb_mc_untrimmed.spice -- issue #13 monte carlo mismatch analysis for the

Doing analysis at TEMP = 125.000000 and TNOM = 27.000000

Using SPARSE 1.3 as Direct Linear Solver

No. of Data Rows : 1
vref_val = 1.213868e+00
ibias_val = 6.386204e-01
isup_val = 2.665125e-05
Reset re-loads circuit * tb_mc_untrimmed.spice -- issue #13 monte carlo mismatch analysis for the

Circuit: * tb_mc_untrimmed.spice -- issue #13 monte carlo mismatch analysis for the

Doing analysis at TEMP = 125.000000 and TNOM = 27.000000

Using SPARSE 1.3 as Direct Linear Solver
 Reference value :  0.00000e+00
No. of Data Rows : 1
vref_val = 1.226777e+00
ibias_val = 6.441948e-01
isup_val = 2.713032e-05
Reset re-loads circuit * tb_mc_untrimmed.spice -- issue #13 monte carlo mismatch analysis for the

Circuit: * tb_mc_untrimmed.spice -- issue #13 monte carlo mismatch analysis for the

Doing analysis at TEMP = 125.000000 and TNOM = 27.000000

Using SPARSE 1.3 as Direct Linear Solver
 Reference value :  0.00000e+00
No. of Data Rows : 1
vref_val = 1.205367e+00
ibias_val = 6.403089e-01
isup_val = 2.640987e-05
Reset re-loads circuit * tb_mc_untrimmed.spice -- issue #13 monte carlo mismatch analysis for the

Circuit: * tb_mc_untrimmed.spice -- issue #13 monte carlo mismatch analysis for the

Doing analysis at TEMP = 125.000000 and TNOM = 27.000000

Using SPARSE 1.3 as Direct Linear Solver
 Reference value :  0.00000e+00
No. of Data Rows : 1
vref_val = 1.207589e+00
ibias_val = 6.412047e-01
isup_val = 2.661322e-05
Reset re-loads circuit * tb_mc_untrimmed.spice -- issue #13 monte carlo mismatch analysis for the

Circuit: * tb_mc_untrimmed.spice -- issue #13 monte carlo mismatch analysis for the

Doing analysis at TEMP = 125.000000 and TNOM = 27.000000

Using SPARSE 1.3 as Direct Linear Solver
 Reference value :  0.00000e+00
No. of Data Rows : 1
vref_val = 1.213693e+00
ibias_val = 6.390283e-01
isup_val = 2.660044e-05
Reset re-loads circuit * tb_mc_untrimmed.spice -- issue #13 monte carlo mismatch analysis for the

Circuit: * tb_mc_untrimmed.spice -- issue #13 monte carlo mismatch analysis for the

Doing analysis at TEMP = 125.000000 and TNOM = 27.000000

Using SPARSE 1.3 as Direct Linear Solver
 Reference value :  0.00000e+00
No. of Data Rows : 1
vref_val = 1.222726e+00
ibias_val = 6.401805e-01
isup_val = 2.691757e-05
Reset re-loads circuit * tb_mc_untrimmed.spice -- issue #13 monte carlo mismatch analysis for the

Circuit: * tb_mc_untrimmed.spice -- issue #13 monte carlo mismatch analysis for the

Doing analysis at TEMP = 125.000000 and TNOM = 27.000000

Using SPARSE 1.3 as Direct Linear Solver
 Reference value :  0.00000e+00
No. of Data Rows : 1
vref_val = 1.213778e+00
ibias_val = 6.415789e-01
isup_val = 2.671979e-05
Reset re-loads circuit * tb_mc_untrimmed.spice -- issue #13 monte carlo mismatch analysis for the

Circuit: * tb_mc_untrimmed.spice -- issue #13 monte carlo mismatch analysis for the

Doing analysis at TEMP = 125.000000 and TNOM = 27.000000

Using SPARSE 1.3 as Direct Linear Solver
 Reference value :  0.00000e+00
No. of Data Rows : 1
vref_val = 1.214977e+00
ibias_val = 6.407031e-01
isup_val = 2.673769e-05
Reset re-loads circuit * tb_mc_untrimmed.spice -- issue #13 monte carlo mismatch analysis for the

Circuit: * tb_mc_untrimmed.spice -- issue #13 monte carlo mismatch analysis for the

Doing analysis at TEMP = 125.000000 and TNOM = 27.000000

Using SPARSE 1.3 as Direct Linear Solver

No. of Data Rows : 1
vref_val = 1.224338e+00
ibias_val = 6.465448e-01
isup_val = 2.730840e-05
Reset re-loads circuit * tb_mc_untrimmed.spice -- issue #13 monte carlo mismatch analysis for the

Circuit: * tb_mc_untrimmed.spice -- issue #13 monte carlo mismatch analysis for the

Doing analysis at TEMP = 125.000000 and TNOM = 27.000000

Using SPARSE 1.3 as Direct Linear Solver
 Reference value :  0.00000e+00
No. of Data Rows : 1
vref_val = 1.228648e+00
ibias_val = 6.430534e-01
isup_val = 2.718374e-05
Reset re-loads circuit * tb_mc_untrimmed.spice -- issue #13 monte carlo mismatch analysis for the

Circuit: * tb_mc_untrimmed.spice -- issue #13 monte carlo mismatch analysis for the

Doing analysis at TEMP = 125.000000 and TNOM = 27.000000

Using SPARSE 1.3 as Direct Linear Solver
 Reference value :  0.00000e+00
No. of Data Rows : 1
vref_val = 1.221989e+00
ibias_val = 6.413616e-01
isup_val = 2.700866e-05
Reset re-loads circuit * tb_mc_untrimmed.spice -- issue #13 monte carlo mismatch analysis for the

Circuit: * tb_mc_untrimmed.spice -- issue #13 monte carlo mismatch analysis for the

Doing analysis at TEMP = 125.000000 and TNOM = 27.000000

Using SPARSE 1.3 as Direct Linear Solver
 Reference value :  0.00000e+00
No. of Data Rows : 1
vref_val = 1.209182e+00
ibias_val = 6.413206e-01
isup_val = 2.657525e-05
Reset re-loads circuit * tb_mc_untrimmed.spice -- issue #13 monte carlo mismatch analysis for the

Circuit: * tb_mc_untrimmed.spice -- issue #13 monte carlo mismatch analysis for the

Doing analysis at TEMP = 125.000000 and TNOM = 27.000000

Using SPARSE 1.3 as Direct Linear Solver
 Reference value :  0.00000e+00
No. of Data Rows : 1
vref_val = 1.226919e+00
ibias_val = 6.427051e-01
isup_val = 2.716655e-05
Reset re-loads circuit * tb_mc_untrimmed.spice -- issue #13 monte carlo mismatch analysis for the

Circuit: * tb_mc_untrimmed.spice -- issue #13 monte carlo mismatch analysis for the

Doing analysis at TEMP = 125.000000 and TNOM = 27.000000

Using SPARSE 1.3 as Direct Linear Solver
 Reference value :  0.00000e+00
No. of Data Rows : 1
vref_val = 1.223206e+00
ibias_val = 6.403100e-01
isup_val = 2.687623e-05
Reset re-loads circuit * tb_mc_untrimmed.spice -- issue #13 monte carlo mismatch analysis for the

Circuit: * tb_mc_untrimmed.spice -- issue #13 monte carlo mismatch analysis for the

Doing analysis at TEMP = 125.000000 and TNOM = 27.000000

Using SPARSE 1.3 as Direct Linear Solver
 Reference value :  0.00000e+00
No. of Data Rows : 1
vref_val = 1.214129e+00
ibias_val = 6.397317e-01
isup_val = 2.666973e-05
Reset re-loads circuit * tb_mc_untrimmed.spice -- issue #13 monte carlo mismatch analysis for the

Circuit: * tb_mc_untrimmed.spice -- issue #13 monte carlo mismatch analysis for the

Doing analysis at TEMP = 125.000000 and TNOM = 27.000000

Using SPARSE 1.3 as Direct Linear Solver
 Reference value :  0.00000e+00
No. of Data Rows : 1
vref_val = 1.219656e+00
ibias_val = 6.414336e-01
isup_val = 2.683403e-05
Reset re-loads circuit * tb_mc_untrimmed.spice -- issue #13 monte carlo mismatch analysis for the

Circuit: * tb_mc_untrimmed.spice -- issue #13 monte carlo mismatch analysis for the

Doing analysis at TEMP = 125.000000 and TNOM = 27.000000

Using SPARSE 1.3 as Direct Linear Solver
 Reference value :  0.00000e+00
No. of Data Rows : 1
vref_val = 1.223803e+00
ibias_val = 6.420112e-01
isup_val = 2.701147e-05
Reset re-loads circuit * tb_mc_untrimmed.spice -- issue #13 monte carlo mismatch analysis for the

Circuit: * tb_mc_untrimmed.spice -- issue #13 monte carlo mismatch analysis for the

Doing analysis at TEMP = 125.000000 and TNOM = 27.000000

Using SPARSE 1.3 as Direct Linear Solver
 Reference value :  0.00000e+00
No. of Data Rows : 1
vref_val = 1.217077e+00
ibias_val = 6.404341e-01
isup_val = 2.683354e-05
Reset re-loads circuit * tb_mc_untrimmed.spice -- issue #13 monte carlo mismatch analysis for the

Circuit: * tb_mc_untrimmed.spice -- issue #13 monte carlo mismatch analysis for the

Doing analysis at TEMP = 125.000000 and TNOM = 27.000000

Using SPARSE 1.3 as Direct Linear Solver
 Reference value :  0.00000e+00
No. of Data Rows : 1
vref_val = 1.221251e+00
ibias_val = 6.406597e-01
isup_val = 2.691703e-05
Reset re-loads circuit * tb_mc_untrimmed.spice -- issue #13 monte carlo mismatch analysis for the

Circuit: * tb_mc_untrimmed.spice -- issue #13 monte carlo mismatch analysis for the

Doing analysis at TEMP = 125.000000 and TNOM = 27.000000

Using SPARSE 1.3 as Direct Linear Solver
 Reference value :  0.00000e+00
No. of Data Rows : 1
vref_val = 1.218713e+00
ibias_val = 6.416323e-01
isup_val = 2.678903e-05
Reset re-loads circuit * tb_mc_untrimmed.spice -- issue #13 monte carlo mismatch analysis for the

Circuit: * tb_mc_untrimmed.spice -- issue #13 monte carlo mismatch analysis for the

Doing analysis at TEMP = 125.000000 and TNOM = 27.000000

Using SPARSE 1.3 as Direct Linear Solver

No. of Data Rows : 1
vref_val = 1.226411e+00
ibias_val = 6.388805e-01
isup_val = 2.695696e-05
Reset re-loads circuit * tb_mc_untrimmed.spice -- issue #13 monte carlo mismatch analysis for the

Circuit: * tb_mc_untrimmed.spice -- issue #13 monte carlo mismatch analysis for the

Doing analysis at TEMP = 125.000000 and TNOM = 27.000000

Using SPARSE 1.3 as Direct Linear Solver
 Reference value :  0.00000e+00
No. of Data Rows : 1
vref_val = 1.220379e+00
ibias_val = 6.444602e-01
isup_val = 2.709072e-05
Reset re-loads circuit * tb_mc_untrimmed.spice -- issue #13 monte carlo mismatch analysis for the

Circuit: * tb_mc_untrimmed.spice -- issue #13 monte carlo mismatch analysis for the

Doing analysis at TEMP = 125.000000 and TNOM = 27.000000

Using SPARSE 1.3 as Direct Linear Solver
 Reference value :  0.00000e+00
No. of Data Rows : 1
vref_val = 1.225007e+00
ibias_val = 6.458148e-01
isup_val = 2.721293e-05
Reset re-loads circuit * tb_mc_untrimmed.spice -- issue #13 monte carlo mismatch analysis for the

Circuit: * tb_mc_untrimmed.spice -- issue #13 monte carlo mismatch analysis for the

Doing analysis at TEMP = 125.000000 and TNOM = 27.000000

Using SPARSE 1.3 as Direct Linear Solver
 Reference value :  0.00000e+00
No. of Data Rows : 1
vref_val = 1.221134e+00
ibias_val = 6.397789e-01
isup_val = 2.679520e-05
Reset re-loads circuit * tb_mc_untrimmed.spice -- issue #13 monte carlo mismatch analysis for the

Circuit: * tb_mc_untrimmed.spice -- issue #13 monte carlo mismatch analysis for the

Doing analysis at TEMP = 125.000000 and TNOM = 27.000000

Using SPARSE 1.3 as Direct Linear Solver
 Reference value :  0.00000e+00
No. of Data Rows : 1
vref_val = 1.208707e+00
ibias_val = 6.421110e-01
isup_val = 2.670175e-05
Reset re-loads circuit * tb_mc_untrimmed.spice -- issue #13 monte carlo mismatch analysis for the

Circuit: * tb_mc_untrimmed.spice -- issue #13 monte carlo mismatch analysis for the

Doing analysis at TEMP = 125.000000 and TNOM = 27.000000

Using SPARSE 1.3 as Direct Linear Solver
 Reference value :  0.00000e+00
No. of Data Rows : 1
vref_val = 1.212348e+00
ibias_val = 6.379540e-01
isup_val = 2.656225e-05
Reset re-loads circuit * tb_mc_untrimmed.spice -- issue #13 monte carlo mismatch analysis for the

Circuit: * tb_mc_untrimmed.spice -- issue #13 monte carlo mismatch analysis for the

Doing analysis at TEMP = 125.000000 and TNOM = 27.000000

Using SPARSE 1.3 as Direct Linear Solver
 Reference value :  0.00000e+00
No. of Data Rows : 1
vref_val = 1.210596e+00
ibias_val = 6.365413e-01
isup_val = 2.648270e-05
Reset re-loads circuit * tb_mc_untrimmed.spice -- issue #13 monte carlo mismatch analysis for the

Circuit: * tb_mc_untrimmed.spice -- issue #13 monte carlo mismatch analysis for the

Doing analysis at TEMP = 125.000000 and TNOM = 27.000000

Using SPARSE 1.3 as Direct Linear Solver
 Reference value :  0.00000e+00
No. of Data Rows : 1
vref_val = 1.221754e+00
ibias_val = 6.430895e-01
isup_val = 2.702499e-05
Reset re-loads circuit * tb_mc_untrimmed.spice -- issue #13 monte carlo mismatch analysis for the

Circuit: * tb_mc_untrimmed.spice -- issue #13 monte carlo mismatch analysis for the

Doing analysis at TEMP = 125.000000 and TNOM = 27.000000

Using SPARSE 1.3 as Direct Linear Solver
 Reference value :  0.00000e+00
No. of Data Rows : 1
vref_val = 1.208685e+00
ibias_val = 6.382261e-01
isup_val = 2.645966e-05
Reset re-loads circuit * tb_mc_untrimmed.spice -- issue #13 monte carlo mismatch analysis for the

Circuit: * tb_mc_untrimmed.spice -- issue #13 monte carlo mismatch analysis for the

Doing analysis at TEMP = 125.000000 and TNOM = 27.000000

Using SPARSE 1.3 as Direct Linear Solver
 Reference value :  0.00000e+00
No. of Data Rows : 1
vref_val = 1.227300e+00
ibias_val = 6.372272e-01
isup_val = 2.690140e-05
Reset re-loads circuit * tb_mc_untrimmed.spice -- issue #13 monte carlo mismatch analysis for the

Circuit: * tb_mc_untrimmed.spice -- issue #13 monte carlo mismatch analysis for the

Doing analysis at TEMP = 125.000000 and TNOM = 27.000000

Using SPARSE 1.3 as Direct Linear Solver
 Reference value :  0.00000e+00
No. of Data Rows : 1
vref_val = 1.210791e+00
ibias_val = 6.433862e-01
isup_val = 2.674220e-05
Reset re-loads circuit * tb_mc_untrimmed.spice -- issue #13 monte carlo mismatch analysis for the

Circuit: * tb_mc_untrimmed.spice -- issue #13 monte carlo mismatch analysis for the

Doing analysis at TEMP = 125.000000 and TNOM = 27.000000

Using SPARSE 1.3 as Direct Linear Solver
 Reference value :  0.00000e+00
No. of Data Rows : 1
vref_val = 1.216958e+00
ibias_val = 6.377254e-01
isup_val = 2.672552e-05
Reset re-loads circuit * tb_mc_untrimmed.spice -- issue #13 monte carlo mismatch analysis for the

Circuit: * tb_mc_untrimmed.spice -- issue #13 monte carlo mismatch analysis for the

Doing analysis at TEMP = 125.000000 and TNOM = 27.000000

Using SPARSE 1.3 as Direct Linear Solver
 Reference value :  0.00000e+00
No. of Data Rows : 1
vref_val = 1.221211e+00
ibias_val = 6.443742e-01
isup_val = 2.703670e-05
Reset re-loads circuit * tb_mc_untrimmed.spice -- issue #13 monte carlo mismatch analysis for the

Circuit: * tb_mc_untrimmed.spice -- issue #13 monte carlo mismatch analysis for the

Doing analysis at TEMP = 125.000000 and TNOM = 27.000000

Using SPARSE 1.3 as Direct Linear Solver
 Reference value :  0.00000e+00
No. of Data Rows : 1
vref_val = 1.217710e+00
ibias_val = 6.383809e-01
isup_val = 2.664089e-05
Reset re-loads circuit * tb_mc_untrimmed.spice -- issue #13 monte carlo mismatch analysis for the

Circuit: * tb_mc_untrimmed.spice -- issue #13 monte carlo mismatch analysis for the

Doing analysis at TEMP = 125.000000 and TNOM = 27.000000

Using SPARSE 1.3 as Direct Linear Solver
 Reference value :  0.00000e+00
No. of Data Rows : 1
vref_val = 1.219267e+00
ibias_val = 6.428707e-01
isup_val = 2.699215e-05
Reset re-loads circuit * tb_mc_untrimmed.spice -- issue #13 monte carlo mismatch analysis for the

Circuit: * tb_mc_untrimmed.spice -- issue #13 monte carlo mismatch analysis for the

Doing analysis at TEMP = 125.000000 and TNOM = 27.000000

Using SPARSE 1.3 as Direct Linear Solver
 Reference value :  0.00000e+00
No. of Data Rows : 1
vref_val = 1.214615e+00
ibias_val = 6.387735e-01
isup_val = 2.658496e-05
Reset re-loads circuit * tb_mc_untrimmed.spice -- issue #13 monte carlo mismatch analysis for the

Circuit: * tb_mc_untrimmed.spice -- issue #13 monte carlo mismatch analysis for the

Doing analysis at TEMP = 125.000000 and TNOM = 27.000000

Using SPARSE 1.3 as Direct Linear Solver
 Reference value :  0.00000e+00
No. of Data Rows : 1
vref_val = 1.215217e+00
ibias_val = 6.366830e-01
isup_val = 2.660783e-05
Reset re-loads circuit * tb_mc_untrimmed.spice -- issue #13 monte carlo mismatch analysis for the

Circuit: * tb_mc_untrimmed.spice -- issue #13 monte carlo mismatch analysis for the

Doing analysis at TEMP = 125.000000 and TNOM = 27.000000

Using SPARSE 1.3 as Direct Linear Solver
 Reference value :  0.00000e+00
No. of Data Rows : 1
vref_val = 1.226247e+00
ibias_val = 6.423095e-01
isup_val = 2.711405e-05
Reset re-loads circuit * tb_mc_untrimmed.spice -- issue #13 monte carlo mismatch analysis for the

Circuit: * tb_mc_untrimmed.spice -- issue #13 monte carlo mismatch analysis for the

Doing analysis at TEMP = 125.000000 and TNOM = 27.000000

Using SPARSE 1.3 as Direct Linear Solver
 Reference value :  0.00000e+00
No. of Data Rows : 1
vref_val = 1.219791e+00
ibias_val = 6.413423e-01
isup_val = 2.688924e-05
Reset re-loads circuit * tb_mc_untrimmed.spice -- issue #13 monte carlo mismatch analysis for the

Circuit: * tb_mc_untrimmed.spice -- issue #13 monte carlo mismatch analysis for the

Doing analysis at TEMP = 125.000000 and TNOM = 27.000000

Using SPARSE 1.3 as Direct Linear Solver
 Reference value :  0.00000e+00
No. of Data Rows : 1
vref_val = 1.216398e+00
ibias_val = 6.415495e-01
isup_val = 2.678006e-05
Reset re-loads circuit * tb_mc_untrimmed.spice -- issue #13 monte carlo mismatch analysis for the

Circuit: * tb_mc_untrimmed.spice -- issue #13 monte carlo mismatch analysis for the

Doing analysis at TEMP = 125.000000 and TNOM = 27.000000

Using SPARSE 1.3 as Direct Linear Solver
 Reference value :  0.00000e+00
No. of Data Rows : 1
vref_val = 1.222012e+00
ibias_val = 6.401190e-01
isup_val = 2.691631e-05
Reset re-loads circuit * tb_mc_untrimmed.spice -- issue #13 monte carlo mismatch analysis for the

Circuit: * tb_mc_untrimmed.spice -- issue #13 monte carlo mismatch analysis for the

Doing analysis at TEMP = 125.000000 and TNOM = 27.000000

Using SPARSE 1.3 as Direct Linear Solver
 Reference value :  0.00000e+00
No. of Data Rows : 1
vref_val = 1.220724e+00
ibias_val = 6.414906e-01
isup_val = 2.693173e-05
Reset re-loads circuit * tb_mc_untrimmed.spice -- issue #13 monte carlo mismatch analysis for the

Circuit: * tb_mc_untrimmed.spice -- issue #13 monte carlo mismatch analysis for the

Doing analysis at TEMP = 125.000000 and TNOM = 27.000000

Using SPARSE 1.3 as Direct Linear Solver
 Reference value :  0.00000e+00
No. of Data Rows : 1
vref_val = 1.215508e+00
ibias_val = 6.415894e-01
isup_val = 2.672293e-05
Reset re-loads circuit * tb_mc_untrimmed.spice -- issue #13 monte carlo mismatch analysis for the

Circuit: * tb_mc_untrimmed.spice -- issue #13 monte carlo mismatch analysis for the

Doing analysis at TEMP = 125.000000 and TNOM = 27.000000

Using SPARSE 1.3 as Direct Linear Solver
 Reference value :  0.00000e+00
No. of Data Rows : 1
vref_val = 1.221739e+00
ibias_val = 6.451729e-01
isup_val = 2.706029e-05
Reset re-loads circuit * tb_mc_untrimmed.spice -- issue #13 monte carlo mismatch analysis for the

Circuit: * tb_mc_untrimmed.spice -- issue #13 monte carlo mismatch analysis for the

Doing analysis at TEMP = 125.000000 and TNOM = 27.000000

Using SPARSE 1.3 as Direct Linear Solver
 Reference value :  0.00000e+00
No. of Data Rows : 1
vref_val = 1.222625e+00
ibias_val = 6.430992e-01
isup_val = 2.708450e-05
Reset re-loads circuit * tb_mc_untrimmed.spice -- issue #13 monte carlo mismatch analysis for the

Circuit: * tb_mc_untrimmed.spice -- issue #13 monte carlo mismatch analysis for the

Doing analysis at TEMP = 125.000000 and TNOM = 27.000000

Using SPARSE 1.3 as Direct Linear Solver
 Reference value :  0.00000e+00
No. of Data Rows : 1
vref_val = 1.220079e+00
ibias_val = 6.458262e-01
isup_val = 2.706472e-05
Reset re-loads circuit * tb_mc_untrimmed.spice -- issue #13 monte carlo mismatch analysis for the

Circuit: * tb_mc_untrimmed.spice -- issue #13 monte carlo mismatch analysis for the

Doing analysis at TEMP = 125.000000 and TNOM = 27.000000

Using SPARSE 1.3 as Direct Linear Solver
 Reference value :  0.00000e+00
No. of Data Rows : 1
vref_val = 1.224474e+00
ibias_val = 6.441305e-01
isup_val = 2.705556e-05
Reset re-loads circuit * tb_mc_untrimmed.spice -- issue #13 monte carlo mismatch analysis for the

Circuit: * tb_mc_untrimmed.spice -- issue #13 monte carlo mismatch analysis for the

Doing analysis at TEMP = 125.000000 and TNOM = 27.000000

Using SPARSE 1.3 as Direct Linear Solver
 Reference value :  0.00000e+00
No. of Data Rows : 1
vref_val = 1.211698e+00
ibias_val = 6.400364e-01
isup_val = 2.656866e-05
Reset re-loads circuit * tb_mc_untrimmed.spice -- issue #13 monte carlo mismatch analysis for the

Circuit: * tb_mc_untrimmed.spice -- issue #13 monte carlo mismatch analysis for the

Doing analysis at TEMP = 125.000000 and TNOM = 27.000000

Using SPARSE 1.3 as Direct Linear Solver
 Reference value :  0.00000e+00
No. of Data Rows : 1
vref_val = 1.215532e+00
ibias_val = 6.411625e-01
isup_val = 2.673720e-05
Reset re-loads circuit * tb_mc_untrimmed.spice -- issue #13 monte carlo mismatch analysis for the

Circuit: * tb_mc_untrimmed.spice -- issue #13 monte carlo mismatch analysis for the

Doing analysis at TEMP = 125.000000 and TNOM = 27.000000

Using SPARSE 1.3 as Direct Linear Solver
 Reference value :  0.00000e+00
No. of Data Rows : 1
vref_val = 1.218512e+00
ibias_val = 6.426917e-01
isup_val = 2.698680e-05
Reset re-loads circuit * tb_mc_untrimmed.spice -- issue #13 monte carlo mismatch analysis for the

Circuit: * tb_mc_untrimmed.spice -- issue #13 monte carlo mismatch analysis for the

Doing analysis at TEMP = 125.000000 and TNOM = 27.000000

Using SPARSE 1.3 as Direct Linear Solver
 Reference value :  0.00000e+00
No. of Data Rows : 1
vref_val = 1.224918e+00
ibias_val = 6.403325e-01
isup_val = 2.701699e-05
Reset re-loads circuit * tb_mc_untrimmed.spice -- issue #13 monte carlo mismatch analysis for the

Circuit: * tb_mc_untrimmed.spice -- issue #13 monte carlo mismatch analysis for the

Doing analysis at TEMP = 125.000000 and TNOM = 27.000000

Using SPARSE 1.3 as Direct Linear Solver
 Reference value :  0.00000e+00
No. of Data Rows : 1
vref_val = 1.226612e+00
ibias_val = 6.403715e-01
isup_val = 2.699506e-05
Reset re-loads circuit * tb_mc_untrimmed.spice -- issue #13 monte carlo mismatch analysis for the

Circuit: * tb_mc_untrimmed.spice -- issue #13 monte carlo mismatch analysis for the

Doing analysis at TEMP = 125.000000 and TNOM = 27.000000

Using SPARSE 1.3 as Direct Linear Solver
 Reference value :  0.00000e+00
No. of Data Rows : 1
vref_val = 1.222482e+00
ibias_val = 6.404995e-01
isup_val = 2.695153e-05
Reset re-loads circuit * tb_mc_untrimmed.spice -- issue #13 monte carlo mismatch analysis for the

Circuit: * tb_mc_untrimmed.spice -- issue #13 monte carlo mismatch analysis for the

Doing analysis at TEMP = 125.000000 and TNOM = 27.000000

Using SPARSE 1.3 as Direct Linear Solver
 Reference value :  0.00000e+00
No. of Data Rows : 1
vref_val = 1.214399e+00
ibias_val = 6.406292e-01
isup_val = 2.676847e-05
Reset re-loads circuit * tb_mc_untrimmed.spice -- issue #13 monte carlo mismatch analysis for the

Circuit: * tb_mc_untrimmed.spice -- issue #13 monte carlo mismatch analysis for the

Doing analysis at TEMP = 125.000000 and TNOM = 27.000000

Using SPARSE 1.3 as Direct Linear Solver
 Reference value :  0.00000e+00
No. of Data Rows : 1
vref_val = 1.216998e+00
ibias_val = 6.448808e-01
isup_val = 2.694279e-05
Reset re-loads circuit * tb_mc_untrimmed.spice -- issue #13 monte carlo mismatch analysis for the

Circuit: * tb_mc_untrimmed.spice -- issue #13 monte carlo mismatch analysis for the

Doing analysis at TEMP = 125.000000 and TNOM = 27.000000

Using SPARSE 1.3 as Direct Linear Solver
 Reference value :  0.00000e+00
No. of Data Rows : 1
vref_val = 1.218804e+00
ibias_val = 6.372796e-01
isup_val = 2.665005e-05
Reset re-loads circuit * tb_mc_untrimmed.spice -- issue #13 monte carlo mismatch analysis for the

Circuit: * tb_mc_untrimmed.spice -- issue #13 monte carlo mismatch analysis for the

Doing analysis at TEMP = 125.000000 and TNOM = 27.000000

Using SPARSE 1.3 as Direct Linear Solver
 Reference value :  0.00000e+00
No. of Data Rows : 1
vref_val = 1.224080e+00
ibias_val = 6.426991e-01
isup_val = 2.707353e-05
Reset re-loads circuit * tb_mc_untrimmed.spice -- issue #13 monte carlo mismatch analysis for the

Circuit: * tb_mc_untrimmed.spice -- issue #13 monte carlo mismatch analysis for the

Doing analysis at TEMP = 125.000000 and TNOM = 27.000000

Using SPARSE 1.3 as Direct Linear Solver
 Reference value :  0.00000e+00
No. of Data Rows : 1
vref_val = 1.209072e+00
ibias_val = 6.405567e-01
isup_val = 2.647550e-05
Reset re-loads circuit * tb_mc_untrimmed.spice -- issue #13 monte carlo mismatch analysis for the

Circuit: * tb_mc_untrimmed.spice -- issue #13 monte carlo mismatch analysis for the

Doing analysis at TEMP = 125.000000 and TNOM = 27.000000

Using SPARSE 1.3 as Direct Linear Solver
 Reference value :  0.00000e+00
No. of Data Rows : 1
vref_val = 1.212998e+00
ibias_val = 6.398607e-01
isup_val = 2.673561e-05
Reset re-loads circuit * tb_mc_untrimmed.spice -- issue #13 monte carlo mismatch analysis for the

Circuit: * tb_mc_untrimmed.spice -- issue #13 monte carlo mismatch analysis for the

Doing analysis at TEMP = 125.000000 and TNOM = 27.000000

Using SPARSE 1.3 as Direct Linear Solver

No. of Data Rows : 1
vref_val = 1.213989e+00
ibias_val = 6.430940e-01
isup_val = 2.680195e-05
Reset re-loads circuit * tb_mc_untrimmed.spice -- issue #13 monte carlo mismatch analysis for the

Circuit: * tb_mc_untrimmed.spice -- issue #13 monte carlo mismatch analysis for the

Doing analysis at TEMP = 125.000000 and TNOM = 27.000000

Using SPARSE 1.3 as Direct Linear Solver
 Reference value :  0.00000e+00
No. of Data Rows : 1
vref_val = 1.209931e+00
ibias_val = 6.404994e-01
isup_val = 2.655773e-05
Reset re-loads circuit * tb_mc_untrimmed.spice -- issue #13 monte carlo mismatch analysis for the

Circuit: * tb_mc_untrimmed.spice -- issue #13 monte carlo mismatch analysis for the

Doing analysis at TEMP = 125.000000 and TNOM = 27.000000

Using SPARSE 1.3 as Direct Linear Solver
 Reference value :  0.00000e+00
No. of Data Rows : 1
vref_val = 1.213416e+00
ibias_val = 6.377787e-01
isup_val = 2.655435e-05
Reset re-loads circuit * tb_mc_untrimmed.spice -- issue #13 monte carlo mismatch analysis for the

Circuit: * tb_mc_untrimmed.spice -- issue #13 monte carlo mismatch analysis for the

Doing analysis at TEMP = 125.000000 and TNOM = 27.000000

Using SPARSE 1.3 as Direct Linear Solver
 Reference value :  0.00000e+00
No. of Data Rows : 1
vref_val = 1.210154e+00
ibias_val = 6.433838e-01
isup_val = 2.678851e-05
Reset re-loads circuit * tb_mc_untrimmed.spice -- issue #13 monte carlo mismatch analysis for the

Circuit: * tb_mc_untrimmed.spice -- issue #13 monte carlo mismatch analysis for the

Doing analysis at TEMP = 125.000000 and TNOM = 27.000000

Using SPARSE 1.3 as Direct Linear Solver
 Reference value :  0.00000e+00
No. of Data Rows : 1
vref_val = 1.226060e+00
ibias_val = 6.453420e-01
isup_val = 2.718332e-05
Reset re-loads circuit * tb_mc_untrimmed.spice -- issue #13 monte carlo mismatch analysis for the

Circuit: * tb_mc_untrimmed.spice -- issue #13 monte carlo mismatch analysis for the

Doing analysis at TEMP = 125.000000 and TNOM = 27.000000

Using SPARSE 1.3 as Direct Linear Solver
 Reference value :  0.00000e+00
No. of Data Rows : 1
vref_val = 1.221044e+00
ibias_val = 6.424592e-01
isup_val = 2.694442e-05
Reset re-loads circuit * tb_mc_untrimmed.spice -- issue #13 monte carlo mismatch analysis for the

Circuit: * tb_mc_untrimmed.spice -- issue #13 monte carlo mismatch analysis for the

Doing analysis at TEMP = 125.000000 and TNOM = 27.000000

Using SPARSE 1.3 as Direct Linear Solver
 Reference value :  0.00000e+00
No. of Data Rows : 1
vref_val = 1.228576e+00
ibias_val = 6.439589e-01
isup_val = 2.718558e-05
Reset re-loads circuit * tb_mc_untrimmed.spice -- issue #13 monte carlo mismatch analysis for the

Circuit: * tb_mc_untrimmed.spice -- issue #13 monte carlo mismatch analysis for the

Doing analysis at TEMP = 125.000000 and TNOM = 27.000000

Using SPARSE 1.3 as Direct Linear Solver
 Reference value :  0.00000e+00
No. of Data Rows : 1
vref_val = 1.224953e+00
ibias_val = 6.402202e-01
isup_val = 2.690461e-05
Reset re-loads circuit * tb_mc_untrimmed.spice -- issue #13 monte carlo mismatch analysis for the

Circuit: * tb_mc_untrimmed.spice -- issue #13 monte carlo mismatch analysis for the

Doing analysis at TEMP = 125.000000 and TNOM = 27.000000

Using SPARSE 1.3 as Direct Linear Solver
 Reference value :  0.00000e+00
No. of Data Rows : 1
vref_val = 1.216388e+00
ibias_val = 6.391670e-01
isup_val = 2.673879e-05
Reset re-loads circuit * tb_mc_untrimmed.spice -- issue #13 monte carlo mismatch analysis for the

Circuit: * tb_mc_untrimmed.spice -- issue #13 monte carlo mismatch analysis for the

Doing analysis at TEMP = 125.000000 and TNOM = 27.000000

Using SPARSE 1.3 as Direct Linear Solver
 Reference value :  0.00000e+00
No. of Data Rows : 1
vref_val = 1.226334e+00
ibias_val = 6.428714e-01
isup_val = 2.714826e-05
Reset re-loads circuit * tb_mc_untrimmed.spice -- issue #13 monte carlo mismatch analysis for the

Circuit: * tb_mc_untrimmed.spice -- issue #13 monte carlo mismatch analysis for the

Doing analysis at TEMP = 125.000000 and TNOM = 27.000000

Using SPARSE 1.3 as Direct Linear Solver
 Reference value :  0.00000e+00
No. of Data Rows : 1
vref_val = 1.215111e+00
ibias_val = 6.457090e-01
isup_val = 2.697991e-05
Reset re-loads circuit * tb_mc_untrimmed.spice -- issue #13 monte carlo mismatch analysis for the

Circuit: * tb_mc_untrimmed.spice -- issue #13 monte carlo mismatch analysis for the

Doing analysis at TEMP = 125.000000 and TNOM = 27.000000

Using SPARSE 1.3 as Direct Linear Solver
 Reference value :  0.00000e+00
No. of Data Rows : 1
vref_val = 1.225716e+00
ibias_val = 6.435871e-01
isup_val = 2.716611e-05
Reset re-loads circuit * tb_mc_untrimmed.spice -- issue #13 monte carlo mismatch analysis for the

Circuit: * tb_mc_untrimmed.spice -- issue #13 monte carlo mismatch analysis for the

Doing analysis at TEMP = 125.000000 and TNOM = 27.000000

Using SPARSE 1.3 as Direct Linear Solver
 Reference value :  0.00000e+00
No. of Data Rows : 1
vref_val = 1.219198e+00
ibias_val = 6.395138e-01
isup_val = 2.676738e-05
Reset re-loads circuit * tb_mc_untrimmed.spice -- issue #13 monte carlo mismatch analysis for the

Circuit: * tb_mc_untrimmed.spice -- issue #13 monte carlo mismatch analysis for the

Doing analysis at TEMP = 125.000000 and TNOM = 27.000000

Using SPARSE 1.3 as Direct Linear Solver
 Reference value :  0.00000e+00
No. of Data Rows : 1
vref_val = 1.211847e+00
ibias_val = 6.422292e-01
isup_val = 2.665855e-05
Reset re-loads circuit * tb_mc_untrimmed.spice -- issue #13 monte carlo mismatch analysis for the

Circuit: * tb_mc_untrimmed.spice -- issue #13 monte carlo mismatch analysis for the

Doing analysis at TEMP = 125.000000 and TNOM = 27.000000

Using SPARSE 1.3 as Direct Linear Solver
 Reference value :  0.00000e+00
No. of Data Rows : 1
vref_val = 1.227942e+00
ibias_val = 6.425497e-01
isup_val = 2.713559e-05
Reset re-loads circuit * tb_mc_untrimmed.spice -- issue #13 monte carlo mismatch analysis for the

Circuit: * tb_mc_untrimmed.spice -- issue #13 monte carlo mismatch analysis for the

Doing analysis at TEMP = 125.000000 and TNOM = 27.000000

Using SPARSE 1.3 as Direct Linear Solver
 Reference value :  0.00000e+00
No. of Data Rows : 1
vref_val = 1.219678e+00
ibias_val = 6.417546e-01
isup_val = 2.693936e-05
Reset re-loads circuit * tb_mc_untrimmed.spice -- issue #13 monte carlo mismatch analysis for the

Circuit: * tb_mc_untrimmed.spice -- issue #13 monte carlo mismatch analysis for the

Doing analysis at TEMP = 125.000000 and TNOM = 27.000000

Using SPARSE 1.3 as Direct Linear Solver
 Reference value :  0.00000e+00
No. of Data Rows : 1
vref_val = 1.225605e+00
ibias_val = 6.388110e-01
isup_val = 2.698344e-05
Reset re-loads circuit * tb_mc_untrimmed.spice -- issue #13 monte carlo mismatch analysis for the

Circuit: * tb_mc_untrimmed.spice -- issue #13 monte carlo mismatch analysis for the

Doing analysis at TEMP = 125.000000 and TNOM = 27.000000

Using SPARSE 1.3 as Direct Linear Solver
 Reference value :  0.00000e+00
No. of Data Rows : 1
vref_val = 1.214889e+00
ibias_val = 6.397859e-01
isup_val = 2.669301e-05
Reset re-loads circuit * tb_mc_untrimmed.spice -- issue #13 monte carlo mismatch analysis for the

Circuit: * tb_mc_untrimmed.spice -- issue #13 monte carlo mismatch analysis for the

Doing analysis at TEMP = 125.000000 and TNOM = 27.000000

Using SPARSE 1.3 as Direct Linear Solver
 Reference value :  0.00000e+00
No. of Data Rows : 1
vref_val = 1.214350e+00
ibias_val = 6.398671e-01
isup_val = 2.667039e-05
Reset re-loads circuit * tb_mc_untrimmed.spice -- issue #13 monte carlo mismatch analysis for the

Circuit: * tb_mc_untrimmed.spice -- issue #13 monte carlo mismatch analysis for the

Doing analysis at TEMP = 125.000000 and TNOM = 27.000000

Using SPARSE 1.3 as Direct Linear Solver

No. of Data Rows : 1
vref_val = 1.223034e+00
ibias_val = 6.398123e-01
isup_val = 2.693286e-05
Reset re-loads circuit * tb_mc_untrimmed.spice -- issue #13 monte carlo mismatch analysis for the

Circuit: * tb_mc_untrimmed.spice -- issue #13 monte carlo mismatch analysis for the

Doing analysis at TEMP = 125.000000 and TNOM = 27.000000

Using SPARSE 1.3 as Direct Linear Solver
 Reference value :  0.00000e+00
No. of Data Rows : 1
vref_val = 1.220034e+00
ibias_val = 6.394709e-01
isup_val = 2.676485e-05
Reset re-loads circuit * tb_mc_untrimmed.spice -- issue #13 monte carlo mismatch analysis for the

Circuit: * tb_mc_untrimmed.spice -- issue #13 monte carlo mismatch analysis for the

Doing analysis at TEMP = 125.000000 and TNOM = 27.000000

Using SPARSE 1.3 as Direct Linear Solver
 Reference value :  0.00000e+00
No. of Data Rows : 1
vref_val = 1.217203e+00
ibias_val = 6.438293e-01
isup_val = 2.689128e-05
Reset re-loads circuit * tb_mc_untrimmed.spice -- issue #13 monte carlo mismatch analysis for the

Circuit: * tb_mc_untrimmed.spice -- issue #13 monte carlo mismatch analysis for the

Doing analysis at TEMP = 125.000000 and TNOM = 27.000000

Using SPARSE 1.3 as Direct Linear Solver
 Reference value :  0.00000e+00
No. of Data Rows : 1
vref_val = 1.219534e+00
ibias_val = 6.437875e-01
isup_val = 2.696624e-05
Reset re-loads circuit * tb_mc_untrimmed.spice -- issue #13 monte carlo mismatch analysis for the

Circuit: * tb_mc_untrimmed.spice -- issue #13 monte carlo mismatch analysis for the

Doing analysis at TEMP = 125.000000 and TNOM = 27.000000

Using SPARSE 1.3 as Direct Linear Solver
 Reference value :  0.00000e+00
No. of Data Rows : 1
vref_val = 1.205454e+00
ibias_val = 6.445468e-01
isup_val = 2.673981e-05
Reset re-loads circuit * tb_mc_untrimmed.spice -- issue #13 monte carlo mismatch analysis for the

Circuit: * tb_mc_untrimmed.spice -- issue #13 monte carlo mismatch analysis for the

Doing analysis at TEMP = 125.000000 and TNOM = 27.000000

Using SPARSE 1.3 as Direct Linear Solver
 Reference value :  0.00000e+00
No. of Data Rows : 1
vref_val = 1.216337e+00
ibias_val = 6.409852e-01
isup_val = 2.681560e-05
Reset re-loads circuit * tb_mc_untrimmed.spice -- issue #13 monte carlo mismatch analysis for the

Circuit: * tb_mc_untrimmed.spice -- issue #13 monte carlo mismatch analysis for the

Doing analysis at TEMP = 125.000000 and TNOM = 27.000000

Using SPARSE 1.3 as Direct Linear Solver
 Reference value :  0.00000e+00
No. of Data Rows : 1
vref_val = 1.224411e+00
ibias_val = 6.450593e-01
isup_val = 2.720941e-05
Reset re-loads circuit * tb_mc_untrimmed.spice -- issue #13 monte carlo mismatch analysis for the

Circuit: * tb_mc_untrimmed.spice -- issue #13 monte carlo mismatch analysis for the

Doing analysis at TEMP = 125.000000 and TNOM = 27.000000

Using SPARSE 1.3 as Direct Linear Solver
 Reference value :  0.00000e+00
No. of Data Rows : 1
vref_val = 1.212466e+00
ibias_val = 6.385824e-01
isup_val = 2.666804e-05
Reset re-loads circuit * tb_mc_untrimmed.spice -- issue #13 monte carlo mismatch analysis for the

Circuit: * tb_mc_untrimmed.spice -- issue #13 monte carlo mismatch analysis for the

Doing analysis at TEMP = 125.000000 and TNOM = 27.000000

Using SPARSE 1.3 as Direct Linear Solver
 Reference value :  0.00000e+00
No. of Data Rows : 1
vref_val = 1.227729e+00
ibias_val = 6.449096e-01
isup_val = 2.732466e-05
Reset re-loads circuit * tb_mc_untrimmed.spice -- issue #13 monte carlo mismatch analysis for the

Circuit: * tb_mc_untrimmed.spice -- issue #13 monte carlo mismatch analysis for the

Doing analysis at TEMP = 125.000000 and TNOM = 27.000000

Using SPARSE 1.3 as Direct Linear Solver
 Reference value :  0.00000e+00
No. of Data Rows : 1
vref_val = 1.205956e+00
ibias_val = 6.397276e-01
isup_val = 2.644538e-05
Reset re-loads circuit * tb_mc_untrimmed.spice -- issue #13 monte carlo mismatch analysis for the

Circuit: * tb_mc_untrimmed.spice -- issue #13 monte carlo mismatch analysis for the

Doing analysis at TEMP = 125.000000 and TNOM = 27.000000

Using SPARSE 1.3 as Direct Linear Solver
 Reference value :  0.00000e+00
No. of Data Rows : 1
vref_val = 1.216299e+00
ibias_val = 6.409180e-01
isup_val = 2.679459e-05
Reset re-loads circuit * tb_mc_untrimmed.spice -- issue #13 monte carlo mismatch analysis for the

Circuit: * tb_mc_untrimmed.spice -- issue #13 monte carlo mismatch analysis for the

Doing analysis at TEMP = 125.000000 and TNOM = 27.000000

Using SPARSE 1.3 as Direct Linear Solver
 Reference value :  0.00000e+00
No. of Data Rows : 1
vref_val = 1.216981e+00
ibias_val = 6.390596e-01
isup_val = 2.677859e-05
Reset re-loads circuit * tb_mc_untrimmed.spice -- issue #13 monte carlo mismatch analysis for the

Circuit: * tb_mc_untrimmed.spice -- issue #13 monte carlo mismatch analysis for the

Doing analysis at TEMP = 125.000000 and TNOM = 27.000000

Using SPARSE 1.3 as Direct Linear Solver
 Reference value :  0.00000e+00
No. of Data Rows : 1
vref_val = 1.224115e+00
ibias_val = 6.404565e-01
isup_val = 2.704816e-05
Reset re-loads circuit * tb_mc_untrimmed.spice -- issue #13 monte carlo mismatch analysis for the

Circuit: * tb_mc_untrimmed.spice -- issue #13 monte carlo mismatch analysis for the

Doing analysis at TEMP = 125.000000 and TNOM = 27.000000

Using SPARSE 1.3 as Direct Linear Solver
 Reference value :  0.00000e+00
No. of Data Rows : 1
vref_val = 1.224315e+00
ibias_val = 6.433643e-01
isup_val = 2.718081e-05
Reset re-loads circuit * tb_mc_untrimmed.spice -- issue #13 monte carlo mismatch analysis for the

Circuit: * tb_mc_untrimmed.spice -- issue #13 monte carlo mismatch analysis for the

Doing analysis at TEMP = 125.000000 and TNOM = 27.000000

Using SPARSE 1.3 as Direct Linear Solver
 Reference value :  0.00000e+00
No. of Data Rows : 1
vref_val = 1.231731e+00
ibias_val = 6.386889e-01
isup_val = 2.707175e-05
Reset re-loads circuit * tb_mc_untrimmed.spice -- issue #13 monte carlo mismatch analysis for the

Circuit: * tb_mc_untrimmed.spice -- issue #13 monte carlo mismatch analysis for the

Doing analysis at TEMP = 125.000000 and TNOM = 27.000000

Using SPARSE 1.3 as Direct Linear Solver
 Reference value :  0.00000e+00
No. of Data Rows : 1
vref_val = 1.219527e+00
ibias_val = 6.388493e-01
isup_val = 2.677943e-05
Reset re-loads circuit * tb_mc_untrimmed.spice -- issue #13 monte carlo mismatch analysis for the

Circuit: * tb_mc_untrimmed.spice -- issue #13 monte carlo mismatch analysis for the

Doing analysis at TEMP = 125.000000 and TNOM = 27.000000

Using SPARSE 1.3 as Direct Linear Solver
 Reference value :  0.00000e+00
No. of Data Rows : 1
vref_val = 1.215007e+00
ibias_val = 6.389603e-01
isup_val = 2.668774e-05
Reset re-loads circuit * tb_mc_untrimmed.spice -- issue #13 monte carlo mismatch analysis for the

Circuit: * tb_mc_untrimmed.spice -- issue #13 monte carlo mismatch analysis for the

Doing analysis at TEMP = 125.000000 and TNOM = 27.000000

Using SPARSE 1.3 as Direct Linear Solver
 Reference value :  0.00000e+00
No. of Data Rows : 1
vref_val = 1.215339e+00
ibias_val = 6.413506e-01
isup_val = 2.670040e-05
Reset re-loads circuit * tb_mc_untrimmed.spice -- issue #13 monte carlo mismatch analysis for the

Circuit: * tb_mc_untrimmed.spice -- issue #13 monte carlo mismatch analysis for the

Doing analysis at TEMP = 125.000000 and TNOM = 27.000000

Using SPARSE 1.3 as Direct Linear Solver
 Reference value :  0.00000e+00
No. of Data Rows : 1
vref_val = 1.211417e+00
ibias_val = 6.433155e-01
isup_val = 2.680242e-05
Reset re-loads circuit * tb_mc_untrimmed.spice -- issue #13 monte carlo mismatch analysis for the

Circuit: * tb_mc_untrimmed.spice -- issue #13 monte carlo mismatch analysis for the

Doing analysis at TEMP = 125.000000 and TNOM = 27.000000

Using SPARSE 1.3 as Direct Linear Solver
 Reference value :  0.00000e+00
No. of Data Rows : 1
vref_val = 1.221786e+00
ibias_val = 6.417767e-01
isup_val = 2.700206e-05
Reset re-loads circuit * tb_mc_untrimmed.spice -- issue #13 monte carlo mismatch analysis for the

Circuit: * tb_mc_untrimmed.spice -- issue #13 monte carlo mismatch analysis for the

Doing analysis at TEMP = 125.000000 and TNOM = 27.000000

Using SPARSE 1.3 as Direct Linear Solver
 Reference value :  0.00000e+00
No. of Data Rows : 1
vref_val = 1.227733e+00
ibias_val = 6.466196e-01
isup_val = 2.742780e-05
Reset re-loads circuit * tb_mc_untrimmed.spice -- issue #13 monte carlo mismatch analysis for the

Circuit: * tb_mc_untrimmed.spice -- issue #13 monte carlo mismatch analysis for the

Doing analysis at TEMP = 125.000000 and TNOM = 27.000000

Using SPARSE 1.3 as Direct Linear Solver
 Reference value :  0.00000e+00
No. of Data Rows : 1
vref_val = 1.223722e+00
ibias_val = 6.458982e-01
isup_val = 2.727278e-05
Reset re-loads circuit * tb_mc_untrimmed.spice -- issue #13 monte carlo mismatch analysis for the

Circuit: * tb_mc_untrimmed.spice -- issue #13 monte carlo mismatch analysis for the

Doing analysis at TEMP = 125.000000 and TNOM = 27.000000

Using SPARSE 1.3 as Direct Linear Solver
 Reference value :  0.00000e+00
No. of Data Rows : 1
vref_val = 1.217003e+00
ibias_val = 6.405343e-01
isup_val = 2.682106e-05
Reset re-loads circuit * tb_mc_untrimmed.spice -- issue #13 monte carlo mismatch analysis for the

Circuit: * tb_mc_untrimmed.spice -- issue #13 monte carlo mismatch analysis for the

Doing analysis at TEMP = 125.000000 and TNOM = 27.000000

Using SPARSE 1.3 as Direct Linear Solver
 Reference value :  0.00000e+00
No. of Data Rows : 1
vref_val = 1.220577e+00
ibias_val = 6.437570e-01
isup_val = 2.704547e-05
Reset re-loads circuit * tb_mc_untrimmed.spice -- issue #13 monte carlo mismatch analysis for the

Circuit: * tb_mc_untrimmed.spice -- issue #13 monte carlo mismatch analysis for the

Doing analysis at TEMP = 125.000000 and TNOM = 27.000000

Using SPARSE 1.3 as Direct Linear Solver
 Reference value :  0.00000e+00
No. of Data Rows : 1
vref_val = 1.227120e+00
ibias_val = 6.427491e-01
isup_val = 2.718688e-05
Reset re-loads circuit * tb_mc_untrimmed.spice -- issue #13 monte carlo mismatch analysis for the

Circuit: * tb_mc_untrimmed.spice -- issue #13 monte carlo mismatch analysis for the

Doing analysis at TEMP = 125.000000 and TNOM = 27.000000

Using SPARSE 1.3 as Direct Linear Solver
 Reference value :  0.00000e+00
No. of Data Rows : 1
vref_val = 1.223860e+00
ibias_val = 6.420487e-01
isup_val = 2.697886e-05
Reset re-loads circuit * tb_mc_untrimmed.spice -- issue #13 monte carlo mismatch analysis for the

Circuit: * tb_mc_untrimmed.spice -- issue #13 monte carlo mismatch analysis for the

Doing analysis at TEMP = 125.000000 and TNOM = 27.000000

Using SPARSE 1.3 as Direct Linear Solver
 Reference value :  0.00000e+00
No. of Data Rows : 1
vref_val = 1.223337e+00
ibias_val = 6.416999e-01
isup_val = 2.693018e-05
Reset re-loads circuit * tb_mc_untrimmed.spice -- issue #13 monte carlo mismatch analysis for the

Circuit: * tb_mc_untrimmed.spice -- issue #13 monte carlo mismatch analysis for the

Doing analysis at TEMP = 125.000000 and TNOM = 27.000000

Using SPARSE 1.3 as Direct Linear Solver
 Reference value :  0.00000e+00
No. of Data Rows : 1
vref_val = 1.209178e+00
ibias_val = 6.428878e-01
isup_val = 2.662890e-05
Reset re-loads circuit * tb_mc_untrimmed.spice -- issue #13 monte carlo mismatch analysis for the

Circuit: * tb_mc_untrimmed.spice -- issue #13 monte carlo mismatch analysis for the

Doing analysis at TEMP = 125.000000 and TNOM = 27.000000

Using SPARSE 1.3 as Direct Linear Solver
 Reference value :  0.00000e+00
No. of Data Rows : 1
vref_val = 1.226931e+00
ibias_val = 6.434733e-01
isup_val = 2.714693e-05
Reset re-loads circuit * tb_mc_untrimmed.spice -- issue #13 monte carlo mismatch analysis for the

Circuit: * tb_mc_untrimmed.spice -- issue #13 monte carlo mismatch analysis for the

Doing analysis at TEMP = 125.000000 and TNOM = 27.000000

Using SPARSE 1.3 as Direct Linear Solver
 Reference value :  0.00000e+00
No. of Data Rows : 1
vref_val = 1.224032e+00
ibias_val = 6.381135e-01
isup_val = 2.683254e-05
Reset re-loads circuit * tb_mc_untrimmed.spice -- issue #13 monte carlo mismatch analysis for the

Circuit: * tb_mc_untrimmed.spice -- issue #13 monte carlo mismatch analysis for the

Doing analysis at TEMP = 125.000000 and TNOM = 27.000000

Using SPARSE 1.3 as Direct Linear Solver
 Reference value :  0.00000e+00
No. of Data Rows : 1
vref_val = 1.216291e+00
ibias_val = 6.431560e-01
isup_val = 2.681399e-05
Reset re-loads circuit * tb_mc_untrimmed.spice -- issue #13 monte carlo mismatch analysis for the

Circuit: * tb_mc_untrimmed.spice -- issue #13 monte carlo mismatch analysis for the

Doing analysis at TEMP = 125.000000 and TNOM = 27.000000

Using SPARSE 1.3 as Direct Linear Solver
 Reference value :  0.00000e+00
No. of Data Rows : 1
vref_val = 1.221317e+00
ibias_val = 6.410387e-01
isup_val = 2.700812e-05
Reset re-loads circuit * tb_mc_untrimmed.spice -- issue #13 monte carlo mismatch analysis for the

Circuit: * tb_mc_untrimmed.spice -- issue #13 monte carlo mismatch analysis for the

Doing analysis at TEMP = 125.000000 and TNOM = 27.000000

Using SPARSE 1.3 as Direct Linear Solver
 Reference value :  0.00000e+00
No. of Data Rows : 1
vref_val = 1.217247e+00
ibias_val = 6.390950e-01
isup_val = 2.676113e-05
Reset re-loads circuit * tb_mc_untrimmed.spice -- issue #13 monte carlo mismatch analysis for the

Circuit: * tb_mc_untrimmed.spice -- issue #13 monte carlo mismatch analysis for the

Doing analysis at TEMP = 125.000000 and TNOM = 27.000000

Using SPARSE 1.3 as Direct Linear Solver
 Reference value :  0.00000e+00
No. of Data Rows : 1
vref_val = 1.217566e+00
ibias_val = 6.442089e-01
isup_val = 2.687040e-05
Reset re-loads circuit * tb_mc_untrimmed.spice -- issue #13 monte carlo mismatch analysis for the

Circuit: * tb_mc_untrimmed.spice -- issue #13 monte carlo mismatch analysis for the

Doing analysis at TEMP = 125.000000 and TNOM = 27.000000

Using SPARSE 1.3 as Direct Linear Solver
 Reference value :  0.00000e+00
No. of Data Rows : 1
vref_val = 1.211079e+00
ibias_val = 6.393948e-01
isup_val = 2.657813e-05
Reset re-loads circuit * tb_mc_untrimmed.spice -- issue #13 monte carlo mismatch analysis for the

Circuit: * tb_mc_untrimmed.spice -- issue #13 monte carlo mismatch analysis for the

Doing analysis at TEMP = 125.000000 and TNOM = 27.000000

Using SPARSE 1.3 as Direct Linear Solver
 Reference value :  0.00000e+00
No. of Data Rows : 1
vref_val = 1.215401e+00
ibias_val = 6.422145e-01
isup_val = 2.671096e-05
Reset re-loads circuit * tb_mc_untrimmed.spice -- issue #13 monte carlo mismatch analysis for the

Circuit: * tb_mc_untrimmed.spice -- issue #13 monte carlo mismatch analysis for the

Doing analysis at TEMP = 125.000000 and TNOM = 27.000000

Using SPARSE 1.3 as Direct Linear Solver
 Reference value :  0.00000e+00
No. of Data Rows : 1
vref_val = 1.216428e+00
ibias_val = 6.456981e-01
isup_val = 2.702890e-05
Reset re-loads circuit * tb_mc_untrimmed.spice -- issue #13 monte carlo mismatch analysis for the

Circuit: * tb_mc_untrimmed.spice -- issue #13 monte carlo mismatch analysis for the

Doing analysis at TEMP = 125.000000 and TNOM = 27.000000

Using SPARSE 1.3 as Direct Linear Solver
 Reference value :  0.00000e+00
No. of Data Rows : 1
vref_val = 1.228409e+00
ibias_val = 6.440840e-01
isup_val = 2.727344e-05
Reset re-loads circuit * tb_mc_untrimmed.spice -- issue #13 monte carlo mismatch analysis for the

Circuit: * tb_mc_untrimmed.spice -- issue #13 monte carlo mismatch analysis for the

Doing analysis at TEMP = 125.000000 and TNOM = 27.000000

Using SPARSE 1.3 as Direct Linear Solver
 Reference value :  0.00000e+00
No. of Data Rows : 1
vref_val = 1.221376e+00
ibias_val = 6.437748e-01
isup_val = 2.709650e-05
Reset re-loads circuit * tb_mc_untrimmed.spice -- issue #13 monte carlo mismatch analysis for the

Circuit: * tb_mc_untrimmed.spice -- issue #13 monte carlo mismatch analysis for the

Doing analysis at TEMP = 125.000000 and TNOM = 27.000000

Using SPARSE 1.3 as Direct Linear Solver
 Reference value :  0.00000e+00
No. of Data Rows : 1
vref_val = 1.214045e+00
ibias_val = 6.383560e-01
isup_val = 2.653080e-05
Reset re-loads circuit * tb_mc_untrimmed.spice -- issue #13 monte carlo mismatch analysis for the

Circuit: * tb_mc_untrimmed.spice -- issue #13 monte carlo mismatch analysis for the

Doing analysis at TEMP = 125.000000 and TNOM = 27.000000

Using SPARSE 1.3 as Direct Linear Solver
 Reference value :  0.00000e+00
No. of Data Rows : 1
vref_val = 1.218467e+00
ibias_val = 6.458438e-01
isup_val = 2.704859e-05
Reset re-loads circuit * tb_mc_untrimmed.spice -- issue #13 monte carlo mismatch analysis for the

Circuit: * tb_mc_untrimmed.spice -- issue #13 monte carlo mismatch analysis for the

Doing analysis at TEMP = 125.000000 and TNOM = 27.000000

Using SPARSE 1.3 as Direct Linear Solver
 Reference value :  0.00000e+00
No. of Data Rows : 1
vref_val = 1.216745e+00
ibias_val = 6.420465e-01
isup_val = 2.687149e-05
Reset re-loads circuit * tb_mc_untrimmed.spice -- issue #13 monte carlo mismatch analysis for the

Circuit: * tb_mc_untrimmed.spice -- issue #13 monte carlo mismatch analysis for the

Doing analysis at TEMP = 125.000000 and TNOM = 27.000000

Using SPARSE 1.3 as Direct Linear Solver
 Reference value :  0.00000e+00
No. of Data Rows : 1
vref_val = 1.211459e+00
ibias_val = 6.412192e-01
isup_val = 2.676188e-05
Reset re-loads circuit * tb_mc_untrimmed.spice -- issue #13 monte carlo mismatch analysis for the

Circuit: * tb_mc_untrimmed.spice -- issue #13 monte carlo mismatch analysis for the

Doing analysis at TEMP = 125.000000 and TNOM = 27.000000

Using SPARSE 1.3 as Direct Linear Solver
 Reference value :  0.00000e+00
No. of Data Rows : 1
vref_val = 1.214721e+00
ibias_val = 6.416477e-01
isup_val = 2.680888e-05
Reset re-loads circuit * tb_mc_untrimmed.spice -- issue #13 monte carlo mismatch analysis for the

Circuit: * tb_mc_untrimmed.spice -- issue #13 monte carlo mismatch analysis for the

Doing analysis at TEMP = 125.000000 and TNOM = 27.000000

Using SPARSE 1.3 as Direct Linear Solver
 Reference value :  0.00000e+00
No. of Data Rows : 1
vref_val = 1.224516e+00
ibias_val = 6.423206e-01
isup_val = 2.712064e-05
Reset re-loads circuit * tb_mc_untrimmed.spice -- issue #13 monte carlo mismatch analysis for the

Circuit: * tb_mc_untrimmed.spice -- issue #13 monte carlo mismatch analysis for the

Doing analysis at TEMP = 125.000000 and TNOM = 27.000000

Using SPARSE 1.3 as Direct Linear Solver
 Reference value :  0.00000e+00
No. of Data Rows : 1
vref_val = 1.219048e+00
ibias_val = 6.373661e-01
isup_val = 2.666116e-05
Reset re-loads circuit * tb_mc_untrimmed.spice -- issue #13 monte carlo mismatch analysis for the

Circuit: * tb_mc_untrimmed.spice -- issue #13 monte carlo mismatch analysis for the

Doing analysis at TEMP = 125.000000 and TNOM = 27.000000

Using SPARSE 1.3 as Direct Linear Solver
 Reference value :  0.00000e+00
No. of Data Rows : 1
vref_val = 1.219639e+00
ibias_val = 6.417112e-01
isup_val = 2.686387e-05
Reset re-loads circuit * tb_mc_untrimmed.spice -- issue #13 monte carlo mismatch analysis for the

Circuit: * tb_mc_untrimmed.spice -- issue #13 monte carlo mismatch analysis for the

Doing analysis at TEMP = 125.000000 and TNOM = 27.000000

Using SPARSE 1.3 as Direct Linear Solver
 Reference value :  0.00000e+00
No. of Data Rows : 1
vref_val = 1.220792e+00
ibias_val = 6.463746e-01
isup_val = 2.707003e-05
Reset re-loads circuit * tb_mc_untrimmed.spice -- issue #13 monte carlo mismatch analysis for the

Circuit: * tb_mc_untrimmed.spice -- issue #13 monte carlo mismatch analysis for the

Doing analysis at TEMP = 125.000000 and TNOM = 27.000000

Using SPARSE 1.3 as Direct Linear Solver
 Reference value :  0.00000e+00
No. of Data Rows : 1
vref_val = 1.209732e+00
ibias_val = 6.403997e-01
isup_val = 2.664367e-05
Reset re-loads circuit * tb_mc_untrimmed.spice -- issue #13 monte carlo mismatch analysis for the

Circuit: * tb_mc_untrimmed.spice -- issue #13 monte carlo mismatch analysis for the

Doing analysis at TEMP = 125.000000 and TNOM = 27.000000

Using SPARSE 1.3 as Direct Linear Solver
 Reference value :  0.00000e+00
No. of Data Rows : 1
vref_val = 1.223698e+00
ibias_val = 6.432141e-01
isup_val = 2.707682e-05
Reset re-loads circuit * tb_mc_untrimmed.spice -- issue #13 monte carlo mismatch analysis for the

Circuit: * tb_mc_untrimmed.spice -- issue #13 monte carlo mismatch analysis for the

Doing analysis at TEMP = 125.000000 and TNOM = 27.000000

Using SPARSE 1.3 as Direct Linear Solver
 Reference value :  0.00000e+00
No. of Data Rows : 1
vref_val = 1.224498e+00
ibias_val = 6.386234e-01
isup_val = 2.684156e-05
Reset re-loads circuit * tb_mc_untrimmed.spice -- issue #13 monte carlo mismatch analysis for the

Circuit: * tb_mc_untrimmed.spice -- issue #13 monte carlo mismatch analysis for the

Doing analysis at TEMP = 125.000000 and TNOM = 27.000000

Using SPARSE 1.3 as Direct Linear Solver
 Reference value :  0.00000e+00
No. of Data Rows : 1
vref_val = 1.227784e+00
ibias_val = 6.436098e-01
isup_val = 2.718047e-05
Reset re-loads circuit * tb_mc_untrimmed.spice -- issue #13 monte carlo mismatch analysis for the

Circuit: * tb_mc_untrimmed.spice -- issue #13 monte carlo mismatch analysis for the

Doing analysis at TEMP = 125.000000 and TNOM = 27.000000

Using SPARSE 1.3 as Direct Linear Solver
 Reference value :  0.00000e+00
No. of Data Rows : 1
vref_val = 1.221548e+00
ibias_val = 6.402376e-01
isup_val = 2.683477e-05
Reset re-loads circuit * tb_mc_untrimmed.spice -- issue #13 monte carlo mismatch analysis for the

Circuit: * tb_mc_untrimmed.spice -- issue #13 monte carlo mismatch analysis for the

Doing analysis at TEMP = 125.000000 and TNOM = 27.000000

Using SPARSE 1.3 as Direct Linear Solver
 Reference value :  0.00000e+00
No. of Data Rows : 1
vref_val = 1.205659e+00
ibias_val = 6.432999e-01
isup_val = 2.664985e-05
Reset re-loads circuit * tb_mc_untrimmed.spice -- issue #13 monte carlo mismatch analysis for the

Circuit: * tb_mc_untrimmed.spice -- issue #13 monte carlo mismatch analysis for the

Doing analysis at TEMP = 125.000000 and TNOM = 27.000000

Using SPARSE 1.3 as Direct Linear Solver
 Reference value :  0.00000e+00
No. of Data Rows : 1
vref_val = 1.218777e+00
ibias_val = 6.393059e-01
isup_val = 2.680347e-05
Reset re-loads circuit * tb_mc_untrimmed.spice -- issue #13 monte carlo mismatch analysis for the

Circuit: * tb_mc_untrimmed.spice -- issue #13 monte carlo mismatch analysis for the

Doing analysis at TEMP = 125.000000 and TNOM = 27.000000

Using SPARSE 1.3 as Direct Linear Solver
 Reference value :  0.00000e+00
No. of Data Rows : 1
vref_val = 1.228163e+00
ibias_val = 6.461369e-01
isup_val = 2.732409e-05
Reset re-loads circuit * tb_mc_untrimmed.spice -- issue #13 monte carlo mismatch analysis for the

Circuit: * tb_mc_untrimmed.spice -- issue #13 monte carlo mismatch analysis for the

Doing analysis at TEMP = 125.000000 and TNOM = 27.000000

Using SPARSE 1.3 as Direct Linear Solver
 Reference value :  0.00000e+00
No. of Data Rows : 1
vref_val = 1.209265e+00
ibias_val = 6.415483e-01
isup_val = 2.658920e-05
Reset re-loads circuit * tb_mc_untrimmed.spice -- issue #13 monte carlo mismatch analysis for the

Circuit: * tb_mc_untrimmed.spice -- issue #13 monte carlo mismatch analysis for the

Doing analysis at TEMP = 125.000000 and TNOM = 27.000000

Using SPARSE 1.3 as Direct Linear Solver
 Reference value :  0.00000e+00
No. of Data Rows : 1
vref_val = 1.213038e+00
ibias_val = 6.376648e-01
isup_val = 2.656612e-05
Reset re-loads circuit * tb_mc_untrimmed.spice -- issue #13 monte carlo mismatch analysis for the

Circuit: * tb_mc_untrimmed.spice -- issue #13 monte carlo mismatch analysis for the

Doing analysis at TEMP = 125.000000 and TNOM = 27.000000

Using SPARSE 1.3 as Direct Linear Solver
 Reference value :  0.00000e+00
No. of Data Rows : 1
vref_val = 1.223582e+00
ibias_val = 6.400228e-01
isup_val = 2.703680e-05
Reset re-loads circuit * tb_mc_untrimmed.spice -- issue #13 monte carlo mismatch analysis for the

Circuit: * tb_mc_untrimmed.spice -- issue #13 monte carlo mismatch analysis for the

Doing analysis at TEMP = 125.000000 and TNOM = 27.000000

Using SPARSE 1.3 as Direct Linear Solver
 Reference value :  0.00000e+00
No. of Data Rows : 1
vref_val = 1.221437e+00
ibias_val = 6.437620e-01
isup_val = 2.708194e-05
Reset re-loads circuit * tb_mc_untrimmed.spice -- issue #13 monte carlo mismatch analysis for the

Circuit: * tb_mc_untrimmed.spice -- issue #13 monte carlo mismatch analysis for the

Doing analysis at TEMP = 125.000000 and TNOM = 27.000000

Using SPARSE 1.3 as Direct Linear Solver
 Reference value :  0.00000e+00
No. of Data Rows : 1
vref_val = 1.226484e+00
ibias_val = 6.422556e-01
isup_val = 2.716991e-05
Reset re-loads circuit * tb_mc_untrimmed.spice -- issue #13 monte carlo mismatch analysis for the

Circuit: * tb_mc_untrimmed.spice -- issue #13 monte carlo mismatch analysis for the

Doing analysis at TEMP = 125.000000 and TNOM = 27.000000

Using SPARSE 1.3 as Direct Linear Solver
 Reference value :  0.00000e+00
No. of Data Rows : 1
vref_val = 1.227649e+00
ibias_val = 6.447136e-01
isup_val = 2.729611e-05
Reset re-loads circuit * tb_mc_untrimmed.spice -- issue #13 monte carlo mismatch analysis for the

Circuit: * tb_mc_untrimmed.spice -- issue #13 monte carlo mismatch analysis for the

Doing analysis at TEMP = 125.000000 and TNOM = 27.000000

Using SPARSE 1.3 as Direct Linear Solver
 Reference value :  0.00000e+00
No. of Data Rows : 1
vref_val = 1.217736e+00
ibias_val = 6.440945e-01
isup_val = 2.692083e-05
Reset re-loads circuit * tb_mc_untrimmed.spice -- issue #13 monte carlo mismatch analysis for the

Circuit: * tb_mc_untrimmed.spice -- issue #13 monte carlo mismatch analysis for the

Doing analysis at TEMP = 125.000000 and TNOM = 27.000000

Using SPARSE 1.3 as Direct Linear Solver
 Reference value :  0.00000e+00
No. of Data Rows : 1
vref_val = 1.228179e+00
ibias_val = 6.462474e-01
isup_val = 2.734417e-05
Reset re-loads circuit * tb_mc_untrimmed.spice -- issue #13 monte carlo mismatch analysis for the

Circuit: * tb_mc_untrimmed.spice -- issue #13 monte carlo mismatch analysis for the

Doing analysis at TEMP = 125.000000 and TNOM = 27.000000

Using SPARSE 1.3 as Direct Linear Solver
 Reference value :  0.00000e+00
No. of Data Rows : 1
vref_val = 1.222020e+00
ibias_val = 6.451251e-01
isup_val = 2.709885e-05
Reset re-loads circuit * tb_mc_untrimmed.spice -- issue #13 monte carlo mismatch analysis for the

Circuit: * tb_mc_untrimmed.spice -- issue #13 monte carlo mismatch analysis for the

Doing analysis at TEMP = 125.000000 and TNOM = 27.000000

Using SPARSE 1.3 as Direct Linear Solver
 Reference value :  0.00000e+00
No. of Data Rows : 1
vref_val = 1.216019e+00
ibias_val = 6.416130e-01
isup_val = 2.675924e-05
Reset re-loads circuit * tb_mc_untrimmed.spice -- issue #13 monte carlo mismatch analysis for the

Circuit: * tb_mc_untrimmed.spice -- issue #13 monte carlo mismatch analysis for the

Doing analysis at TEMP = 125.000000 and TNOM = 27.000000

Using SPARSE 1.3 as Direct Linear Solver
 Reference value :  0.00000e+00
No. of Data Rows : 1
vref_val = 1.224701e+00
ibias_val = 6.381626e-01
isup_val = 2.690753e-05
Reset re-loads circuit * tb_mc_untrimmed.spice -- issue #13 monte carlo mismatch analysis for the

Circuit: * tb_mc_untrimmed.spice -- issue #13 monte carlo mismatch analysis for the

Doing analysis at TEMP = 125.000000 and TNOM = 27.000000

Using SPARSE 1.3 as Direct Linear Solver
 Reference value :  0.00000e+00
No. of Data Rows : 1
vref_val = 1.210821e+00
ibias_val = 6.407072e-01
isup_val = 2.652827e-05
Reset re-loads circuit * tb_mc_untrimmed.spice -- issue #13 monte carlo mismatch analysis for the

Circuit: * tb_mc_untrimmed.spice -- issue #13 monte carlo mismatch analysis for the

Doing analysis at TEMP = 125.000000 and TNOM = 27.000000

Using SPARSE 1.3 as Direct Linear Solver
 Reference value :  0.00000e+00
No. of Data Rows : 1
vref_val = 1.219979e+00
ibias_val = 6.476243e-01
isup_val = 2.713081e-05
Reset re-loads circuit * tb_mc_untrimmed.spice -- issue #13 monte carlo mismatch analysis for the

Circuit: * tb_mc_untrimmed.spice -- issue #13 monte carlo mismatch analysis for the

Doing analysis at TEMP = 125.000000 and TNOM = 27.000000

Using SPARSE 1.3 as Direct Linear Solver
 Reference value :  0.00000e+00
No. of Data Rows : 1
vref_val = 1.210340e+00
ibias_val = 6.422601e-01
isup_val = 2.662514e-05
Reset re-loads circuit * tb_mc_untrimmed.spice -- issue #13 monte carlo mismatch analysis for the

Circuit: * tb_mc_untrimmed.spice -- issue #13 monte carlo mismatch analysis for the

Doing analysis at TEMP = 125.000000 and TNOM = 27.000000

Using SPARSE 1.3 as Direct Linear Solver
 Reference value :  0.00000e+00
No. of Data Rows : 1
vref_val = 1.222786e+00
ibias_val = 6.404257e-01
isup_val = 2.693181e-05
Reset re-loads circuit * tb_mc_untrimmed.spice -- issue #13 monte carlo mismatch analysis for the

Circuit: * tb_mc_untrimmed.spice -- issue #13 monte carlo mismatch analysis for the

Doing analysis at TEMP = 125.000000 and TNOM = 27.000000

Using SPARSE 1.3 as Direct Linear Solver
 Reference value :  0.00000e+00
No. of Data Rows : 1
vref_val = 1.218699e+00
ibias_val = 6.397835e-01
isup_val = 2.679127e-05
Reset re-loads circuit * tb_mc_untrimmed.spice -- issue #13 monte carlo mismatch analysis for the

Circuit: * tb_mc_untrimmed.spice -- issue #13 monte carlo mismatch analysis for the

Doing analysis at TEMP = 125.000000 and TNOM = 27.000000

Using SPARSE 1.3 as Direct Linear Solver
 Reference value :  0.00000e+00
No. of Data Rows : 1
vref_val = 1.221804e+00
ibias_val = 6.452884e-01
isup_val = 2.713691e-05
Reset re-loads circuit * tb_mc_untrimmed.spice -- issue #13 monte carlo mismatch analysis for the

Circuit: * tb_mc_untrimmed.spice -- issue #13 monte carlo mismatch analysis for the

Doing analysis at TEMP = 125.000000 and TNOM = 27.000000

Using SPARSE 1.3 as Direct Linear Solver
 Reference value :  0.00000e+00
No. of Data Rows : 1
vref_val = 1.221006e+00
ibias_val = 6.372515e-01
isup_val = 2.669613e-05
Reset re-loads circuit * tb_mc_untrimmed.spice -- issue #13 monte carlo mismatch analysis for the

Circuit: * tb_mc_untrimmed.spice -- issue #13 monte carlo mismatch analysis for the

Doing analysis at TEMP = 125.000000 and TNOM = 27.000000

Using SPARSE 1.3 as Direct Linear Solver
 Reference value :  0.00000e+00
No. of Data Rows : 1
vref_val = 1.226008e+00
ibias_val = 6.412466e-01
isup_val = 2.708628e-05
Reset re-loads circuit * tb_mc_untrimmed.spice -- issue #13 monte carlo mismatch analysis for the

Circuit: * tb_mc_untrimmed.spice -- issue #13 monte carlo mismatch analysis for the

Doing analysis at TEMP = 125.000000 and TNOM = 27.000000

Using SPARSE 1.3 as Direct Linear Solver
 Reference value :  0.00000e+00
No. of Data Rows : 1
vref_val = 1.215381e+00
ibias_val = 6.406172e-01
isup_val = 2.684560e-05
Reset re-loads circuit * tb_mc_untrimmed.spice -- issue #13 monte carlo mismatch analysis for the

Circuit: * tb_mc_untrimmed.spice -- issue #13 monte carlo mismatch analysis for the

Doing analysis at TEMP = 125.000000 and TNOM = 27.000000

Using SPARSE 1.3 as Direct Linear Solver
 Reference value :  0.00000e+00
No. of Data Rows : 1
vref_val = 1.216359e+00
ibias_val = 6.387751e-01
isup_val = 2.668714e-05
Reset re-loads circuit * tb_mc_untrimmed.spice -- issue #13 monte carlo mismatch analysis for the

Circuit: * tb_mc_untrimmed.spice -- issue #13 monte carlo mismatch analysis for the

Doing analysis at TEMP = 125.000000 and TNOM = 27.000000

Using SPARSE 1.3 as Direct Linear Solver
 Reference value :  0.00000e+00
No. of Data Rows : 1
vref_val = 1.224569e+00
ibias_val = 6.403601e-01
isup_val = 2.693211e-05
Reset re-loads circuit * tb_mc_untrimmed.spice -- issue #13 monte carlo mismatch analysis for the

Circuit: * tb_mc_untrimmed.spice -- issue #13 monte carlo mismatch analysis for the

Doing analysis at TEMP = 125.000000 and TNOM = 27.000000

Using SPARSE 1.3 as Direct Linear Solver
 Reference value :  0.00000e+00
No. of Data Rows : 1
vref_val = 1.212942e+00
ibias_val = 6.426633e-01
isup_val = 2.670739e-05
Reset re-loads circuit * tb_mc_untrimmed.spice -- issue #13 monte carlo mismatch analysis for the

Circuit: * tb_mc_untrimmed.spice -- issue #13 monte carlo mismatch analysis for the

Doing analysis at TEMP = 125.000000 and TNOM = 27.000000

Using SPARSE 1.3 as Direct Linear Solver
 Reference value :  0.00000e+00
No. of Data Rows : 1
vref_val = 1.206337e+00
ibias_val = 6.428126e-01
isup_val = 2.663254e-05
Reset re-loads circuit * tb_mc_untrimmed.spice -- issue #13 monte carlo mismatch analysis for the

Circuit: * tb_mc_untrimmed.spice -- issue #13 monte carlo mismatch analysis for the

Doing analysis at TEMP = 125.000000 and TNOM = 27.000000

Using SPARSE 1.3 as Direct Linear Solver
 Reference value :  0.00000e+00
No. of Data Rows : 1
vref_val = 1.212375e+00
ibias_val = 6.391606e-01
isup_val = 2.657527e-05
Reset re-loads circuit * tb_mc_untrimmed.spice -- issue #13 monte carlo mismatch analysis for the

Circuit: * tb_mc_untrimmed.spice -- issue #13 monte carlo mismatch analysis for the

Doing analysis at TEMP = 125.000000 and TNOM = 27.000000

Using SPARSE 1.3 as Direct Linear Solver
 Reference value :  0.00000e+00
No. of Data Rows : 1
vref_val = 1.222676e+00
ibias_val = 6.419373e-01
isup_val = 2.699308e-05
Reset re-loads circuit * tb_mc_untrimmed.spice -- issue #13 monte carlo mismatch analysis for the

Circuit: * tb_mc_untrimmed.spice -- issue #13 monte carlo mismatch analysis for the

Doing analysis at TEMP = 125.000000 and TNOM = 27.000000

Using SPARSE 1.3 as Direct Linear Solver
 Reference value :  0.00000e+00
No. of Data Rows : 1
vref_val = 1.214793e+00
ibias_val = 6.442348e-01
isup_val = 2.688020e-05
Reset re-loads circuit * tb_mc_untrimmed.spice -- issue #13 monte carlo mismatch analysis for the

Circuit: * tb_mc_untrimmed.spice -- issue #13 monte carlo mismatch analysis for the

Doing analysis at TEMP = 125.000000 and TNOM = 27.000000

Using SPARSE 1.3 as Direct Linear Solver
 Reference value :  0.00000e+00
No. of Data Rows : 1
vref_val = 1.218776e+00
ibias_val = 6.401724e-01
isup_val = 2.687378e-05
Reset re-loads circuit * tb_mc_untrimmed.spice -- issue #13 monte carlo mismatch analysis for the

Circuit: * tb_mc_untrimmed.spice -- issue #13 monte carlo mismatch analysis for the

Doing analysis at TEMP = 125.000000 and TNOM = 27.000000

Using SPARSE 1.3 as Direct Linear Solver
 Reference value :  0.00000e+00
No. of Data Rows : 1
vref_val = 1.209392e+00
ibias_val = 6.424873e-01
isup_val = 2.664874e-05
Reset re-loads circuit * tb_mc_untrimmed.spice -- issue #13 monte carlo mismatch analysis for the

Circuit: * tb_mc_untrimmed.spice -- issue #13 monte carlo mismatch analysis for the

Doing analysis at TEMP = 125.000000 and TNOM = 27.000000

Using SPARSE 1.3 as Direct Linear Solver
 Reference value :  0.00000e+00
No. of Data Rows : 1
vref_val = 1.212281e+00
ibias_val = 6.420264e-01
isup_val = 2.672773e-05
Reset re-loads circuit * tb_mc_untrimmed.spice -- issue #13 monte carlo mismatch analysis for the

Circuit: * tb_mc_untrimmed.spice -- issue #13 monte carlo mismatch analysis for the

Doing analysis at TEMP = 125.000000 and TNOM = 27.000000

Using SPARSE 1.3 as Direct Linear Solver
 Reference value :  0.00000e+00
No. of Data Rows : 1
vref_val = 1.213678e+00
ibias_val = 6.426836e-01
isup_val = 2.679152e-05
Reset re-loads circuit * tb_mc_untrimmed.spice -- issue #13 monte carlo mismatch analysis for the

Circuit: * tb_mc_untrimmed.spice -- issue #13 monte carlo mismatch analysis for the

Doing analysis at TEMP = 125.000000 and TNOM = 27.000000

Using SPARSE 1.3 as Direct Linear Solver
 Reference value :  0.00000e+00
No. of Data Rows : 1
vref_val = 1.225794e+00
ibias_val = 6.439498e-01
isup_val = 2.720499e-05
Reset re-loads circuit * tb_mc_untrimmed.spice -- issue #13 monte carlo mismatch analysis for the

Circuit: * tb_mc_untrimmed.spice -- issue #13 monte carlo mismatch analysis for the

Doing analysis at TEMP = 125.000000 and TNOM = 27.000000

Using SPARSE 1.3 as Direct Linear Solver
 Reference value :  0.00000e+00
No. of Data Rows : 1
vref_val = 1.217190e+00
ibias_val = 6.442426e-01
isup_val = 2.695800e-05
Reset re-loads circuit * tb_mc_untrimmed.spice -- issue #13 monte carlo mismatch analysis for the

Circuit: * tb_mc_untrimmed.spice -- issue #13 monte carlo mismatch analysis for the

Doing analysis at TEMP = 125.000000 and TNOM = 27.000000

Using SPARSE 1.3 as Direct Linear Solver
 Reference value :  0.00000e+00
No. of Data Rows : 1
vref_val = 1.209868e+00
ibias_val = 6.451293e-01
isup_val = 2.678333e-05
Reset re-loads circuit * tb_mc_untrimmed.spice -- issue #13 monte carlo mismatch analysis for the

Circuit: * tb_mc_untrimmed.spice -- issue #13 monte carlo mismatch analysis for the

Doing analysis at TEMP = 125.000000 and TNOM = 27.000000

Using SPARSE 1.3 as Direct Linear Solver
 Reference value :  0.00000e+00
No. of Data Rows : 1
vref_val = 1.220684e+00
ibias_val = 6.427004e-01
isup_val = 2.696164e-05
Reset re-loads circuit * tb_mc_untrimmed.spice -- issue #13 monte carlo mismatch analysis for the

Circuit: * tb_mc_untrimmed.spice -- issue #13 monte carlo mismatch analysis for the

Doing analysis at TEMP = 125.000000 and TNOM = 27.000000

Using SPARSE 1.3 as Direct Linear Solver
 Reference value :  0.00000e+00
No. of Data Rows : 1
vref_val = 1.212480e+00
ibias_val = 6.421863e-01
isup_val = 2.679779e-05
Reset re-loads circuit * tb_mc_untrimmed.spice -- issue #13 monte carlo mismatch analysis for the

Circuit: * tb_mc_untrimmed.spice -- issue #13 monte carlo mismatch analysis for the

Doing analysis at TEMP = 125.000000 and TNOM = 27.000000

Using SPARSE 1.3 as Direct Linear Solver
 Reference value :  0.00000e+00
No. of Data Rows : 1
vref_val = 1.217984e+00
ibias_val = 6.422640e-01
isup_val = 2.695841e-05
Reset re-loads circuit * tb_mc_untrimmed.spice -- issue #13 monte carlo mismatch analysis for the

Circuit: * tb_mc_untrimmed.spice -- issue #13 monte carlo mismatch analysis for the

Doing analysis at TEMP = 125.000000 and TNOM = 27.000000

Using SPARSE 1.3 as Direct Linear Solver
 Reference value :  0.00000e+00
No. of Data Rows : 1
vref_val = 1.217753e+00
ibias_val = 6.432784e-01
isup_val = 2.694918e-05
Reset re-loads circuit * tb_mc_untrimmed.spice -- issue #13 monte carlo mismatch analysis for the

Circuit: * tb_mc_untrimmed.spice -- issue #13 monte carlo mismatch analysis for the

Doing analysis at TEMP = 125.000000 and TNOM = 27.000000

Using SPARSE 1.3 as Direct Linear Solver
 Reference value :  0.00000e+00
No. of Data Rows : 1
vref_val = 1.218340e+00
ibias_val = 6.410418e-01
isup_val = 2.683492e-05
Reset re-loads circuit * tb_mc_untrimmed.spice -- issue #13 monte carlo mismatch analysis for the

Circuit: * tb_mc_untrimmed.spice -- issue #13 monte carlo mismatch analysis for the

Doing analysis at TEMP = 125.000000 and TNOM = 27.000000

Using SPARSE 1.3 as Direct Linear Solver
 Reference value :  0.00000e+00
No. of Data Rows : 1
vref_val = 1.212312e+00
ibias_val = 6.448522e-01
isup_val = 2.687976e-05
Reset re-loads circuit * tb_mc_untrimmed.spice -- issue #13 monte carlo mismatch analysis for the

Circuit: * tb_mc_untrimmed.spice -- issue #13 monte carlo mismatch analysis for the

Doing analysis at TEMP = 125.000000 and TNOM = 27.000000

Using SPARSE 1.3 as Direct Linear Solver
 Reference value :  0.00000e+00
No. of Data Rows : 1
vref_val = 1.226513e+00
ibias_val = 6.413437e-01
isup_val = 2.713921e-05
Reset re-loads circuit * tb_mc_untrimmed.spice -- issue #13 monte carlo mismatch analysis for the

Circuit: * tb_mc_untrimmed.spice -- issue #13 monte carlo mismatch analysis for the

Doing analysis at TEMP = 125.000000 and TNOM = 27.000000

Using SPARSE 1.3 as Direct Linear Solver
 Reference value :  0.00000e+00
No. of Data Rows : 1
vref_val = 1.221603e+00
ibias_val = 6.431040e-01
isup_val = 2.699402e-05
Reset re-loads circuit * tb_mc_untrimmed.spice -- issue #13 monte carlo mismatch analysis for the

Circuit: * tb_mc_untrimmed.spice -- issue #13 monte carlo mismatch analysis for the

Doing analysis at TEMP = 125.000000 and TNOM = 27.000000

Using SPARSE 1.3 as Direct Linear Solver
 Reference value :  0.00000e+00
No. of Data Rows : 1
vref_val = 1.216526e+00
ibias_val = 6.423953e-01
isup_val = 2.682893e-05
Reset re-loads circuit * tb_mc_untrimmed.spice -- issue #13 monte carlo mismatch analysis for the

Circuit: * tb_mc_untrimmed.spice -- issue #13 monte carlo mismatch analysis for the

Doing analysis at TEMP = 125.000000 and TNOM = 27.000000

Using SPARSE 1.3 as Direct Linear Solver
 Reference value :  0.00000e+00
No. of Data Rows : 1
vref_val = 1.225350e+00
ibias_val = 6.426877e-01
isup_val = 2.710662e-05
Reset re-loads circuit * tb_mc_untrimmed.spice -- issue #13 monte carlo mismatch analysis for the

Circuit: * tb_mc_untrimmed.spice -- issue #13 monte carlo mismatch analysis for the

Doing analysis at TEMP = 125.000000 and TNOM = 27.000000

Using SPARSE 1.3 as Direct Linear Solver
 Reference value :  0.00000e+00
No. of Data Rows : 1
vref_val = 1.221560e+00
ibias_val = 6.462514e-01
isup_val = 2.713715e-05
Reset re-loads circuit * tb_mc_untrimmed.spice -- issue #13 monte carlo mismatch analysis for the

Circuit: * tb_mc_untrimmed.spice -- issue #13 monte carlo mismatch analysis for the

Doing analysis at TEMP = 125.000000 and TNOM = 27.000000

Using SPARSE 1.3 as Direct Linear Solver
 Reference value :  0.00000e+00
No. of Data Rows : 1
vref_val = 1.228442e+00
ibias_val = 6.455243e-01
isup_val = 2.729938e-05
Reset re-loads circuit * tb_mc_untrimmed.spice -- issue #13 monte carlo mismatch analysis for the

Circuit: * tb_mc_untrimmed.spice -- issue #13 monte carlo mismatch analysis for the

Doing analysis at TEMP = 125.000000 and TNOM = 27.000000

Using SPARSE 1.3 as Direct Linear Solver
 Reference value :  0.00000e+00
No. of Data Rows : 1
vref_val = 1.225678e+00
ibias_val = 6.422238e-01
isup_val = 2.707686e-05
Reset re-loads circuit * tb_mc_untrimmed.spice -- issue #13 monte carlo mismatch analysis for the

Circuit: * tb_mc_untrimmed.spice -- issue #13 monte carlo mismatch analysis for the

Doing analysis at TEMP = 125.000000 and TNOM = 27.000000

Using SPARSE 1.3 as Direct Linear Solver
 Reference value :  0.00000e+00
No. of Data Rows : 1
vref_val = 1.219091e+00
ibias_val = 6.443087e-01
isup_val = 2.704409e-05
Reset re-loads circuit * tb_mc_untrimmed.spice -- issue #13 monte carlo mismatch analysis for the

Circuit: * tb_mc_untrimmed.spice -- issue #13 monte carlo mismatch analysis for the

Doing analysis at TEMP = 125.000000 and TNOM = 27.000000

Using SPARSE 1.3 as Direct Linear Solver
 Reference value :  0.00000e+00
No. of Data Rows : 1
vref_val = 1.215065e+00
ibias_val = 6.444211e-01
isup_val = 2.686033e-05
Reset re-loads circuit * tb_mc_untrimmed.spice -- issue #13 monte carlo mismatch analysis for the

Circuit: * tb_mc_untrimmed.spice -- issue #13 monte carlo mismatch analysis for the

Doing analysis at TEMP = 125.000000 and TNOM = 27.000000

Using SPARSE 1.3 as Direct Linear Solver
 Reference value :  0.00000e+00
No. of Data Rows : 1
vref_val = 1.219319e+00
ibias_val = 6.436367e-01
isup_val = 2.697193e-05
Reset re-loads circuit * tb_mc_untrimmed.spice -- issue #13 monte carlo mismatch analysis for the

Circuit: * tb_mc_untrimmed.spice -- issue #13 monte carlo mismatch analysis for the

Doing analysis at TEMP = 125.000000 and TNOM = 27.000000

Using SPARSE 1.3 as Direct Linear Solver
 Reference value :  0.00000e+00
No. of Data Rows : 1
vref_val = 1.215030e+00
ibias_val = 6.459052e-01
isup_val = 2.695639e-05
Reset re-loads circuit * tb_mc_untrimmed.spice -- issue #13 monte carlo mismatch analysis for the

Circuit: * tb_mc_untrimmed.spice -- issue #13 monte carlo mismatch analysis for the

Doing analysis at TEMP = 125.000000 and TNOM = 27.000000

Using SPARSE 1.3 as Direct Linear Solver
 Reference value :  0.00000e+00
No. of Data Rows : 1
vref_val = 1.215357e+00
ibias_val = 6.430804e-01
isup_val = 2.687415e-05
Reset re-loads circuit * tb_mc_untrimmed.spice -- issue #13 monte carlo mismatch analysis for the

Circuit: * tb_mc_untrimmed.spice -- issue #13 monte carlo mismatch analysis for the

Doing analysis at TEMP = 125.000000 and TNOM = 27.000000

Using SPARSE 1.3 as Direct Linear Solver
 Reference value :  0.00000e+00
No. of Data Rows : 1
vref_val = 1.230210e+00
ibias_val = 6.433848e-01
isup_val = 2.720269e-05
Reset re-loads circuit * tb_mc_untrimmed.spice -- issue #13 monte carlo mismatch analysis for the

Circuit: * tb_mc_untrimmed.spice -- issue #13 monte carlo mismatch analysis for the

Doing analysis at TEMP = 125.000000 and TNOM = 27.000000

Using SPARSE 1.3 as Direct Linear Solver
 Reference value :  0.00000e+00
No. of Data Rows : 1
vref_val = 1.215897e+00
ibias_val = 6.390048e-01
isup_val = 2.670062e-05
Reset re-loads circuit * tb_mc_untrimmed.spice -- issue #13 monte carlo mismatch analysis for the

Circuit: * tb_mc_untrimmed.spice -- issue #13 monte carlo mismatch analysis for the

Doing analysis at TEMP = 125.000000 and TNOM = 27.000000

Using SPARSE 1.3 as Direct Linear Solver
 Reference value :  0.00000e+00
No. of Data Rows : 1
vref_val = 1.214758e+00
ibias_val = 6.439266e-01
isup_val = 2.677873e-05
Reset re-loads circuit * tb_mc_untrimmed.spice -- issue #13 monte carlo mismatch analysis for the

Circuit: * tb_mc_untrimmed.spice -- issue #13 monte carlo mismatch analysis for the

Doing analysis at TEMP = 125.000000 and TNOM = 27.000000

Using SPARSE 1.3 as Direct Linear Solver
 Reference value :  0.00000e+00
No. of Data Rows : 1
vref_val = 1.215283e+00
ibias_val = 6.434979e-01
isup_val = 2.678216e-05
Reset re-loads circuit * tb_mc_untrimmed.spice -- issue #13 monte carlo mismatch analysis for the

Circuit: * tb_mc_untrimmed.spice -- issue #13 monte carlo mismatch analysis for the

Doing analysis at TEMP = 125.000000 and TNOM = 27.000000

Using SPARSE 1.3 as Direct Linear Solver
 Reference value :  0.00000e+00
No. of Data Rows : 1
vref_val = 1.220497e+00
ibias_val = 6.410139e-01
isup_val = 2.684785e-05
Reset re-loads circuit * tb_mc_untrimmed.spice -- issue #13 monte carlo mismatch analysis for the

Circuit: * tb_mc_untrimmed.spice -- issue #13 monte carlo mismatch analysis for the

Doing analysis at TEMP = 125.000000 and TNOM = 27.000000

Using SPARSE 1.3 as Direct Linear Solver
 Reference value :  0.00000e+00
No. of Data Rows : 1
vref_val = 1.224584e+00
ibias_val = 6.403221e-01
isup_val = 2.685886e-05
Reset re-loads circuit * tb_mc_untrimmed.spice -- issue #13 monte carlo mismatch analysis for the

Circuit: * tb_mc_untrimmed.spice -- issue #13 monte carlo mismatch analysis for the

Doing analysis at TEMP = 125.000000 and TNOM = 27.000000

Using SPARSE 1.3 as Direct Linear Solver
 Reference value :  0.00000e+00
No. of Data Rows : 1
vref_val = 1.214583e+00
ibias_val = 6.420000e-01
isup_val = 2.686649e-05
Reset re-loads circuit * tb_mc_untrimmed.spice -- issue #13 monte carlo mismatch analysis for the

Circuit: * tb_mc_untrimmed.spice -- issue #13 monte carlo mismatch analysis for the

Doing analysis at TEMP = 125.000000 and TNOM = 27.000000

Using SPARSE 1.3 as Direct Linear Solver
 Reference value :  0.00000e+00
No. of Data Rows : 1
vref_val = 1.233478e+00
ibias_val = 6.457875e-01
isup_val = 2.734200e-05
Reset re-loads circuit * tb_mc_untrimmed.spice -- issue #13 monte carlo mismatch analysis for the

Circuit: * tb_mc_untrimmed.spice -- issue #13 monte carlo mismatch analysis for the

Doing analysis at TEMP = 125.000000 and TNOM = 27.000000

Using SPARSE 1.3 as Direct Linear Solver
 Reference value :  0.00000e+00
No. of Data Rows : 1
vref_val = 1.223513e+00
ibias_val = 6.450186e-01
isup_val = 2.718623e-05
Reset re-loads circuit * tb_mc_untrimmed.spice -- issue #13 monte carlo mismatch analysis for the

Circuit: * tb_mc_untrimmed.spice -- issue #13 monte carlo mismatch analysis for the

Doing analysis at TEMP = 125.000000 and TNOM = 27.000000

Using SPARSE 1.3 as Direct Linear Solver
 Reference value :  0.00000e+00
No. of Data Rows : 1
vref_val = 1.220145e+00
ibias_val = 6.481225e-01
isup_val = 2.721128e-05
Reset re-loads circuit * tb_mc_untrimmed.spice -- issue #13 monte carlo mismatch analysis for the

Circuit: * tb_mc_untrimmed.spice -- issue #13 monte carlo mismatch analysis for the

Doing analysis at TEMP = 125.000000 and TNOM = 27.000000

Using SPARSE 1.3 as Direct Linear Solver
 Reference value :  0.00000e+00
No. of Data Rows : 1
vref_val = 1.221630e+00
ibias_val = 6.430479e-01
isup_val = 2.704332e-05
Reset re-loads circuit * tb_mc_untrimmed.spice -- issue #13 monte carlo mismatch analysis for the

Circuit: * tb_mc_untrimmed.spice -- issue #13 monte carlo mismatch analysis for the

Doing analysis at TEMP = 125.000000 and TNOM = 27.000000

Using SPARSE 1.3 as Direct Linear Solver
 Reference value :  0.00000e+00
No. of Data Rows : 1
vref_val = 1.219694e+00
ibias_val = 6.434015e-01
isup_val = 2.691585e-05
Reset re-loads circuit * tb_mc_untrimmed.spice -- issue #13 monte carlo mismatch analysis for the

Circuit: * tb_mc_untrimmed.spice -- issue #13 monte carlo mismatch analysis for the

Doing analysis at TEMP = 125.000000 and TNOM = 27.000000

Using SPARSE 1.3 as Direct Linear Solver
 Reference value :  0.00000e+00
No. of Data Rows : 1
vref_val = 1.224664e+00
ibias_val = 6.441915e-01
isup_val = 2.711317e-05
Reset re-loads circuit * tb_mc_untrimmed.spice -- issue #13 monte carlo mismatch analysis for the

Circuit: * tb_mc_untrimmed.spice -- issue #13 monte carlo mismatch analysis for the

Doing analysis at TEMP = 125.000000 and TNOM = 27.000000

Using SPARSE 1.3 as Direct Linear Solver
 Reference value :  0.00000e+00
No. of Data Rows : 1
vref_val = 1.225981e+00
ibias_val = 6.419292e-01
isup_val = 2.709065e-05
Reset re-loads circuit * tb_mc_untrimmed.spice -- issue #13 monte carlo mismatch analysis for the

Circuit: * tb_mc_untrimmed.spice -- issue #13 monte carlo mismatch analysis for the

Doing analysis at TEMP = 125.000000 and TNOM = 27.000000

Using SPARSE 1.3 as Direct Linear Solver
 Reference value :  0.00000e+00
No. of Data Rows : 1
vref_val = 1.221792e+00
ibias_val = 6.391713e-01
isup_val = 2.686786e-05
Reset re-loads circuit * tb_mc_untrimmed.spice -- issue #13 monte carlo mismatch analysis for the

Circuit: * tb_mc_untrimmed.spice -- issue #13 monte carlo mismatch analysis for the

Doing analysis at TEMP = 125.000000 and TNOM = 27.000000

Using SPARSE 1.3 as Direct Linear Solver
 Reference value :  0.00000e+00
No. of Data Rows : 1
vref_val = 1.217249e+00
ibias_val = 6.436134e-01
isup_val = 2.688904e-05
Reset re-loads circuit * tb_mc_untrimmed.spice -- issue #13 monte carlo mismatch analysis for the

Circuit: * tb_mc_untrimmed.spice -- issue #13 monte carlo mismatch analysis for the

Doing analysis at TEMP = 125.000000 and TNOM = 27.000000

Using SPARSE 1.3 as Direct Linear Solver
 Reference value :  0.00000e+00
No. of Data Rows : 1
vref_val = 1.228646e+00
ibias_val = 6.400285e-01
isup_val = 2.712442e-05
Reset re-loads circuit * tb_mc_untrimmed.spice -- issue #13 monte carlo mismatch analysis for the

Circuit: * tb_mc_untrimmed.spice -- issue #13 monte carlo mismatch analysis for the

Doing analysis at TEMP = 125.000000 and TNOM = 27.000000

Using SPARSE 1.3 as Direct Linear Solver
 Reference value :  0.00000e+00
No. of Data Rows : 1
vref_val = 1.214413e+00
ibias_val = 6.449473e-01
isup_val = 2.691934e-05
Reset re-loads circuit * tb_mc_untrimmed.spice -- issue #13 monte carlo mismatch analysis for the

Circuit: * tb_mc_untrimmed.spice -- issue #13 monte carlo mismatch analysis for the

Doing analysis at TEMP = 125.000000 and TNOM = 27.000000

Using SPARSE 1.3 as Direct Linear Solver
 Reference value :  0.00000e+00
No. of Data Rows : 1
vref_val = 1.216350e+00
ibias_val = 6.415939e-01
isup_val = 2.685954e-05
Reset re-loads circuit * tb_mc_untrimmed.spice -- issue #13 monte carlo mismatch analysis for the

Circuit: * tb_mc_untrimmed.spice -- issue #13 monte carlo mismatch analysis for the

Doing analysis at TEMP = 125.000000 and TNOM = 27.000000

Using SPARSE 1.3 as Direct Linear Solver
 Reference value :  0.00000e+00
No. of Data Rows : 1
vref_val = 1.222186e+00
ibias_val = 6.443391e-01
isup_val = 2.706265e-05
Reset re-loads circuit * tb_mc_untrimmed.spice -- issue #13 monte carlo mismatch analysis for the

Circuit: * tb_mc_untrimmed.spice -- issue #13 monte carlo mismatch analysis for the

Doing analysis at TEMP = 125.000000 and TNOM = 27.000000

Using SPARSE 1.3 as Direct Linear Solver
 Reference value :  0.00000e+00
No. of Data Rows : 1
vref_val = 1.221570e+00
ibias_val = 6.434271e-01
isup_val = 2.703089e-05
Reset re-loads circuit * tb_mc_untrimmed.spice -- issue #13 monte carlo mismatch analysis for the

Circuit: * tb_mc_untrimmed.spice -- issue #13 monte carlo mismatch analysis for the

Doing analysis at TEMP = 125.000000 and TNOM = 27.000000

Using SPARSE 1.3 as Direct Linear Solver
 Reference value :  0.00000e+00
No. of Data Rows : 1
vref_val = 1.229632e+00
ibias_val = 6.453023e-01
isup_val = 2.735136e-05
Reset re-loads circuit * tb_mc_untrimmed.spice -- issue #13 monte carlo mismatch analysis for the

Circuit: * tb_mc_untrimmed.spice -- issue #13 monte carlo mismatch analysis for the

Doing analysis at TEMP = 125.000000 and TNOM = 27.000000

Using SPARSE 1.3 as Direct Linear Solver
 Reference value :  0.00000e+00
No. of Data Rows : 1
vref_val = 1.218939e+00
ibias_val = 6.436770e-01
isup_val = 2.703558e-05
Reset re-loads circuit * tb_mc_untrimmed.spice -- issue #13 monte carlo mismatch analysis for the

Circuit: * tb_mc_untrimmed.spice -- issue #13 monte carlo mismatch analysis for the

Doing analysis at TEMP = 125.000000 and TNOM = 27.000000

Using SPARSE 1.3 as Direct Linear Solver
 Reference value :  0.00000e+00
No. of Data Rows : 1
vref_val = 1.217836e+00
ibias_val = 6.425156e-01
isup_val = 2.687473e-05
Reset re-loads circuit * tb_mc_untrimmed.spice -- issue #13 monte carlo mismatch analysis for the

Circuit: * tb_mc_untrimmed.spice -- issue #13 monte carlo mismatch analysis for the

Doing analysis at TEMP = 125.000000 and TNOM = 27.000000

Using SPARSE 1.3 as Direct Linear Solver
 Reference value :  0.00000e+00
No. of Data Rows : 1
vref_val = 1.211018e+00
ibias_val = 6.367737e-01
isup_val = 2.644264e-05
Reset re-loads circuit * tb_mc_untrimmed.spice -- issue #13 monte carlo mismatch analysis for the

Circuit: * tb_mc_untrimmed.spice -- issue #13 monte carlo mismatch analysis for the

Doing analysis at TEMP = 125.000000 and TNOM = 27.000000

Using SPARSE 1.3 as Direct Linear Solver
 Reference value :  0.00000e+00
No. of Data Rows : 1
vref_val = 1.214249e+00
ibias_val = 6.392838e-01
isup_val = 2.664625e-05
Reset re-loads circuit * tb_mc_untrimmed.spice -- issue #13 monte carlo mismatch analysis for the

Circuit: * tb_mc_untrimmed.spice -- issue #13 monte carlo mismatch analysis for the

Doing analysis at TEMP = 125.000000 and TNOM = 27.000000

Using SPARSE 1.3 as Direct Linear Solver
 Reference value :  0.00000e+00
No. of Data Rows : 1
vref_val = 1.212487e+00
ibias_val = 6.447606e-01
isup_val = 2.689546e-05
Reset re-loads circuit * tb_mc_untrimmed.spice -- issue #13 monte carlo mismatch analysis for the

Circuit: * tb_mc_untrimmed.spice -- issue #13 monte carlo mismatch analysis for the

Doing analysis at TEMP = 125.000000 and TNOM = 27.000000

Using SPARSE 1.3 as Direct Linear Solver
 Reference value :  0.00000e+00
No. of Data Rows : 1
vref_val = 1.225966e+00
ibias_val = 6.426808e-01
isup_val = 2.709098e-05
Reset re-loads circuit * tb_mc_untrimmed.spice -- issue #13 monte carlo mismatch analysis for the

Circuit: * tb_mc_untrimmed.spice -- issue #13 monte carlo mismatch analysis for the

Doing analysis at TEMP = 125.000000 and TNOM = 27.000000

Using SPARSE 1.3 as Direct Linear Solver
 Reference value :  0.00000e+00
No. of Data Rows : 1
vref_val = 1.220536e+00
ibias_val = 6.434405e-01
isup_val = 2.703769e-05
Reset re-loads circuit * tb_mc_untrimmed.spice -- issue #13 monte carlo mismatch analysis for the

Circuit: * tb_mc_untrimmed.spice -- issue #13 monte carlo mismatch analysis for the

Doing analysis at TEMP = 125.000000 and TNOM = 27.000000

Using SPARSE 1.3 as Direct Linear Solver
 Reference value :  0.00000e+00
No. of Data Rows : 1
vref_val = 1.217298e+00
ibias_val = 6.415726e-01
isup_val = 2.686182e-05
Reset re-loads circuit * tb_mc_untrimmed.spice -- issue #13 monte carlo mismatch analysis for the

Circuit: * tb_mc_untrimmed.spice -- issue #13 monte carlo mismatch analysis for the

Doing analysis at TEMP = 125.000000 and TNOM = 27.000000

Using SPARSE 1.3 as Direct Linear Solver
 Reference value :  0.00000e+00
No. of Data Rows : 1
vref_val = 1.212807e+00
ibias_val = 6.411833e-01
isup_val = 2.660514e-05
Reset re-loads circuit * tb_mc_untrimmed.spice -- issue #13 monte carlo mismatch analysis for the

Circuit: * tb_mc_untrimmed.spice -- issue #13 monte carlo mismatch analysis for the

Doing analysis at TEMP = 125.000000 and TNOM = 27.000000

Using SPARSE 1.3 as Direct Linear Solver
 Reference value :  0.00000e+00
No. of Data Rows : 1
vref_val = 1.217336e+00
ibias_val = 6.446512e-01
isup_val = 2.695190e-05
Reset re-loads circuit * tb_mc_untrimmed.spice -- issue #13 monte carlo mismatch analysis for the

Circuit: * tb_mc_untrimmed.spice -- issue #13 monte carlo mismatch analysis for the

Doing analysis at TEMP = 125.000000 and TNOM = 27.000000

Using SPARSE 1.3 as Direct Linear Solver
 Reference value :  0.00000e+00
No. of Data Rows : 1
vref_val = 1.221972e+00
ibias_val = 6.398196e-01
isup_val = 2.689505e-05
Reset re-loads circuit * tb_mc_untrimmed.spice -- issue #13 monte carlo mismatch analysis for the

Circuit: * tb_mc_untrimmed.spice -- issue #13 monte carlo mismatch analysis for the

Doing analysis at TEMP = 125.000000 and TNOM = 27.000000

Using SPARSE 1.3 as Direct Linear Solver
 Reference value :  0.00000e+00
No. of Data Rows : 1
vref_val = 1.222611e+00
ibias_val = 6.449987e-01
isup_val = 2.714167e-05
Reset re-loads circuit * tb_mc_untrimmed.spice -- issue #13 monte carlo mismatch analysis for the

Circuit: * tb_mc_untrimmed.spice -- issue #13 monte carlo mismatch analysis for the

Doing analysis at TEMP = 125.000000 and TNOM = 27.000000

Using SPARSE 1.3 as Direct Linear Solver
 Reference value :  0.00000e+00
No. of Data Rows : 1
vref_val = 1.216210e+00
ibias_val = 6.421478e-01
isup_val = 2.682354e-05
Reset re-loads circuit * tb_mc_untrimmed.spice -- issue #13 monte carlo mismatch analysis for the

Circuit: * tb_mc_untrimmed.spice -- issue #13 monte carlo mismatch analysis for the

Doing analysis at TEMP = 125.000000 and TNOM = 27.000000

Using SPARSE 1.3 as Direct Linear Solver
 Reference value :  0.00000e+00
No. of Data Rows : 1
vref_val = 1.222645e+00
ibias_val = 6.394508e-01
isup_val = 2.686344e-05
Reset re-loads circuit * tb_mc_untrimmed.spice -- issue #13 monte carlo mismatch analysis for the

Circuit: * tb_mc_untrimmed.spice -- issue #13 monte carlo mismatch analysis for the

Doing analysis at TEMP = 125.000000 and TNOM = 27.000000

Using SPARSE 1.3 as Direct Linear Solver
 Reference value :  0.00000e+00
No. of Data Rows : 1
vref_val = 1.222308e+00
ibias_val = 6.389672e-01
isup_val = 2.690925e-05
Reset re-loads circuit * tb_mc_untrimmed.spice -- issue #13 monte carlo mismatch analysis for the

Circuit: * tb_mc_untrimmed.spice -- issue #13 monte carlo mismatch analysis for the

Doing analysis at TEMP = 125.000000 and TNOM = 27.000000

Using SPARSE 1.3 as Direct Linear Solver
 Reference value :  0.00000e+00
No. of Data Rows : 1
vref_val = 1.223745e+00
ibias_val = 6.382923e-01
isup_val = 2.690315e-05
Reset re-loads circuit * tb_mc_untrimmed.spice -- issue #13 monte carlo mismatch analysis for the

Circuit: * tb_mc_untrimmed.spice -- issue #13 monte carlo mismatch analysis for the

Doing analysis at TEMP = 125.000000 and TNOM = 27.000000

Using SPARSE 1.3 as Direct Linear Solver
 Reference value :  0.00000e+00
No. of Data Rows : 1
vref_val = 1.215798e+00
ibias_val = 6.404407e-01
isup_val = 2.671985e-05
Reset re-loads circuit * tb_mc_untrimmed.spice -- issue #13 monte carlo mismatch analysis for the

Circuit: * tb_mc_untrimmed.spice -- issue #13 monte carlo mismatch analysis for the

Doing analysis at TEMP = 125.000000 and TNOM = 27.000000

Using SPARSE 1.3 as Direct Linear Solver
 Reference value :  0.00000e+00
No. of Data Rows : 1
vref_val = 1.213672e+00
ibias_val = 6.493144e-01
isup_val = 2.708726e-05
Reset re-loads circuit * tb_mc_untrimmed.spice -- issue #13 monte carlo mismatch analysis for the

Circuit: * tb_mc_untrimmed.spice -- issue #13 monte carlo mismatch analysis for the

Doing analysis at TEMP = 125.000000 and TNOM = 27.000000

Using SPARSE 1.3 as Direct Linear Solver
 Reference value :  0.00000e+00
No. of Data Rows : 1
vref_val = 1.223416e+00
ibias_val = 6.402817e-01
isup_val = 2.690922e-05
Reset re-loads circuit * tb_mc_untrimmed.spice -- issue #13 monte carlo mismatch analysis for the

Circuit: * tb_mc_untrimmed.spice -- issue #13 monte carlo mismatch analysis for the

Doing analysis at TEMP = 125.000000 and TNOM = 27.000000

Using SPARSE 1.3 as Direct Linear Solver
 Reference value :  0.00000e+00
No. of Data Rows : 1
vref_val = 1.222296e+00
ibias_val = 6.379152e-01
isup_val = 2.685282e-05
Reset re-loads circuit * tb_mc_untrimmed.spice -- issue #13 monte carlo mismatch analysis for the

Circuit: * tb_mc_untrimmed.spice -- issue #13 monte carlo mismatch analysis for the

Doing analysis at TEMP = 125.000000 and TNOM = 27.000000

Using SPARSE 1.3 as Direct Linear Solver
 Reference value :  0.00000e+00
No. of Data Rows : 1
vref_val = 1.223922e+00
ibias_val = 6.426900e-01
isup_val = 2.698827e-05
Reset re-loads circuit * tb_mc_untrimmed.spice -- issue #13 monte carlo mismatch analysis for the

Circuit: * tb_mc_untrimmed.spice -- issue #13 monte carlo mismatch analysis for the

Doing analysis at TEMP = 125.000000 and TNOM = 27.000000

Using SPARSE 1.3 as Direct Linear Solver
 Reference value :  0.00000e+00
No. of Data Rows : 1
vref_val = 1.229078e+00
ibias_val = 6.384037e-01
isup_val = 2.696038e-05
Reset re-loads circuit * tb_mc_untrimmed.spice -- issue #13 monte carlo mismatch analysis for the

Circuit: * tb_mc_untrimmed.spice -- issue #13 monte carlo mismatch analysis for the

Doing analysis at TEMP = 125.000000 and TNOM = 27.000000

Using SPARSE 1.3 as Direct Linear Solver
 Reference value :  0.00000e+00
No. of Data Rows : 1
vref_val = 1.214747e+00
ibias_val = 6.403090e-01
isup_val = 2.675518e-05
Reset re-loads circuit * tb_mc_untrimmed.spice -- issue #13 monte carlo mismatch analysis for the

Circuit: * tb_mc_untrimmed.spice -- issue #13 monte carlo mismatch analysis for the

Doing analysis at TEMP = 125.000000 and TNOM = 27.000000

Using SPARSE 1.3 as Direct Linear Solver
 Reference value :  0.00000e+00
No. of Data Rows : 1
vref_val = 1.225532e+00
ibias_val = 6.441254e-01
isup_val = 2.712054e-05
Reset re-loads circuit * tb_mc_untrimmed.spice -- issue #13 monte carlo mismatch analysis for the

Circuit: * tb_mc_untrimmed.spice -- issue #13 monte carlo mismatch analysis for the

Doing analysis at TEMP = 125.000000 and TNOM = 27.000000

Using SPARSE 1.3 as Direct Linear Solver
 Reference value :  0.00000e+00
No. of Data Rows : 1
vref_val = 1.219870e+00
ibias_val = 6.415923e-01
isup_val = 2.687635e-05
Reset re-loads circuit * tb_mc_untrimmed.spice -- issue #13 monte carlo mismatch analysis for the

Circuit: * tb_mc_untrimmed.spice -- issue #13 monte carlo mismatch analysis for the

Doing analysis at TEMP = 125.000000 and TNOM = 27.000000

Using SPARSE 1.3 as Direct Linear Solver
 Reference value :  0.00000e+00
No. of Data Rows : 1
vref_val = 1.218080e+00
ibias_val = 6.379510e-01
isup_val = 2.677623e-05
Reset re-loads circuit * tb_mc_untrimmed.spice -- issue #13 monte carlo mismatch analysis for the

Circuit: * tb_mc_untrimmed.spice -- issue #13 monte carlo mismatch analysis for the

Doing analysis at TEMP = 125.000000 and TNOM = 27.000000

Using SPARSE 1.3 as Direct Linear Solver
 Reference value :  0.00000e+00
No. of Data Rows : 1
vref_val = 1.213452e+00
ibias_val = 6.405340e-01
isup_val = 2.668156e-05
Reset re-loads circuit * tb_mc_untrimmed.spice -- issue #13 monte carlo mismatch analysis for the

Circuit: * tb_mc_untrimmed.spice -- issue #13 monte carlo mismatch analysis for the

Doing analysis at TEMP = 125.000000 and TNOM = 27.000000

Using SPARSE 1.3 as Direct Linear Solver
 Reference value :  0.00000e+00
No. of Data Rows : 1
vref_val = 1.215422e+00
ibias_val = 6.404175e-01
isup_val = 2.685433e-05
Reset re-loads circuit * tb_mc_untrimmed.spice -- issue #13 monte carlo mismatch analysis for the

Circuit: * tb_mc_untrimmed.spice -- issue #13 monte carlo mismatch analysis for the

Doing analysis at TEMP = 125.000000 and TNOM = 27.000000

Using SPARSE 1.3 as Direct Linear Solver
 Reference value :  0.00000e+00
No. of Data Rows : 1
vref_val = 1.219899e+00
ibias_val = 6.414746e-01
isup_val = 2.700050e-05
Reset re-loads circuit * tb_mc_untrimmed.spice -- issue #13 monte carlo mismatch analysis for the

Circuit: * tb_mc_untrimmed.spice -- issue #13 monte carlo mismatch analysis for the

Doing analysis at TEMP = 125.000000 and TNOM = 27.000000

Using SPARSE 1.3 as Direct Linear Solver
 Reference value :  0.00000e+00
No. of Data Rows : 1
vref_val = 1.218498e+00
ibias_val = 6.442242e-01
isup_val = 2.697788e-05
Reset re-loads circuit * tb_mc_untrimmed.spice -- issue #13 monte carlo mismatch analysis for the

Circuit: * tb_mc_untrimmed.spice -- issue #13 monte carlo mismatch analysis for the

Doing analysis at TEMP = 125.000000 and TNOM = 27.000000

Using SPARSE 1.3 as Direct Linear Solver
 Reference value :  0.00000e+00
No. of Data Rows : 1
vref_val = 1.214969e+00
ibias_val = 6.440395e-01
isup_val = 2.683465e-05
Reset re-loads circuit * tb_mc_untrimmed.spice -- issue #13 monte carlo mismatch analysis for the

Circuit: * tb_mc_untrimmed.spice -- issue #13 monte carlo mismatch analysis for the

Doing analysis at TEMP = 125.000000 and TNOM = 27.000000

Using SPARSE 1.3 as Direct Linear Solver
 Reference value :  0.00000e+00
No. of Data Rows : 1
vref_val = 1.223869e+00
ibias_val = 6.429910e-01
isup_val = 2.707755e-05
Reset re-loads circuit * tb_mc_untrimmed.spice -- issue #13 monte carlo mismatch analysis for the

Circuit: * tb_mc_untrimmed.spice -- issue #13 monte carlo mismatch analysis for the

Doing analysis at TEMP = 125.000000 and TNOM = 27.000000

Using SPARSE 1.3 as Direct Linear Solver
 Reference value :  0.00000e+00
No. of Data Rows : 1
vref_val = 1.216073e+00
ibias_val = 6.363027e-01
isup_val = 2.655769e-05
Reset re-loads circuit * tb_mc_untrimmed.spice -- issue #13 monte carlo mismatch analysis for the

Circuit: * tb_mc_untrimmed.spice -- issue #13 monte carlo mismatch analysis for the

Doing analysis at TEMP = 125.000000 and TNOM = 27.000000

Using SPARSE 1.3 as Direct Linear Solver
 Reference value :  0.00000e+00
No. of Data Rows : 1
vref_val = 1.218580e+00
ibias_val = 6.431549e-01
isup_val = 2.694734e-05
Reset re-loads circuit * tb_mc_untrimmed.spice -- issue #13 monte carlo mismatch analysis for the

Circuit: * tb_mc_untrimmed.spice -- issue #13 monte carlo mismatch analysis for the

Doing analysis at TEMP = 125.000000 and TNOM = 27.000000

Using SPARSE 1.3 as Direct Linear Solver
 Reference value :  0.00000e+00
No. of Data Rows : 1
vref_val = 1.207075e+00
ibias_val = 6.400433e-01
isup_val = 2.646128e-05
Reset re-loads circuit * tb_mc_untrimmed.spice -- issue #13 monte carlo mismatch analysis for the

Circuit: * tb_mc_untrimmed.spice -- issue #13 monte carlo mismatch analysis for the

Doing analysis at TEMP = 125.000000 and TNOM = 27.000000

Using SPARSE 1.3 as Direct Linear Solver
 Reference value :  0.00000e+00
No. of Data Rows : 1
vref_val = 1.213988e+00
ibias_val = 6.354258e-01
isup_val = 2.651979e-05
Reset re-loads circuit * tb_mc_untrimmed.spice -- issue #13 monte carlo mismatch analysis for the

Circuit: * tb_mc_untrimmed.spice -- issue #13 monte carlo mismatch analysis for the

Doing analysis at TEMP = 125.000000 and TNOM = 27.000000

Using SPARSE 1.3 as Direct Linear Solver
 Reference value :  0.00000e+00
No. of Data Rows : 1
vref_val = 1.225208e+00
ibias_val = 6.466873e-01
isup_val = 2.722238e-05
Reset re-loads circuit * tb_mc_untrimmed.spice -- issue #13 monte carlo mismatch analysis for the

Circuit: * tb_mc_untrimmed.spice -- issue #13 monte carlo mismatch analysis for the

Doing analysis at TEMP = 125.000000 and TNOM = 27.000000

Using SPARSE 1.3 as Direct Linear Solver
 Reference value :  0.00000e+00
No. of Data Rows : 1
vref_val = 1.214039e+00
ibias_val = 6.415040e-01
isup_val = 2.675601e-05
Reset re-loads circuit * tb_mc_untrimmed.spice -- issue #13 monte carlo mismatch analysis for the

Circuit: * tb_mc_untrimmed.spice -- issue #13 monte carlo mismatch analysis for the

Doing analysis at TEMP = 125.000000 and TNOM = 27.000000

Using SPARSE 1.3 as Direct Linear Solver
 Reference value :  0.00000e+00
No. of Data Rows : 1
vref_val = 1.221070e+00
ibias_val = 6.405345e-01
isup_val = 2.690579e-05
Reset re-loads circuit * tb_mc_untrimmed.spice -- issue #13 monte carlo mismatch analysis for the

Circuit: * tb_mc_untrimmed.spice -- issue #13 monte carlo mismatch analysis for the

Doing analysis at TEMP = 125.000000 and TNOM = 27.000000

Using SPARSE 1.3 as Direct Linear Solver
 Reference value :  0.00000e+00
No. of Data Rows : 1
vref_val = 1.219599e+00
ibias_val = 6.412748e-01
isup_val = 2.691927e-05
Reset re-loads circuit * tb_mc_untrimmed.spice -- issue #13 monte carlo mismatch analysis for the

Circuit: * tb_mc_untrimmed.spice -- issue #13 monte carlo mismatch analysis for the

Doing analysis at TEMP = 125.000000 and TNOM = 27.000000

Using SPARSE 1.3 as Direct Linear Solver
 Reference value :  0.00000e+00
No. of Data Rows : 1
vref_val = 1.222826e+00
ibias_val = 6.451567e-01
isup_val = 2.720246e-05
Reset re-loads circuit * tb_mc_untrimmed.spice -- issue #13 monte carlo mismatch analysis for the

Circuit: * tb_mc_untrimmed.spice -- issue #13 monte carlo mismatch analysis for the

Doing analysis at TEMP = 125.000000 and TNOM = 27.000000

Using SPARSE 1.3 as Direct Linear Solver
 Reference value :  0.00000e+00
No. of Data Rows : 1
vref_val = 1.211733e+00
ibias_val = 6.454367e-01
isup_val = 2.685568e-05
Reset re-loads circuit * tb_mc_untrimmed.spice -- issue #13 monte carlo mismatch analysis for the

Circuit: * tb_mc_untrimmed.spice -- issue #13 monte carlo mismatch analysis for the

Doing analysis at TEMP = 125.000000 and TNOM = 27.000000

Using SPARSE 1.3 as Direct Linear Solver
 Reference value :  0.00000e+00
No. of Data Rows : 1
vref_val = 1.217104e+00
ibias_val = 6.457434e-01
isup_val = 2.702379e-05
Reset re-loads circuit * tb_mc_untrimmed.spice -- issue #13 monte carlo mismatch analysis for the

Circuit: * tb_mc_untrimmed.spice -- issue #13 monte carlo mismatch analysis for the

Doing analysis at TEMP = 125.000000 and TNOM = 27.000000

Using SPARSE 1.3 as Direct Linear Solver
 Reference value :  0.00000e+00
No. of Data Rows : 1
vref_val = 1.212399e+00
ibias_val = 6.395355e-01
isup_val = 2.663160e-05
Reset re-loads circuit * tb_mc_untrimmed.spice -- issue #13 monte carlo mismatch analysis for the

Circuit: * tb_mc_untrimmed.spice -- issue #13 monte carlo mismatch analysis for the

Doing analysis at TEMP = 125.000000 and TNOM = 27.000000

Using SPARSE 1.3 as Direct Linear Solver
 Reference value :  0.00000e+00
No. of Data Rows : 1
vref_val = 1.228146e+00
ibias_val = 6.449576e-01
isup_val = 2.730671e-05
Reset re-loads circuit * tb_mc_untrimmed.spice -- issue #13 monte carlo mismatch analysis for the

Circuit: * tb_mc_untrimmed.spice -- issue #13 monte carlo mismatch analysis for the

Doing analysis at TEMP = 125.000000 and TNOM = 27.000000

Using SPARSE 1.3 as Direct Linear Solver
 Reference value :  0.00000e+00
No. of Data Rows : 1
vref_val = 1.221820e+00
ibias_val = 6.450867e-01
isup_val = 2.714447e-05
Reset re-loads circuit * tb_mc_untrimmed.spice -- issue #13 monte carlo mismatch analysis for the

Circuit: * tb_mc_untrimmed.spice -- issue #13 monte carlo mismatch analysis for the

Doing analysis at TEMP = 125.000000 and TNOM = 27.000000

Using SPARSE 1.3 as Direct Linear Solver
 Reference value :  0.00000e+00
No. of Data Rows : 1
vref_val = 1.220369e+00
ibias_val = 6.459933e-01
isup_val = 2.707285e-05
Reset re-loads circuit * tb_mc_untrimmed.spice -- issue #13 monte carlo mismatch analysis for the

Circuit: * tb_mc_untrimmed.spice -- issue #13 monte carlo mismatch analysis for the

Doing analysis at TEMP = 125.000000 and TNOM = 27.000000

Using SPARSE 1.3 as Direct Linear Solver
 Reference value :  0.00000e+00
No. of Data Rows : 1
vref_val = 1.214963e+00
ibias_val = 6.438870e-01
isup_val = 2.687506e-05
Reset re-loads circuit * tb_mc_untrimmed.spice -- issue #13 monte carlo mismatch analysis for the

Circuit: * tb_mc_untrimmed.spice -- issue #13 monte carlo mismatch analysis for the

Doing analysis at TEMP = 125.000000 and TNOM = 27.000000

Using SPARSE 1.3 as Direct Linear Solver
 Reference value :  0.00000e+00
No. of Data Rows : 1
vref_val = 1.217543e+00
ibias_val = 6.403892e-01
isup_val = 2.679656e-05
Reset re-loads circuit * tb_mc_untrimmed.spice -- issue #13 monte carlo mismatch analysis for the

Circuit: * tb_mc_untrimmed.spice -- issue #13 monte carlo mismatch analysis for the

Doing analysis at TEMP = 125.000000 and TNOM = 27.000000

Using SPARSE 1.3 as Direct Linear Solver
 Reference value :  0.00000e+00
No. of Data Rows : 1
vref_val = 1.220921e+00
ibias_val = 6.422609e-01
isup_val = 2.690006e-05
Reset re-loads circuit * tb_mc_untrimmed.spice -- issue #13 monte carlo mismatch analysis for the

Circuit: * tb_mc_untrimmed.spice -- issue #13 monte carlo mismatch analysis for the

Doing analysis at TEMP = 125.000000 and TNOM = 27.000000

Using SPARSE 1.3 as Direct Linear Solver
 Reference value :  0.00000e+00
No. of Data Rows : 1
vref_val = 1.209439e+00
ibias_val = 6.425543e-01
isup_val = 2.669523e-05
Reset re-loads circuit * tb_mc_untrimmed.spice -- issue #13 monte carlo mismatch analysis for the

Circuit: * tb_mc_untrimmed.spice -- issue #13 monte carlo mismatch analysis for the

Doing analysis at TEMP = 125.000000 and TNOM = 27.000000

Using SPARSE 1.3 as Direct Linear Solver
 Reference value :  0.00000e+00
No. of Data Rows : 1
vref_val = 1.220299e+00
ibias_val = 6.449722e-01
isup_val = 2.703212e-05
Reset re-loads circuit * tb_mc_untrimmed.spice -- issue #13 monte carlo mismatch analysis for the

Circuit: * tb_mc_untrimmed.spice -- issue #13 monte carlo mismatch analysis for the

Doing analysis at TEMP = 125.000000 and TNOM = 27.000000

Using SPARSE 1.3 as Direct Linear Solver
 Reference value :  0.00000e+00
No. of Data Rows : 1
vref_val = 1.210162e+00
ibias_val = 6.416159e-01
isup_val = 2.666550e-05
Reset re-loads circuit * tb_mc_untrimmed.spice -- issue #13 monte carlo mismatch analysis for the

Circuit: * tb_mc_untrimmed.spice -- issue #13 monte carlo mismatch analysis for the

Doing analysis at TEMP = 125.000000 and TNOM = 27.000000

Using SPARSE 1.3 as Direct Linear Solver
 Reference value :  0.00000e+00
No. of Data Rows : 1
vref_val = 1.220069e+00
ibias_val = 6.453156e-01
isup_val = 2.706254e-05
Reset re-loads circuit * tb_mc_untrimmed.spice -- issue #13 monte carlo mismatch analysis for the

Circuit: * tb_mc_untrimmed.spice -- issue #13 monte carlo mismatch analysis for the

Doing analysis at TEMP = 125.000000 and TNOM = 27.000000

Using SPARSE 1.3 as Direct Linear Solver
 Reference value :  0.00000e+00
No. of Data Rows : 1
vref_val = 1.220238e+00
ibias_val = 6.437630e-01
isup_val = 2.697925e-05
Reset re-loads circuit * tb_mc_untrimmed.spice -- issue #13 monte carlo mismatch analysis for the

Circuit: * tb_mc_untrimmed.spice -- issue #13 monte carlo mismatch analysis for the

Doing analysis at TEMP = 125.000000 and TNOM = 27.000000

Using SPARSE 1.3 as Direct Linear Solver
 Reference value :  0.00000e+00
No. of Data Rows : 1
vref_val = 1.218716e+00
ibias_val = 6.457013e-01
isup_val = 2.709064e-05
Reset re-loads circuit * tb_mc_untrimmed.spice -- issue #13 monte carlo mismatch analysis for the

Circuit: * tb_mc_untrimmed.spice -- issue #13 monte carlo mismatch analysis for the

Doing analysis at TEMP = 125.000000 and TNOM = 27.000000

Using SPARSE 1.3 as Direct Linear Solver
 Reference value :  0.00000e+00
No. of Data Rows : 1
vref_val = 1.215177e+00
ibias_val = 6.375257e-01
isup_val = 2.656948e-05
Reset re-loads circuit * tb_mc_untrimmed.spice -- issue #13 monte carlo mismatch analysis for the

Circuit: * tb_mc_untrimmed.spice -- issue #13 monte carlo mismatch analysis for the

Doing analysis at TEMP = 125.000000 and TNOM = 27.000000

Using SPARSE 1.3 as Direct Linear Solver
 Reference value :  0.00000e+00
No. of Data Rows : 1
vref_val = 1.223659e+00
ibias_val = 6.414499e-01
isup_val = 2.699391e-05
Reset re-loads circuit * tb_mc_untrimmed.spice -- issue #13 monte carlo mismatch analysis for the

Circuit: * tb_mc_untrimmed.spice -- issue #13 monte carlo mismatch analysis for the

Doing analysis at TEMP = 125.000000 and TNOM = 27.000000

Using SPARSE 1.3 as Direct Linear Solver
 Reference value :  0.00000e+00
No. of Data Rows : 1
vref_val = 1.223464e+00
ibias_val = 6.433801e-01
isup_val = 2.707149e-05
Reset re-loads circuit * tb_mc_untrimmed.spice -- issue #13 monte carlo mismatch analysis for the

Circuit: * tb_mc_untrimmed.spice -- issue #13 monte carlo mismatch analysis for the

Doing analysis at TEMP = 125.000000 and TNOM = 27.000000

Using SPARSE 1.3 as Direct Linear Solver
 Reference value :  0.00000e+00
No. of Data Rows : 1
vref_val = 1.215431e+00
ibias_val = 6.412234e-01
isup_val = 2.673026e-05
Reset re-loads circuit * tb_mc_untrimmed.spice -- issue #13 monte carlo mismatch analysis for the

Circuit: * tb_mc_untrimmed.spice -- issue #13 monte carlo mismatch analysis for the

Doing analysis at TEMP = 125.000000 and TNOM = 27.000000

Using SPARSE 1.3 as Direct Linear Solver
 Reference value :  0.00000e+00
No. of Data Rows : 1
vref_val = 1.225841e+00
ibias_val = 6.428948e-01
isup_val = 2.711104e-05
Reset re-loads circuit * tb_mc_untrimmed.spice -- issue #13 monte carlo mismatch analysis for the

Circuit: * tb_mc_untrimmed.spice -- issue #13 monte carlo mismatch analysis for the

Doing analysis at TEMP = 125.000000 and TNOM = 27.000000

Using SPARSE 1.3 as Direct Linear Solver
 Reference value :  0.00000e+00
No. of Data Rows : 1
vref_val = 1.218115e+00
ibias_val = 6.400859e-01
isup_val = 2.684217e-05
Reset re-loads circuit * tb_mc_untrimmed.spice -- issue #13 monte carlo mismatch analysis for the

Circuit: * tb_mc_untrimmed.spice -- issue #13 monte carlo mismatch analysis for the

Doing analysis at TEMP = 125.000000 and TNOM = 27.000000

Using SPARSE 1.3 as Direct Linear Solver
 Reference value :  0.00000e+00
No. of Data Rows : 1
vref_val = 1.209025e+00
ibias_val = 6.438406e-01
isup_val = 2.676837e-05
Reset re-loads circuit * tb_mc_untrimmed.spice -- issue #13 monte carlo mismatch analysis for the

Circuit: * tb_mc_untrimmed.spice -- issue #13 monte carlo mismatch analysis for the

Doing analysis at TEMP = 125.000000 and TNOM = 27.000000

Using SPARSE 1.3 as Direct Linear Solver
 Reference value :  0.00000e+00
No. of Data Rows : 1
vref_val = 1.217569e+00
ibias_val = 6.414836e-01
isup_val = 2.679471e-05
Reset re-loads circuit * tb_mc_untrimmed.spice -- issue #13 monte carlo mismatch analysis for the

Circuit: * tb_mc_untrimmed.spice -- issue #13 monte carlo mismatch analysis for the

Doing analysis at TEMP = 125.000000 and TNOM = 27.000000

Using SPARSE 1.3 as Direct Linear Solver
 Reference value :  0.00000e+00
No. of Data Rows : 1
vref_val = 1.214172e+00
ibias_val = 6.423242e-01
isup_val = 2.680388e-05
Reset re-loads circuit * tb_mc_untrimmed.spice -- issue #13 monte carlo mismatch analysis for the

Circuit: * tb_mc_untrimmed.spice -- issue #13 monte carlo mismatch analysis for the

Doing analysis at TEMP = 125.000000 and TNOM = 27.000000

Using SPARSE 1.3 as Direct Linear Solver
 Reference value :  0.00000e+00
No. of Data Rows : 1
vref_val = 1.215720e+00
ibias_val = 6.415160e-01
isup_val = 2.676350e-05
Reset re-loads circuit * tb_mc_untrimmed.spice -- issue #13 monte carlo mismatch analysis for the

Circuit: * tb_mc_untrimmed.spice -- issue #13 monte carlo mismatch analysis for the

Doing analysis at TEMP = 125.000000 and TNOM = 27.000000

Using SPARSE 1.3 as Direct Linear Solver
 Reference value :  0.00000e+00
No. of Data Rows : 1
vref_val = 1.220699e+00
ibias_val = 6.388966e-01
isup_val = 2.692766e-05
Reset re-loads circuit * tb_mc_untrimmed.spice -- issue #13 monte carlo mismatch analysis for the

Circuit: * tb_mc_untrimmed.spice -- issue #13 monte carlo mismatch analysis for the

Doing analysis at TEMP = 125.000000 and TNOM = 27.000000

Using SPARSE 1.3 as Direct Linear Solver
 Reference value :  0.00000e+00
No. of Data Rows : 1
vref_val = 1.213656e+00
ibias_val = 6.415031e-01
isup_val = 2.669556e-05
Reset re-loads circuit * tb_mc_untrimmed.spice -- issue #13 monte carlo mismatch analysis for the

Circuit: * tb_mc_untrimmed.spice -- issue #13 monte carlo mismatch analysis for the

Doing analysis at TEMP = 125.000000 and TNOM = 27.000000

Using SPARSE 1.3 as Direct Linear Solver
 Reference value :  0.00000e+00
No. of Data Rows : 1
vref_val = 1.215617e+00
ibias_val = 6.438890e-01
isup_val = 2.678390e-05
Reset re-loads circuit * tb_mc_untrimmed.spice -- issue #13 monte carlo mismatch analysis for the

Circuit: * tb_mc_untrimmed.spice -- issue #13 monte carlo mismatch analysis for the

Doing analysis at TEMP = 125.000000 and TNOM = 27.000000

Using SPARSE 1.3 as Direct Linear Solver
 Reference value :  0.00000e+00
No. of Data Rows : 1
vref_val = 1.210249e+00
ibias_val = 6.462322e-01
isup_val = 2.676974e-05
Reset re-loads circuit * tb_mc_untrimmed.spice -- issue #13 monte carlo mismatch analysis for the

Circuit: * tb_mc_untrimmed.spice -- issue #13 monte carlo mismatch analysis for the

Doing analysis at TEMP = 125.000000 and TNOM = 27.000000

Using SPARSE 1.3 as Direct Linear Solver
 Reference value :  0.00000e+00
No. of Data Rows : 1
vref_val = 1.214444e+00
ibias_val = 6.410814e-01
isup_val = 2.679288e-05
Reset re-loads circuit * tb_mc_untrimmed.spice -- issue #13 monte carlo mismatch analysis for the

Circuit: * tb_mc_untrimmed.spice -- issue #13 monte carlo mismatch analysis for the

Doing analysis at TEMP = 125.000000 and TNOM = 27.000000

Using SPARSE 1.3 as Direct Linear Solver
 Reference value :  0.00000e+00
No. of Data Rows : 1
vref_val = 1.210228e+00
ibias_val = 6.421950e-01
isup_val = 2.660373e-05
ngspice-46 done
Warning: m=xx on .subckt line will override multiplier m hierarchy!

Warning : IC on non-existent node - xx1.casc, ignored
   Please check line .ic v(fb)=1.0 v(sns1)=0.6 v(sns2)=0.6 v(vref)=1.2 v(ibias)=0.6 v(xx1.casc)=1.8

Warning : IC on non-existent node - xx1.casc, ignored
   Please check line .ic v(fb)=1.0 v(sns1)=0.6 v(sns2)=0.6 v(vref)=1.2 v(ibias)=0.6 v(xx1.casc)=1.8

Note: Starting dynamic gmin stepping
Note: Dynamic gmin stepping completed
Warning : IC on non-existent node - xx1.casc, ignored
   Please check line .ic v(fb)=1.0 v(sns1)=0.6 v(sns2)=0.6 v(vref)=1.2 v(ibias)=0.6 v(xx1.casc)=1.8

Note: Starting dynamic gmin stepping
Note: Dynamic gmin stepping completed
Warning : IC on non-existent node - xx1.casc, ignored
   Please check line .ic v(fb)=1.0 v(sns1)=0.6 v(sns2)=0.6 v(vref)=1.2 v(ibias)=0.6 v(xx1.casc)=1.8

Note: Starting dynamic gmin stepping
Note: Dynamic gmin stepping completed
Warning : IC on non-existent node - xx1.casc, ignored
   Please check line .ic v(fb)=1.0 v(sns1)=0.6 v(sns2)=0.6 v(vref)=1.2 v(ibias)=0.6 v(xx1.casc)=1.8

Note: Starting dynamic gmin stepping
Note: Dynamic gmin stepping completed
Warning : IC on non-existent node - xx1.casc, ignored
   Please check line .ic v(fb)=1.0 v(sns1)=0.6 v(sns2)=0.6 v(vref)=1.2 v(ibias)=0.6 v(xx1.casc)=1.8

Note: Starting dynamic gmin stepping
Note: Dynamic gmin stepping completed
Warning : IC on non-existent node - xx1.casc, ignored
   Please check line .ic v(fb)=1.0 v(sns1)=0.6 v(sns2)=0.6 v(vref)=1.2 v(ibias)=0.6 v(xx1.casc)=1.8

Note: Starting dynamic gmin stepping
Note: Dynamic gmin stepping completed
Warning : IC on non-existent node - xx1.casc, ignored
   Please check line .ic v(fb)=1.0 v(sns1)=0.6 v(sns2)=0.6 v(vref)=1.2 v(ibias)=0.6 v(xx1.casc)=1.8

Note: Starting dynamic gmin stepping
Note: Dynamic gmin stepping completed
Warning : IC on non-existent node - xx1.casc, ignored
   Please check line .ic v(fb)=1.0 v(sns1)=0.6 v(sns2)=0.6 v(vref)=1.2 v(ibias)=0.6 v(xx1.casc)=1.8

Note: Starting dynamic gmin stepping
Note: Dynamic gmin stepping completed
Warning : IC on non-existent node - xx1.casc, ignored
   Please check line .ic v(fb)=1.0 v(sns1)=0.6 v(sns2)=0.6 v(vref)=1.2 v(ibias)=0.6 v(xx1.casc)=1.8

Note: Starting dynamic gmin stepping
Note: Dynamic gmin stepping completed
Warning : IC on non-existent node - xx1.casc, ignored
   Please check line .ic v(fb)=1.0 v(sns1)=0.6 v(sns2)=0.6 v(vref)=1.2 v(ibias)=0.6 v(xx1.casc)=1.8

Note: Starting dynamic gmin stepping
Note: Dynamic gmin stepping completed
Warning : IC on non-existent node - xx1.casc, ignored
   Please check line .ic v(fb)=1.0 v(sns1)=0.6 v(sns2)=0.6 v(vref)=1.2 v(ibias)=0.6 v(xx1.casc)=1.8

Note: Starting dynamic gmin stepping
Note: Dynamic gmin stepping completed
Warning : IC on non-existent node - xx1.casc, ignored
   Please check line .ic v(fb)=1.0 v(sns1)=0.6 v(sns2)=0.6 v(vref)=1.2 v(ibias)=0.6 v(xx1.casc)=1.8

Note: Starting dynamic gmin stepping
Note: Dynamic gmin stepping completed
Warning : IC on non-existent node - xx1.casc, ignored
   Please check line .ic v(fb)=1.0 v(sns1)=0.6 v(sns2)=0.6 v(vref)=1.2 v(ibias)=0.6 v(xx1.casc)=1.8

Note: Starting dynamic gmin stepping
Note: Dynamic gmin stepping completed
Warning : IC on non-existent node - xx1.casc, ignored
   Please check line .ic v(fb)=1.0 v(sns1)=0.6 v(sns2)=0.6 v(vref)=1.2 v(ibias)=0.6 v(xx1.casc)=1.8

Note: Starting dynamic gmin stepping
Note: Dynamic gmin stepping completed
Warning : IC on non-existent node - xx1.casc, ignored
   Please check line .ic v(fb)=1.0 v(sns1)=0.6 v(sns2)=0.6 v(vref)=1.2 v(ibias)=0.6 v(xx1.casc)=1.8

Note: Starting dynamic gmin stepping
Note: Dynamic gmin stepping completed
Warning : IC on non-existent node - xx1.casc, ignored
   Please check line .ic v(fb)=1.0 v(sns1)=0.6 v(sns2)=0.6 v(vref)=1.2 v(ibias)=0.6 v(xx1.casc)=1.8

Note: Starting dynamic gmin stepping
Note: Dynamic gmin stepping completed
Warning : IC on non-existent node - xx1.casc, ignored
   Please check line .ic v(fb)=1.0 v(sns1)=0.6 v(sns2)=0.6 v(vref)=1.2 v(ibias)=0.6 v(xx1.casc)=1.8

Note: Starting dynamic gmin stepping
Note: Dynamic gmin stepping completed
Warning : IC on non-existent node - xx1.casc, ignored
   Please check line .ic v(fb)=1.0 v(sns1)=0.6 v(sns2)=0.6 v(vref)=1.2 v(ibias)=0.6 v(xx1.casc)=1.8

Note: Starting dynamic gmin stepping
Note: Dynamic gmin stepping completed
Warning : IC on non-existent node - xx1.casc, ignored
   Please check line .ic v(fb)=1.0 v(sns1)=0.6 v(sns2)=0.6 v(vref)=1.2 v(ibias)=0.6 v(xx1.casc)=1.8

Note: Starting dynamic gmin stepping
Note: Dynamic gmin stepping completed
Warning : IC on non-existent node - xx1.casc, ignored
   Please check line .ic v(fb)=1.0 v(sns1)=0.6 v(sns2)=0.6 v(vref)=1.2 v(ibias)=0.6 v(xx1.casc)=1.8

Note: Starting dynamic gmin stepping
Note: Dynamic gmin stepping completed
Warning : IC on non-existent node - xx1.casc, ignored
   Please check line .ic v(fb)=1.0 v(sns1)=0.6 v(sns2)=0.6 v(vref)=1.2 v(ibias)=0.6 v(xx1.casc)=1.8

Note: Starting dynamic gmin stepping
Note: Dynamic gmin stepping completed
Warning : IC on non-existent node - xx1.casc, ignored
   Please check line .ic v(fb)=1.0 v(sns1)=0.6 v(sns2)=0.6 v(vref)=1.2 v(ibias)=0.6 v(xx1.casc)=1.8

Note: Starting dynamic gmin stepping
Note: Dynamic gmin stepping completed
Warning : IC on non-existent node - xx1.casc, ignored
   Please check line .ic v(fb)=1.0 v(sns1)=0.6 v(sns2)=0.6 v(vref)=1.2 v(ibias)=0.6 v(xx1.casc)=1.8

Note: Starting dynamic gmin stepping
Note: Dynamic gmin stepping completed
Warning : IC on non-existent node - xx1.casc, ignored
   Please check line .ic v(fb)=1.0 v(sns1)=0.6 v(sns2)=0.6 v(vref)=1.2 v(ibias)=0.6 v(xx1.casc)=1.8

Note: Starting dynamic gmin stepping
Note: Dynamic gmin stepping completed
Warning : IC on non-existent node - xx1.casc, ignored
   Please check line .ic v(fb)=1.0 v(sns1)=0.6 v(sns2)=0.6 v(vref)=1.2 v(ibias)=0.6 v(xx1.casc)=1.8

Note: Starting dynamic gmin stepping
Note: Dynamic gmin stepping completed
Warning : IC on non-existent node - xx1.casc, ignored
   Please check line .ic v(fb)=1.0 v(sns1)=0.6 v(sns2)=0.6 v(vref)=1.2 v(ibias)=0.6 v(xx1.casc)=1.8

Note: Starting dynamic gmin stepping
Note: Dynamic gmin stepping completed
Warning : IC on non-existent node - xx1.casc, ignored
   Please check line .ic v(fb)=1.0 v(sns1)=0.6 v(sns2)=0.6 v(vref)=1.2 v(ibias)=0.6 v(xx1.casc)=1.8

Note: Starting dynamic gmin stepping
Note: Dynamic gmin stepping completed
Warning : IC on non-existent node - xx1.casc, ignored
   Please check line .ic v(fb)=1.0 v(sns1)=0.6 v(sns2)=0.6 v(vref)=1.2 v(ibias)=0.6 v(xx1.casc)=1.8

Note: Starting dynamic gmin stepping
Note: Dynamic gmin stepping completed
Warning : IC on non-existent node - xx1.casc, ignored
   Please check line .ic v(fb)=1.0 v(sns1)=0.6 v(sns2)=0.6 v(vref)=1.2 v(ibias)=0.6 v(xx1.casc)=1.8

Note: Starting dynamic gmin stepping
Note: Dynamic gmin stepping completed
Warning : IC on non-existent node - xx1.casc, ignored
   Please check line .ic v(fb)=1.0 v(sns1)=0.6 v(sns2)=0.6 v(vref)=1.2 v(ibias)=0.6 v(xx1.casc)=1.8

Note: Starting dynamic gmin stepping
Note: Dynamic gmin stepping completed
Warning : IC on non-existent node - xx1.casc, ignored
   Please check line .ic v(fb)=1.0 v(sns1)=0.6 v(sns2)=0.6 v(vref)=1.2 v(ibias)=0.6 v(xx1.casc)=1.8

Note: Starting dynamic gmin stepping
Note: Dynamic gmin stepping completed
Warning : IC on non-existent node - xx1.casc, ignored
   Please check line .ic v(fb)=1.0 v(sns1)=0.6 v(sns2)=0.6 v(vref)=1.2 v(ibias)=0.6 v(xx1.casc)=1.8

Note: Starting dynamic gmin stepping
Note: Dynamic gmin stepping completed
Warning : IC on non-existent node - xx1.casc, ignored
   Please check line .ic v(fb)=1.0 v(sns1)=0.6 v(sns2)=0.6 v(vref)=1.2 v(ibias)=0.6 v(xx1.casc)=1.8

Note: Starting dynamic gmin stepping
Note: Dynamic gmin stepping completed
Warning : IC on non-existent node - xx1.casc, ignored
   Please check line .ic v(fb)=1.0 v(sns1)=0.6 v(sns2)=0.6 v(vref)=1.2 v(ibias)=0.6 v(xx1.casc)=1.8

Note: Starting dynamic gmin stepping
Note: Dynamic gmin stepping completed
Warning : IC on non-existent node - xx1.casc, ignored
   Please check line .ic v(fb)=1.0 v(sns1)=0.6 v(sns2)=0.6 v(vref)=1.2 v(ibias)=0.6 v(xx1.casc)=1.8

Note: Starting dynamic gmin stepping
Note: Dynamic gmin stepping completed
Warning : IC on non-existent node - xx1.casc, ignored
   Please check line .ic v(fb)=1.0 v(sns1)=0.6 v(sns2)=0.6 v(vref)=1.2 v(ibias)=0.6 v(xx1.casc)=1.8

Note: Starting dynamic gmin stepping
Note: Dynamic gmin stepping completed
Warning : IC on non-existent node - xx1.casc, ignored
   Please check line .ic v(fb)=1.0 v(sns1)=0.6 v(sns2)=0.6 v(vref)=1.2 v(ibias)=0.6 v(xx1.casc)=1.8

Note: Starting dynamic gmin stepping
Note: Dynamic gmin stepping completed
Warning : IC on non-existent node - xx1.casc, ignored
   Please check line .ic v(fb)=1.0 v(sns1)=0.6 v(sns2)=0.6 v(vref)=1.2 v(ibias)=0.6 v(xx1.casc)=1.8

Note: Starting dynamic gmin stepping
Note: Dynamic gmin stepping completed
Warning : IC on non-existent node - xx1.casc, ignored
   Please check line .ic v(fb)=1.0 v(sns1)=0.6 v(sns2)=0.6 v(vref)=1.2 v(ibias)=0.6 v(xx1.casc)=1.8

Note: Starting dynamic gmin stepping
Note: Dynamic gmin stepping completed
Warning : IC on non-existent node - xx1.casc, ignored
   Please check line .ic v(fb)=1.0 v(sns1)=0.6 v(sns2)=0.6 v(vref)=1.2 v(ibias)=0.6 v(xx1.casc)=1.8

Note: Starting dynamic gmin stepping
Note: Dynamic gmin stepping completed
Warning : IC on non-existent node - xx1.casc, ignored
   Please check line .ic v(fb)=1.0 v(sns1)=0.6 v(sns2)=0.6 v(vref)=1.2 v(ibias)=0.6 v(xx1.casc)=1.8

Note: Starting dynamic gmin stepping
Note: Dynamic gmin stepping completed
Warning : IC on non-existent node - xx1.casc, ignored
   Please check line .ic v(fb)=1.0 v(sns1)=0.6 v(sns2)=0.6 v(vref)=1.2 v(ibias)=0.6 v(xx1.casc)=1.8

Note: Starting dynamic gmin stepping
Note: Dynamic gmin stepping completed
Warning : IC on non-existent node - xx1.casc, ignored
   Please check line .ic v(fb)=1.0 v(sns1)=0.6 v(sns2)=0.6 v(vref)=1.2 v(ibias)=0.6 v(xx1.casc)=1.8

Note: Starting dynamic gmin stepping
Note: Dynamic gmin stepping completed
Warning : IC on non-existent node - xx1.casc, ignored
   Please check line .ic v(fb)=1.0 v(sns1)=0.6 v(sns2)=0.6 v(vref)=1.2 v(ibias)=0.6 v(xx1.casc)=1.8

Note: Starting dynamic gmin stepping
Note: Dynamic gmin stepping completed
Warning : IC on non-existent node - xx1.casc, ignored
   Please check line .ic v(fb)=1.0 v(sns1)=0.6 v(sns2)=0.6 v(vref)=1.2 v(ibias)=0.6 v(xx1.casc)=1.8

Note: Starting dynamic gmin stepping
Note: Dynamic gmin stepping completed
Warning : IC on non-existent node - xx1.casc, ignored
   Please check line .ic v(fb)=1.0 v(sns1)=0.6 v(sns2)=0.6 v(vref)=1.2 v(ibias)=0.6 v(xx1.casc)=1.8

Note: Starting dynamic gmin stepping
Note: Dynamic gmin stepping completed
Warning : IC on non-existent node - xx1.casc, ignored
   Please check line .ic v(fb)=1.0 v(sns1)=0.6 v(sns2)=0.6 v(vref)=1.2 v(ibias)=0.6 v(xx1.casc)=1.8

Note: Starting dynamic gmin stepping
Note: Dynamic gmin stepping completed
Warning : IC on non-existent node - xx1.casc, ignored
   Please check line .ic v(fb)=1.0 v(sns1)=0.6 v(sns2)=0.6 v(vref)=1.2 v(ibias)=0.6 v(xx1.casc)=1.8

Note: Starting dynamic gmin stepping
Note: Dynamic gmin stepping completed
Warning : IC on non-existent node - xx1.casc, ignored
   Please check line .ic v(fb)=1.0 v(sns1)=0.6 v(sns2)=0.6 v(vref)=1.2 v(ibias)=0.6 v(xx1.casc)=1.8

Note: Starting dynamic gmin stepping
Note: Dynamic gmin stepping completed
Warning : IC on non-existent node - xx1.casc, ignored
   Please check line .ic v(fb)=1.0 v(sns1)=0.6 v(sns2)=0.6 v(vref)=1.2 v(ibias)=0.6 v(xx1.casc)=1.8

Note: Starting dynamic gmin stepping
Note: Dynamic gmin stepping completed
Warning : IC on non-existent node - xx1.casc, ignored
   Please check line .ic v(fb)=1.0 v(sns1)=0.6 v(sns2)=0.6 v(vref)=1.2 v(ibias)=0.6 v(xx1.casc)=1.8

Note: Starting dynamic gmin stepping
Note: Dynamic gmin stepping completed
Warning : IC on non-existent node - xx1.casc, ignored
   Please check line .ic v(fb)=1.0 v(sns1)=0.6 v(sns2)=0.6 v(vref)=1.2 v(ibias)=0.6 v(xx1.casc)=1.8

Note: Starting dynamic gmin stepping
Note: Dynamic gmin stepping completed
Warning : IC on non-existent node - xx1.casc, ignored
   Please check line .ic v(fb)=1.0 v(sns1)=0.6 v(sns2)=0.6 v(vref)=1.2 v(ibias)=0.6 v(xx1.casc)=1.8

Note: Starting dynamic gmin stepping
Note: Dynamic gmin stepping completed
Warning : IC on non-existent node - xx1.casc, ignored
   Please check line .ic v(fb)=1.0 v(sns1)=0.6 v(sns2)=0.6 v(vref)=1.2 v(ibias)=0.6 v(xx1.casc)=1.8

Note: Starting dynamic gmin stepping
Note: Dynamic gmin stepping completed
Warning : IC on non-existent node - xx1.casc, ignored
   Please check line .ic v(fb)=1.0 v(sns1)=0.6 v(sns2)=0.6 v(vref)=1.2 v(ibias)=0.6 v(xx1.casc)=1.8

Note: Starting dynamic gmin stepping
Note: Dynamic gmin stepping completed
Warning : IC on non-existent node - xx1.casc, ignored
   Please check line .ic v(fb)=1.0 v(sns1)=0.6 v(sns2)=0.6 v(vref)=1.2 v(ibias)=0.6 v(xx1.casc)=1.8

Note: Starting dynamic gmin stepping
Note: Dynamic gmin stepping completed
Warning : IC on non-existent node - xx1.casc, ignored
   Please check line .ic v(fb)=1.0 v(sns1)=0.6 v(sns2)=0.6 v(vref)=1.2 v(ibias)=0.6 v(xx1.casc)=1.8

Note: Starting dynamic gmin stepping
Note: Dynamic gmin stepping completed
Warning : IC on non-existent node - xx1.casc, ignored
   Please check line .ic v(fb)=1.0 v(sns1)=0.6 v(sns2)=0.6 v(vref)=1.2 v(ibias)=0.6 v(xx1.casc)=1.8

Note: Starting dynamic gmin stepping
Note: Dynamic gmin stepping completed
Warning : IC on non-existent node - xx1.casc, ignored
   Please check line .ic v(fb)=1.0 v(sns1)=0.6 v(sns2)=0.6 v(vref)=1.2 v(ibias)=0.6 v(xx1.casc)=1.8

Note: Starting dynamic gmin stepping
Note: Dynamic gmin stepping completed
Warning : IC on non-existent node - xx1.casc, ignored
   Please check line .ic v(fb)=1.0 v(sns1)=0.6 v(sns2)=0.6 v(vref)=1.2 v(ibias)=0.6 v(xx1.casc)=1.8

Note: Starting dynamic gmin stepping
Note: Dynamic gmin stepping completed
Warning : IC on non-existent node - xx1.casc, ignored
   Please check line .ic v(fb)=1.0 v(sns1)=0.6 v(sns2)=0.6 v(vref)=1.2 v(ibias)=0.6 v(xx1.casc)=1.8

Note: Starting dynamic gmin stepping
Note: Dynamic gmin stepping completed
Warning : IC on non-existent node - xx1.casc, ignored
   Please check line .ic v(fb)=1.0 v(sns1)=0.6 v(sns2)=0.6 v(vref)=1.2 v(ibias)=0.6 v(xx1.casc)=1.8

Note: Starting dynamic gmin stepping
Note: Dynamic gmin stepping completed
Warning : IC on non-existent node - xx1.casc, ignored
   Please check line .ic v(fb)=1.0 v(sns1)=0.6 v(sns2)=0.6 v(vref)=1.2 v(ibias)=0.6 v(xx1.casc)=1.8

Note: Starting dynamic gmin stepping
Note: Dynamic gmin stepping completed
Warning : IC on non-existent node - xx1.casc, ignored
   Please check line .ic v(fb)=1.0 v(sns1)=0.6 v(sns2)=0.6 v(vref)=1.2 v(ibias)=0.6 v(xx1.casc)=1.8

Note: Starting dynamic gmin stepping
Note: Dynamic gmin stepping completed
Warning : IC on non-existent node - xx1.casc, ignored
   Please check line .ic v(fb)=1.0 v(sns1)=0.6 v(sns2)=0.6 v(vref)=1.2 v(ibias)=0.6 v(xx1.casc)=1.8

Note: Starting dynamic gmin stepping
Note: Dynamic gmin stepping completed
Warning : IC on non-existent node - xx1.casc, ignored
   Please check line .ic v(fb)=1.0 v(sns1)=0.6 v(sns2)=0.6 v(vref)=1.2 v(ibias)=0.6 v(xx1.casc)=1.8

Note: Starting dynamic gmin stepping
Note: Dynamic gmin stepping completed
Warning : IC on non-existent node - xx1.casc, ignored
   Please check line .ic v(fb)=1.0 v(sns1)=0.6 v(sns2)=0.6 v(vref)=1.2 v(ibias)=0.6 v(xx1.casc)=1.8

Note: Starting dynamic gmin stepping
Note: Dynamic gmin stepping completed
Warning : IC on non-existent node - xx1.casc, ignored
   Please check line .ic v(fb)=1.0 v(sns1)=0.6 v(sns2)=0.6 v(vref)=1.2 v(ibias)=0.6 v(xx1.casc)=1.8

Note: Starting dynamic gmin stepping
Note: Dynamic gmin stepping completed
Warning : IC on non-existent node - xx1.casc, ignored
   Please check line .ic v(fb)=1.0 v(sns1)=0.6 v(sns2)=0.6 v(vref)=1.2 v(ibias)=0.6 v(xx1.casc)=1.8

Note: Starting dynamic gmin stepping
Note: Dynamic gmin stepping completed
Warning : IC on non-existent node - xx1.casc, ignored
   Please check line .ic v(fb)=1.0 v(sns1)=0.6 v(sns2)=0.6 v(vref)=1.2 v(ibias)=0.6 v(xx1.casc)=1.8

Note: Starting dynamic gmin stepping
Note: Dynamic gmin stepping completed
Warning : IC on non-existent node - xx1.casc, ignored
   Please check line .ic v(fb)=1.0 v(sns1)=0.6 v(sns2)=0.6 v(vref)=1.2 v(ibias)=0.6 v(xx1.casc)=1.8

Note: Starting dynamic gmin stepping
Note: Dynamic gmin stepping completed
Warning : IC on non-existent node - xx1.casc, ignored
   Please check line .ic v(fb)=1.0 v(sns1)=0.6 v(sns2)=0.6 v(vref)=1.2 v(ibias)=0.6 v(xx1.casc)=1.8

Note: Starting dynamic gmin stepping
Note: Dynamic gmin stepping completed
Warning : IC on non-existent node - xx1.casc, ignored
   Please check line .ic v(fb)=1.0 v(sns1)=0.6 v(sns2)=0.6 v(vref)=1.2 v(ibias)=0.6 v(xx1.casc)=1.8

Note: Starting dynamic gmin stepping
Note: Dynamic gmin stepping completed
Warning : IC on non-existent node - xx1.casc, ignored
   Please check line .ic v(fb)=1.0 v(sns1)=0.6 v(sns2)=0.6 v(vref)=1.2 v(ibias)=0.6 v(xx1.casc)=1.8

Note: Starting dynamic gmin stepping
Note: Dynamic gmin stepping completed
Warning : IC on non-existent node - xx1.casc, ignored
   Please check line .ic v(fb)=1.0 v(sns1)=0.6 v(sns2)=0.6 v(vref)=1.2 v(ibias)=0.6 v(xx1.casc)=1.8

Note: Starting dynamic gmin stepping
Note: Dynamic gmin stepping completed
Warning : IC on non-existent node - xx1.casc, ignored
   Please check line .ic v(fb)=1.0 v(sns1)=0.6 v(sns2)=0.6 v(vref)=1.2 v(ibias)=0.6 v(xx1.casc)=1.8

Note: Starting dynamic gmin stepping
Note: Dynamic gmin stepping completed
Warning : IC on non-existent node - xx1.casc, ignored
   Please check line .ic v(fb)=1.0 v(sns1)=0.6 v(sns2)=0.6 v(vref)=1.2 v(ibias)=0.6 v(xx1.casc)=1.8

Note: Starting dynamic gmin stepping
Note: Dynamic gmin stepping completed
Warning : IC on non-existent node - xx1.casc, ignored
   Please check line .ic v(fb)=1.0 v(sns1)=0.6 v(sns2)=0.6 v(vref)=1.2 v(ibias)=0.6 v(xx1.casc)=1.8

Note: Starting dynamic gmin stepping
Note: Dynamic gmin stepping completed
Warning : IC on non-existent node - xx1.casc, ignored
   Please check line .ic v(fb)=1.0 v(sns1)=0.6 v(sns2)=0.6 v(vref)=1.2 v(ibias)=0.6 v(xx1.casc)=1.8

Note: Starting dynamic gmin stepping
Note: Dynamic gmin stepping completed
Warning : IC on non-existent node - xx1.casc, ignored
   Please check line .ic v(fb)=1.0 v(sns1)=0.6 v(sns2)=0.6 v(vref)=1.2 v(ibias)=0.6 v(xx1.casc)=1.8

Warning : IC on non-existent node - xx1.casc, ignored
   Please check line .ic v(fb)=1.0 v(sns1)=0.6 v(sns2)=0.6 v(vref)=1.2 v(ibias)=0.6 v(xx1.casc)=1.8

Note: Starting dynamic gmin stepping
Note: Dynamic gmin stepping completed
Warning : IC on non-existent node - xx1.casc, ignored
   Please check line .ic v(fb)=1.0 v(sns1)=0.6 v(sns2)=0.6 v(vref)=1.2 v(ibias)=0.6 v(xx1.casc)=1.8

Note: Starting dynamic gmin stepping
Note: Dynamic gmin stepping completed
Warning : IC on non-existent node - xx1.casc, ignored
   Please check line .ic v(fb)=1.0 v(sns1)=0.6 v(sns2)=0.6 v(vref)=1.2 v(ibias)=0.6 v(xx1.casc)=1.8

Note: Starting dynamic gmin stepping
Note: Dynamic gmin stepping completed
Warning : IC on non-existent node - xx1.casc, ignored
   Please check line .ic v(fb)=1.0 v(sns1)=0.6 v(sns2)=0.6 v(vref)=1.2 v(ibias)=0.6 v(xx1.casc)=1.8

Note: Starting dynamic gmin stepping
Note: Dynamic gmin stepping completed
Warning : IC on non-existent node - xx1.casc, ignored
   Please check line .ic v(fb)=1.0 v(sns1)=0.6 v(sns2)=0.6 v(vref)=1.2 v(ibias)=0.6 v(xx1.casc)=1.8

Note: Starting dynamic gmin stepping
Note: Dynamic gmin stepping completed
Warning : IC on non-existent node - xx1.casc, ignored
   Please check line .ic v(fb)=1.0 v(sns1)=0.6 v(sns2)=0.6 v(vref)=1.2 v(ibias)=0.6 v(xx1.casc)=1.8

Note: Starting dynamic gmin stepping
Note: Dynamic gmin stepping completed
Warning : IC on non-existent node - xx1.casc, ignored
   Please check line .ic v(fb)=1.0 v(sns1)=0.6 v(sns2)=0.6 v(vref)=1.2 v(ibias)=0.6 v(xx1.casc)=1.8

Note: Starting dynamic gmin stepping
Note: Dynamic gmin stepping completed
Warning : IC on non-existent node - xx1.casc, ignored
   Please check line .ic v(fb)=1.0 v(sns1)=0.6 v(sns2)=0.6 v(vref)=1.2 v(ibias)=0.6 v(xx1.casc)=1.8

Note: Starting dynamic gmin stepping
Note: Dynamic gmin stepping completed
Warning : IC on non-existent node - xx1.casc, ignored
   Please check line .ic v(fb)=1.0 v(sns1)=0.6 v(sns2)=0.6 v(vref)=1.2 v(ibias)=0.6 v(xx1.casc)=1.8

Note: Starting dynamic gmin stepping
Note: Dynamic gmin stepping completed
Warning : IC on non-existent node - xx1.casc, ignored
   Please check line .ic v(fb)=1.0 v(sns1)=0.6 v(sns2)=0.6 v(vref)=1.2 v(ibias)=0.6 v(xx1.casc)=1.8

Note: Starting dynamic gmin stepping
Note: Dynamic gmin stepping completed
Warning : IC on non-existent node - xx1.casc, ignored
   Please check line .ic v(fb)=1.0 v(sns1)=0.6 v(sns2)=0.6 v(vref)=1.2 v(ibias)=0.6 v(xx1.casc)=1.8

Note: Starting dynamic gmin stepping
Note: Dynamic gmin stepping completed
Warning : IC on non-existent node - xx1.casc, ignored
   Please check line .ic v(fb)=1.0 v(sns1)=0.6 v(sns2)=0.6 v(vref)=1.2 v(ibias)=0.6 v(xx1.casc)=1.8

Note: Starting dynamic gmin stepping
Note: Dynamic gmin stepping completed
Warning : IC on non-existent node - xx1.casc, ignored
   Please check line .ic v(fb)=1.0 v(sns1)=0.6 v(sns2)=0.6 v(vref)=1.2 v(ibias)=0.6 v(xx1.casc)=1.8

Note: Starting dynamic gmin stepping
Note: Dynamic gmin stepping completed
Warning : IC on non-existent node - xx1.casc, ignored
   Please check line .ic v(fb)=1.0 v(sns1)=0.6 v(sns2)=0.6 v(vref)=1.2 v(ibias)=0.6 v(xx1.casc)=1.8

Note: Starting dynamic gmin stepping
Note: Dynamic gmin stepping completed
Warning : IC on non-existent node - xx1.casc, ignored
   Please check line .ic v(fb)=1.0 v(sns1)=0.6 v(sns2)=0.6 v(vref)=1.2 v(ibias)=0.6 v(xx1.casc)=1.8

Note: Starting dynamic gmin stepping
Note: Dynamic gmin stepping completed
Warning : IC on non-existent node - xx1.casc, ignored
   Please check line .ic v(fb)=1.0 v(sns1)=0.6 v(sns2)=0.6 v(vref)=1.2 v(ibias)=0.6 v(xx1.casc)=1.8

Note: Starting dynamic gmin stepping
Note: Dynamic gmin stepping completed
Warning : IC on non-existent node - xx1.casc, ignored
   Please check line .ic v(fb)=1.0 v(sns1)=0.6 v(sns2)=0.6 v(vref)=1.2 v(ibias)=0.6 v(xx1.casc)=1.8

Note: Starting dynamic gmin stepping
Note: Dynamic gmin stepping completed
Warning : IC on non-existent node - xx1.casc, ignored
   Please check line .ic v(fb)=1.0 v(sns1)=0.6 v(sns2)=0.6 v(vref)=1.2 v(ibias)=0.6 v(xx1.casc)=1.8

Note: Starting dynamic gmin stepping
Note: Dynamic gmin stepping completed
Warning : IC on non-existent node - xx1.casc, ignored
   Please check line .ic v(fb)=1.0 v(sns1)=0.6 v(sns2)=0.6 v(vref)=1.2 v(ibias)=0.6 v(xx1.casc)=1.8

Note: Starting dynamic gmin stepping
Note: Dynamic gmin stepping completed
Warning : IC on non-existent node - xx1.casc, ignored
   Please check line .ic v(fb)=1.0 v(sns1)=0.6 v(sns2)=0.6 v(vref)=1.2 v(ibias)=0.6 v(xx1.casc)=1.8

Note: Starting dynamic gmin stepping
Note: Dynamic gmin stepping completed
Warning : IC on non-existent node - xx1.casc, ignored
   Please check line .ic v(fb)=1.0 v(sns1)=0.6 v(sns2)=0.6 v(vref)=1.2 v(ibias)=0.6 v(xx1.casc)=1.8

Note: Starting dynamic gmin stepping
Note: Dynamic gmin stepping completed
Warning : IC on non-existent node - xx1.casc, ignored
   Please check line .ic v(fb)=1.0 v(sns1)=0.6 v(sns2)=0.6 v(vref)=1.2 v(ibias)=0.6 v(xx1.casc)=1.8

Note: Starting dynamic gmin stepping
Note: Dynamic gmin stepping completed
Warning : IC on non-existent node - xx1.casc, ignored
   Please check line .ic v(fb)=1.0 v(sns1)=0.6 v(sns2)=0.6 v(vref)=1.2 v(ibias)=0.6 v(xx1.casc)=1.8

Note: Starting dynamic gmin stepping
Note: Dynamic gmin stepping completed
Warning : IC on non-existent node - xx1.casc, ignored
   Please check line .ic v(fb)=1.0 v(sns1)=0.6 v(sns2)=0.6 v(vref)=1.2 v(ibias)=0.6 v(xx1.casc)=1.8

Note: Starting dynamic gmin stepping
Note: Dynamic gmin stepping completed
Warning : IC on non-existent node - xx1.casc, ignored
   Please check line .ic v(fb)=1.0 v(sns1)=0.6 v(sns2)=0.6 v(vref)=1.2 v(ibias)=0.6 v(xx1.casc)=1.8

Note: Starting dynamic gmin stepping
Note: Dynamic gmin stepping completed
Warning : IC on non-existent node - xx1.casc, ignored
   Please check line .ic v(fb)=1.0 v(sns1)=0.6 v(sns2)=0.6 v(vref)=1.2 v(ibias)=0.6 v(xx1.casc)=1.8

Note: Starting dynamic gmin stepping
Note: Dynamic gmin stepping completed
Warning : IC on non-existent node - xx1.casc, ignored
   Please check line .ic v(fb)=1.0 v(sns1)=0.6 v(sns2)=0.6 v(vref)=1.2 v(ibias)=0.6 v(xx1.casc)=1.8

Note: Starting dynamic gmin stepping
Note: Dynamic gmin stepping completed
Warning : IC on non-existent node - xx1.casc, ignored
   Please check line .ic v(fb)=1.0 v(sns1)=0.6 v(sns2)=0.6 v(vref)=1.2 v(ibias)=0.6 v(xx1.casc)=1.8

Note: Starting dynamic gmin stepping
Note: Dynamic gmin stepping completed
Warning : IC on non-existent node - xx1.casc, ignored
   Please check line .ic v(fb)=1.0 v(sns1)=0.6 v(sns2)=0.6 v(vref)=1.2 v(ibias)=0.6 v(xx1.casc)=1.8

Note: Starting dynamic gmin stepping
Note: Dynamic gmin stepping completed
Warning : IC on non-existent node - xx1.casc, ignored
   Please check line .ic v(fb)=1.0 v(sns1)=0.6 v(sns2)=0.6 v(vref)=1.2 v(ibias)=0.6 v(xx1.casc)=1.8

Note: Starting dynamic gmin stepping
Note: Dynamic gmin stepping completed
Warning : IC on non-existent node - xx1.casc, ignored
   Please check line .ic v(fb)=1.0 v(sns1)=0.6 v(sns2)=0.6 v(vref)=1.2 v(ibias)=0.6 v(xx1.casc)=1.8

Note: Starting dynamic gmin stepping
Note: Dynamic gmin stepping completed
Warning : IC on non-existent node - xx1.casc, ignored
   Please check line .ic v(fb)=1.0 v(sns1)=0.6 v(sns2)=0.6 v(vref)=1.2 v(ibias)=0.6 v(xx1.casc)=1.8

Note: Starting dynamic gmin stepping
Note: Dynamic gmin stepping completed
Warning : IC on non-existent node - xx1.casc, ignored
   Please check line .ic v(fb)=1.0 v(sns1)=0.6 v(sns2)=0.6 v(vref)=1.2 v(ibias)=0.6 v(xx1.casc)=1.8

Note: Starting dynamic gmin stepping
Note: Dynamic gmin stepping completed
Warning : IC on non-existent node - xx1.casc, ignored
   Please check line .ic v(fb)=1.0 v(sns1)=0.6 v(sns2)=0.6 v(vref)=1.2 v(ibias)=0.6 v(xx1.casc)=1.8

Note: Starting dynamic gmin stepping
Note: Dynamic gmin stepping completed
Warning : IC on non-existent node - xx1.casc, ignored
   Please check line .ic v(fb)=1.0 v(sns1)=0.6 v(sns2)=0.6 v(vref)=1.2 v(ibias)=0.6 v(xx1.casc)=1.8

Note: Starting dynamic gmin stepping
Note: Dynamic gmin stepping completed
Warning : IC on non-existent node - xx1.casc, ignored
   Please check line .ic v(fb)=1.0 v(sns1)=0.6 v(sns2)=0.6 v(vref)=1.2 v(ibias)=0.6 v(xx1.casc)=1.8

Note: Starting dynamic gmin stepping
Note: Dynamic gmin stepping completed
Warning : IC on non-existent node - xx1.casc, ignored
   Please check line .ic v(fb)=1.0 v(sns1)=0.6 v(sns2)=0.6 v(vref)=1.2 v(ibias)=0.6 v(xx1.casc)=1.8

Note: Starting dynamic gmin stepping
Note: Dynamic gmin stepping completed
Warning : IC on non-existent node - xx1.casc, ignored
   Please check line .ic v(fb)=1.0 v(sns1)=0.6 v(sns2)=0.6 v(vref)=1.2 v(ibias)=0.6 v(xx1.casc)=1.8

Note: Starting dynamic gmin stepping
Note: Dynamic gmin stepping completed
Warning : IC on non-existent node - xx1.casc, ignored
   Please check line .ic v(fb)=1.0 v(sns1)=0.6 v(sns2)=0.6 v(vref)=1.2 v(ibias)=0.6 v(xx1.casc)=1.8

Note: Starting dynamic gmin stepping
Note: Dynamic gmin stepping completed
Warning : IC on non-existent node - xx1.casc, ignored
   Please check line .ic v(fb)=1.0 v(sns1)=0.6 v(sns2)=0.6 v(vref)=1.2 v(ibias)=0.6 v(xx1.casc)=1.8

Note: Starting dynamic gmin stepping
Note: Dynamic gmin stepping completed
Warning : IC on non-existent node - xx1.casc, ignored
   Please check line .ic v(fb)=1.0 v(sns1)=0.6 v(sns2)=0.6 v(vref)=1.2 v(ibias)=0.6 v(xx1.casc)=1.8

Note: Starting dynamic gmin stepping
Note: Dynamic gmin stepping completed
Warning : IC on non-existent node - xx1.casc, ignored
   Please check line .ic v(fb)=1.0 v(sns1)=0.6 v(sns2)=0.6 v(vref)=1.2 v(ibias)=0.6 v(xx1.casc)=1.8

Note: Starting dynamic gmin stepping
Note: Dynamic gmin stepping completed
Warning : IC on non-existent node - xx1.casc, ignored
   Please check line .ic v(fb)=1.0 v(sns1)=0.6 v(sns2)=0.6 v(vref)=1.2 v(ibias)=0.6 v(xx1.casc)=1.8

Note: Starting dynamic gmin stepping
Note: Dynamic gmin stepping completed
Warning : IC on non-existent node - xx1.casc, ignored
   Please check line .ic v(fb)=1.0 v(sns1)=0.6 v(sns2)=0.6 v(vref)=1.2 v(ibias)=0.6 v(xx1.casc)=1.8

Note: Starting dynamic gmin stepping
Note: Dynamic gmin stepping completed
Warning : IC on non-existent node - xx1.casc, ignored
   Please check line .ic v(fb)=1.0 v(sns1)=0.6 v(sns2)=0.6 v(vref)=1.2 v(ibias)=0.6 v(xx1.casc)=1.8

Note: Starting dynamic gmin stepping
Note: Dynamic gmin stepping completed
Warning : IC on non-existent node - xx1.casc, ignored
   Please check line .ic v(fb)=1.0 v(sns1)=0.6 v(sns2)=0.6 v(vref)=1.2 v(ibias)=0.6 v(xx1.casc)=1.8

Note: Starting dynamic gmin stepping
Note: Dynamic gmin stepping completed
Warning : IC on non-existent node - xx1.casc, ignored
   Please check line .ic v(fb)=1.0 v(sns1)=0.6 v(sns2)=0.6 v(vref)=1.2 v(ibias)=0.6 v(xx1.casc)=1.8

Note: Starting dynamic gmin stepping
Note: Dynamic gmin stepping completed
Warning : IC on non-existent node - xx1.casc, ignored
   Please check line .ic v(fb)=1.0 v(sns1)=0.6 v(sns2)=0.6 v(vref)=1.2 v(ibias)=0.6 v(xx1.casc)=1.8

Note: Starting dynamic gmin stepping
Note: Dynamic gmin stepping completed
Warning : IC on non-existent node - xx1.casc, ignored
   Please check line .ic v(fb)=1.0 v(sns1)=0.6 v(sns2)=0.6 v(vref)=1.2 v(ibias)=0.6 v(xx1.casc)=1.8

Note: Starting dynamic gmin stepping
Note: Dynamic gmin stepping completed
Warning : IC on non-existent node - xx1.casc, ignored
   Please check line .ic v(fb)=1.0 v(sns1)=0.6 v(sns2)=0.6 v(vref)=1.2 v(ibias)=0.6 v(xx1.casc)=1.8

Note: Starting dynamic gmin stepping
Note: Dynamic gmin stepping completed
Warning : IC on non-existent node - xx1.casc, ignored
   Please check line .ic v(fb)=1.0 v(sns1)=0.6 v(sns2)=0.6 v(vref)=1.2 v(ibias)=0.6 v(xx1.casc)=1.8

Note: Starting dynamic gmin stepping
Note: Dynamic gmin stepping completed
Warning : IC on non-existent node - xx1.casc, ignored
   Please check line .ic v(fb)=1.0 v(sns1)=0.6 v(sns2)=0.6 v(vref)=1.2 v(ibias)=0.6 v(xx1.casc)=1.8

Note: Starting dynamic gmin stepping
Note: Dynamic gmin stepping completed
Warning : IC on non-existent node - xx1.casc, ignored
   Please check line .ic v(fb)=1.0 v(sns1)=0.6 v(sns2)=0.6 v(vref)=1.2 v(ibias)=0.6 v(xx1.casc)=1.8

Note: Starting dynamic gmin stepping
Note: Dynamic gmin stepping completed
Warning : IC on non-existent node - xx1.casc, ignored
   Please check line .ic v(fb)=1.0 v(sns1)=0.6 v(sns2)=0.6 v(vref)=1.2 v(ibias)=0.6 v(xx1.casc)=1.8

Note: Starting dynamic gmin stepping
Note: Dynamic gmin stepping completed
Warning : IC on non-existent node - xx1.casc, ignored
   Please check line .ic v(fb)=1.0 v(sns1)=0.6 v(sns2)=0.6 v(vref)=1.2 v(ibias)=0.6 v(xx1.casc)=1.8

Note: Starting dynamic gmin stepping
Note: Dynamic gmin stepping completed
Warning : IC on non-existent node - xx1.casc, ignored
   Please check line .ic v(fb)=1.0 v(sns1)=0.6 v(sns2)=0.6 v(vref)=1.2 v(ibias)=0.6 v(xx1.casc)=1.8

Note: Starting dynamic gmin stepping
Note: Dynamic gmin stepping completed
Warning : IC on non-existent node - xx1.casc, ignored
   Please check line .ic v(fb)=1.0 v(sns1)=0.6 v(sns2)=0.6 v(vref)=1.2 v(ibias)=0.6 v(xx1.casc)=1.8

Note: Starting dynamic gmin stepping
Note: Dynamic gmin stepping completed
Warning : IC on non-existent node - xx1.casc, ignored
   Please check line .ic v(fb)=1.0 v(sns1)=0.6 v(sns2)=0.6 v(vref)=1.2 v(ibias)=0.6 v(xx1.casc)=1.8

Note: Starting dynamic gmin stepping
Note: Dynamic gmin stepping completed
Warning : IC on non-existent node - xx1.casc, ignored
   Please check line .ic v(fb)=1.0 v(sns1)=0.6 v(sns2)=0.6 v(vref)=1.2 v(ibias)=0.6 v(xx1.casc)=1.8

Note: Starting dynamic gmin stepping
Note: Dynamic gmin stepping completed
Warning : IC on non-existent node - xx1.casc, ignored
   Please check line .ic v(fb)=1.0 v(sns1)=0.6 v(sns2)=0.6 v(vref)=1.2 v(ibias)=0.6 v(xx1.casc)=1.8

Note: Starting dynamic gmin stepping
Note: Dynamic gmin stepping completed
Warning : IC on non-existent node - xx1.casc, ignored
   Please check line .ic v(fb)=1.0 v(sns1)=0.6 v(sns2)=0.6 v(vref)=1.2 v(ibias)=0.6 v(xx1.casc)=1.8

Note: Starting dynamic gmin stepping
Note: Dynamic gmin stepping completed
Warning : IC on non-existent node - xx1.casc, ignored
   Please check line .ic v(fb)=1.0 v(sns1)=0.6 v(sns2)=0.6 v(vref)=1.2 v(ibias)=0.6 v(xx1.casc)=1.8

Note: Starting dynamic gmin stepping
Note: Dynamic gmin stepping completed
Warning : IC on non-existent node - xx1.casc, ignored
   Please check line .ic v(fb)=1.0 v(sns1)=0.6 v(sns2)=0.6 v(vref)=1.2 v(ibias)=0.6 v(xx1.casc)=1.8

Note: Starting dynamic gmin stepping
Note: Dynamic gmin stepping completed
Warning : IC on non-existent node - xx1.casc, ignored
   Please check line .ic v(fb)=1.0 v(sns1)=0.6 v(sns2)=0.6 v(vref)=1.2 v(ibias)=0.6 v(xx1.casc)=1.8

Note: Starting dynamic gmin stepping
Note: Dynamic gmin stepping completed
Warning : IC on non-existent node - xx1.casc, ignored
   Please check line .ic v(fb)=1.0 v(sns1)=0.6 v(sns2)=0.6 v(vref)=1.2 v(ibias)=0.6 v(xx1.casc)=1.8

Note: Starting dynamic gmin stepping
Note: Dynamic gmin stepping completed
Warning : IC on non-existent node - xx1.casc, ignored
   Please check line .ic v(fb)=1.0 v(sns1)=0.6 v(sns2)=0.6 v(vref)=1.2 v(ibias)=0.6 v(xx1.casc)=1.8

Note: Starting dynamic gmin stepping
Note: Dynamic gmin stepping completed
Warning : IC on non-existent node - xx1.casc, ignored
   Please check line .ic v(fb)=1.0 v(sns1)=0.6 v(sns2)=0.6 v(vref)=1.2 v(ibias)=0.6 v(xx1.casc)=1.8

Note: Starting dynamic gmin stepping
Note: Dynamic gmin stepping completed
Warning : IC on non-existent node - xx1.casc, ignored
   Please check line .ic v(fb)=1.0 v(sns1)=0.6 v(sns2)=0.6 v(vref)=1.2 v(ibias)=0.6 v(xx1.casc)=1.8

Note: Starting dynamic gmin stepping
Note: Dynamic gmin stepping completed
Warning : IC on non-existent node - xx1.casc, ignored
   Please check line .ic v(fb)=1.0 v(sns1)=0.6 v(sns2)=0.6 v(vref)=1.2 v(ibias)=0.6 v(xx1.casc)=1.8

Note: Starting dynamic gmin stepping
Note: Dynamic gmin stepping completed
Warning : IC on non-existent node - xx1.casc, ignored
   Please check line .ic v(fb)=1.0 v(sns1)=0.6 v(sns2)=0.6 v(vref)=1.2 v(ibias)=0.6 v(xx1.casc)=1.8

Note: Starting dynamic gmin stepping
Note: Dynamic gmin stepping completed
Warning : IC on non-existent node - xx1.casc, ignored
   Please check line .ic v(fb)=1.0 v(sns1)=0.6 v(sns2)=0.6 v(vref)=1.2 v(ibias)=0.6 v(xx1.casc)=1.8

Note: Starting dynamic gmin stepping
Note: Dynamic gmin stepping completed
Warning : IC on non-existent node - xx1.casc, ignored
   Please check line .ic v(fb)=1.0 v(sns1)=0.6 v(sns2)=0.6 v(vref)=1.2 v(ibias)=0.6 v(xx1.casc)=1.8

Note: Starting dynamic gmin stepping
Note: Dynamic gmin stepping completed
Warning : IC on non-existent node - xx1.casc, ignored
   Please check line .ic v(fb)=1.0 v(sns1)=0.6 v(sns2)=0.6 v(vref)=1.2 v(ibias)=0.6 v(xx1.casc)=1.8

Note: Starting dynamic gmin stepping
Note: Dynamic gmin stepping completed
Warning : IC on non-existent node - xx1.casc, ignored
   Please check line .ic v(fb)=1.0 v(sns1)=0.6 v(sns2)=0.6 v(vref)=1.2 v(ibias)=0.6 v(xx1.casc)=1.8

Note: Starting dynamic gmin stepping
Note: Dynamic gmin stepping completed
Warning : IC on non-existent node - xx1.casc, ignored
   Please check line .ic v(fb)=1.0 v(sns1)=0.6 v(sns2)=0.6 v(vref)=1.2 v(ibias)=0.6 v(xx1.casc)=1.8

Note: Starting dynamic gmin stepping
Note: Dynamic gmin stepping completed
Warning : IC on non-existent node - xx1.casc, ignored
   Please check line .ic v(fb)=1.0 v(sns1)=0.6 v(sns2)=0.6 v(vref)=1.2 v(ibias)=0.6 v(xx1.casc)=1.8

Note: Starting dynamic gmin stepping
Note: Dynamic gmin stepping completed
Warning : IC on non-existent node - xx1.casc, ignored
   Please check line .ic v(fb)=1.0 v(sns1)=0.6 v(sns2)=0.6 v(vref)=1.2 v(ibias)=0.6 v(xx1.casc)=1.8

Note: Starting dynamic gmin stepping
Note: Dynamic gmin stepping completed
Warning : IC on non-existent node - xx1.casc, ignored
   Please check line .ic v(fb)=1.0 v(sns1)=0.6 v(sns2)=0.6 v(vref)=1.2 v(ibias)=0.6 v(xx1.casc)=1.8

Note: Starting dynamic gmin stepping
Note: Dynamic gmin stepping completed
Warning : IC on non-existent node - xx1.casc, ignored
   Please check line .ic v(fb)=1.0 v(sns1)=0.6 v(sns2)=0.6 v(vref)=1.2 v(ibias)=0.6 v(xx1.casc)=1.8

Note: Starting dynamic gmin stepping
Note: Dynamic gmin stepping completed
Warning : IC on non-existent node - xx1.casc, ignored
   Please check line .ic v(fb)=1.0 v(sns1)=0.6 v(sns2)=0.6 v(vref)=1.2 v(ibias)=0.6 v(xx1.casc)=1.8

Note: Starting dynamic gmin stepping
Note: Dynamic gmin stepping completed
Warning : IC on non-existent node - xx1.casc, ignored
   Please check line .ic v(fb)=1.0 v(sns1)=0.6 v(sns2)=0.6 v(vref)=1.2 v(ibias)=0.6 v(xx1.casc)=1.8

Note: Starting dynamic gmin stepping
Note: Dynamic gmin stepping completed
Warning : IC on non-existent node - xx1.casc, ignored
   Please check line .ic v(fb)=1.0 v(sns1)=0.6 v(sns2)=0.6 v(vref)=1.2 v(ibias)=0.6 v(xx1.casc)=1.8

Note: Starting dynamic gmin stepping
Note: Dynamic gmin stepping completed
Warning : IC on non-existent node - xx1.casc, ignored
   Please check line .ic v(fb)=1.0 v(sns1)=0.6 v(sns2)=0.6 v(vref)=1.2 v(ibias)=0.6 v(xx1.casc)=1.8

Note: Starting dynamic gmin stepping
Note: Dynamic gmin stepping completed
Warning : IC on non-existent node - xx1.casc, ignored
   Please check line .ic v(fb)=1.0 v(sns1)=0.6 v(sns2)=0.6 v(vref)=1.2 v(ibias)=0.6 v(xx1.casc)=1.8

Note: Starting dynamic gmin stepping
Note: Dynamic gmin stepping completed
Warning : IC on non-existent node - xx1.casc, ignored
   Please check line .ic v(fb)=1.0 v(sns1)=0.6 v(sns2)=0.6 v(vref)=1.2 v(ibias)=0.6 v(xx1.casc)=1.8

Note: Starting dynamic gmin stepping
Note: Dynamic gmin stepping completed
Warning : IC on non-existent node - xx1.casc, ignored
   Please check line .ic v(fb)=1.0 v(sns1)=0.6 v(sns2)=0.6 v(vref)=1.2 v(ibias)=0.6 v(xx1.casc)=1.8

Note: Starting dynamic gmin stepping
Note: Dynamic gmin stepping completed
Warning : IC on non-existent node - xx1.casc, ignored
   Please check line .ic v(fb)=1.0 v(sns1)=0.6 v(sns2)=0.6 v(vref)=1.2 v(ibias)=0.6 v(xx1.casc)=1.8

Note: Starting dynamic gmin stepping
Note: Dynamic gmin stepping completed
Warning : IC on non-existent node - xx1.casc, ignored
   Please check line .ic v(fb)=1.0 v(sns1)=0.6 v(sns2)=0.6 v(vref)=1.2 v(ibias)=0.6 v(xx1.casc)=1.8

Note: Starting dynamic gmin stepping
Note: Dynamic gmin stepping completed
Warning : IC on non-existent node - xx1.casc, ignored
   Please check line .ic v(fb)=1.0 v(sns1)=0.6 v(sns2)=0.6 v(vref)=1.2 v(ibias)=0.6 v(xx1.casc)=1.8

Note: Starting dynamic gmin stepping
Note: Dynamic gmin stepping completed
Warning : IC on non-existent node - xx1.casc, ignored
   Please check line .ic v(fb)=1.0 v(sns1)=0.6 v(sns2)=0.6 v(vref)=1.2 v(ibias)=0.6 v(xx1.casc)=1.8

Note: Starting dynamic gmin stepping
Note: Dynamic gmin stepping completed
Warning : IC on non-existent node - xx1.casc, ignored
   Please check line .ic v(fb)=1.0 v(sns1)=0.6 v(sns2)=0.6 v(vref)=1.2 v(ibias)=0.6 v(xx1.casc)=1.8

Note: Starting dynamic gmin stepping
Note: Dynamic gmin stepping completed
Warning : IC on non-existent node - xx1.casc, ignored
   Please check line .ic v(fb)=1.0 v(sns1)=0.6 v(sns2)=0.6 v(vref)=1.2 v(ibias)=0.6 v(xx1.casc)=1.8

Note: Starting dynamic gmin stepping
Note: Dynamic gmin stepping completed
Warning : IC on non-existent node - xx1.casc, ignored
   Please check line .ic v(fb)=1.0 v(sns1)=0.6 v(sns2)=0.6 v(vref)=1.2 v(ibias)=0.6 v(xx1.casc)=1.8

Note: Starting dynamic gmin stepping
Note: Dynamic gmin stepping completed
Warning : IC on non-existent node - xx1.casc, ignored
   Please check line .ic v(fb)=1.0 v(sns1)=0.6 v(sns2)=0.6 v(vref)=1.2 v(ibias)=0.6 v(xx1.casc)=1.8

Note: Starting dynamic gmin stepping
Note: Dynamic gmin stepping completed
Warning : IC on non-existent node - xx1.casc, ignored
   Please check line .ic v(fb)=1.0 v(sns1)=0.6 v(sns2)=0.6 v(vref)=1.2 v(ibias)=0.6 v(xx1.casc)=1.8

Note: Starting dynamic gmin stepping
Note: Dynamic gmin stepping completed
Warning : IC on non-existent node - xx1.casc, ignored
   Please check line .ic v(fb)=1.0 v(sns1)=0.6 v(sns2)=0.6 v(vref)=1.2 v(ibias)=0.6 v(xx1.casc)=1.8

Note: Starting dynamic gmin stepping
Note: Dynamic gmin stepping completed
Warning : IC on non-existent node - xx1.casc, ignored
   Please check line .ic v(fb)=1.0 v(sns1)=0.6 v(sns2)=0.6 v(vref)=1.2 v(ibias)=0.6 v(xx1.casc)=1.8

Note: Starting dynamic gmin stepping
Note: Dynamic gmin stepping completed
Warning : IC on non-existent node - xx1.casc, ignored
   Please check line .ic v(fb)=1.0 v(sns1)=0.6 v(sns2)=0.6 v(vref)=1.2 v(ibias)=0.6 v(xx1.casc)=1.8

Note: Starting dynamic gmin stepping
Note: Dynamic gmin stepping completed
Warning : IC on non-existent node - xx1.casc, ignored
   Please check line .ic v(fb)=1.0 v(sns1)=0.6 v(sns2)=0.6 v(vref)=1.2 v(ibias)=0.6 v(xx1.casc)=1.8

Note: Starting dynamic gmin stepping
Note: Dynamic gmin stepping completed
Warning : IC on non-existent node - xx1.casc, ignored
   Please check line .ic v(fb)=1.0 v(sns1)=0.6 v(sns2)=0.6 v(vref)=1.2 v(ibias)=0.6 v(xx1.casc)=1.8

Note: Starting dynamic gmin stepping
Note: Dynamic gmin stepping completed
Warning : IC on non-existent node - xx1.casc, ignored
   Please check line .ic v(fb)=1.0 v(sns1)=0.6 v(sns2)=0.6 v(vref)=1.2 v(ibias)=0.6 v(xx1.casc)=1.8

Note: Starting dynamic gmin stepping
Note: Dynamic gmin stepping completed
Warning : IC on non-existent node - xx1.casc, ignored
   Please check line .ic v(fb)=1.0 v(sns1)=0.6 v(sns2)=0.6 v(vref)=1.2 v(ibias)=0.6 v(xx1.casc)=1.8

Note: Starting dynamic gmin stepping
Note: Dynamic gmin stepping completed
Warning : IC on non-existent node - xx1.casc, ignored
   Please check line .ic v(fb)=1.0 v(sns1)=0.6 v(sns2)=0.6 v(vref)=1.2 v(ibias)=0.6 v(xx1.casc)=1.8

Note: Starting dynamic gmin stepping
Note: Dynamic gmin stepping completed
Warning : IC on non-existent node - xx1.casc, ignored
   Please check line .ic v(fb)=1.0 v(sns1)=0.6 v(sns2)=0.6 v(vref)=1.2 v(ibias)=0.6 v(xx1.casc)=1.8

Note: Starting dynamic gmin stepping
Note: Dynamic gmin stepping completed
Warning : IC on non-existent node - xx1.casc, ignored
   Please check line .ic v(fb)=1.0 v(sns1)=0.6 v(sns2)=0.6 v(vref)=1.2 v(ibias)=0.6 v(xx1.casc)=1.8

Note: Starting dynamic gmin stepping
Note: Dynamic gmin stepping completed
Warning : IC on non-existent node - xx1.casc, ignored
   Please check line .ic v(fb)=1.0 v(sns1)=0.6 v(sns2)=0.6 v(vref)=1.2 v(ibias)=0.6 v(xx1.casc)=1.8

Note: Starting dynamic gmin stepping
Note: Dynamic gmin stepping completed
Warning : IC on non-existent node - xx1.casc, ignored
   Please check line .ic v(fb)=1.0 v(sns1)=0.6 v(sns2)=0.6 v(vref)=1.2 v(ibias)=0.6 v(xx1.casc)=1.8

Note: Starting dynamic gmin stepping
Note: Dynamic gmin stepping completed
Warning : IC on non-existent node - xx1.casc, ignored
   Please check line .ic v(fb)=1.0 v(sns1)=0.6 v(sns2)=0.6 v(vref)=1.2 v(ibias)=0.6 v(xx1.casc)=1.8

Note: Starting dynamic gmin stepping
Note: Dynamic gmin stepping completed
Warning : IC on non-existent node - xx1.casc, ignored
   Please check line .ic v(fb)=1.0 v(sns1)=0.6 v(sns2)=0.6 v(vref)=1.2 v(ibias)=0.6 v(xx1.casc)=1.8

Note: Starting dynamic gmin stepping
Note: Dynamic gmin stepping completed
Warning : IC on non-existent node - xx1.casc, ignored
   Please check line .ic v(fb)=1.0 v(sns1)=0.6 v(sns2)=0.6 v(vref)=1.2 v(ibias)=0.6 v(xx1.casc)=1.8

Note: Starting dynamic gmin stepping
Note: Dynamic gmin stepping completed
Warning : IC on non-existent node - xx1.casc, ignored
   Please check line .ic v(fb)=1.0 v(sns1)=0.6 v(sns2)=0.6 v(vref)=1.2 v(ibias)=0.6 v(xx1.casc)=1.8

Note: Starting dynamic gmin stepping
Note: Dynamic gmin stepping completed
Warning : IC on non-existent node - xx1.casc, ignored
   Please check line .ic v(fb)=1.0 v(sns1)=0.6 v(sns2)=0.6 v(vref)=1.2 v(ibias)=0.6 v(xx1.casc)=1.8

Note: Starting dynamic gmin stepping
Note: Dynamic gmin stepping completed
Warning : IC on non-existent node - xx1.casc, ignored
   Please check line .ic v(fb)=1.0 v(sns1)=0.6 v(sns2)=0.6 v(vref)=1.2 v(ibias)=0.6 v(xx1.casc)=1.8

Note: Starting dynamic gmin stepping
Note: Dynamic gmin stepping completed
Warning : IC on non-existent node - xx1.casc, ignored
   Please check line .ic v(fb)=1.0 v(sns1)=0.6 v(sns2)=0.6 v(vref)=1.2 v(ibias)=0.6 v(xx1.casc)=1.8

Note: Starting dynamic gmin stepping
Note: Dynamic gmin stepping completed
Warning : IC on non-existent node - xx1.casc, ignored
   Please check line .ic v(fb)=1.0 v(sns1)=0.6 v(sns2)=0.6 v(vref)=1.2 v(ibias)=0.6 v(xx1.casc)=1.8

Note: Starting dynamic gmin stepping
Note: Dynamic gmin stepping completed
Warning : IC on non-existent node - xx1.casc, ignored
   Please check line .ic v(fb)=1.0 v(sns1)=0.6 v(sns2)=0.6 v(vref)=1.2 v(ibias)=0.6 v(xx1.casc)=1.8

Note: Starting dynamic gmin stepping
Note: Dynamic gmin stepping completed
Warning : IC on non-existent node - xx1.casc, ignored
   Please check line .ic v(fb)=1.0 v(sns1)=0.6 v(sns2)=0.6 v(vref)=1.2 v(ibias)=0.6 v(xx1.casc)=1.8

Note: Starting dynamic gmin stepping
Note: Dynamic gmin stepping completed
Warning : IC on non-existent node - xx1.casc, ignored
   Please check line .ic v(fb)=1.0 v(sns1)=0.6 v(sns2)=0.6 v(vref)=1.2 v(ibias)=0.6 v(xx1.casc)=1.8

Note: Starting dynamic gmin stepping
Note: Dynamic gmin stepping completed
Warning : IC on non-existent node - xx1.casc, ignored
   Please check line .ic v(fb)=1.0 v(sns1)=0.6 v(sns2)=0.6 v(vref)=1.2 v(ibias)=0.6 v(xx1.casc)=1.8

Note: Starting dynamic gmin stepping
Note: Dynamic gmin stepping completed
Warning : IC on non-existent node - xx1.casc, ignored
   Please check line .ic v(fb)=1.0 v(sns1)=0.6 v(sns2)=0.6 v(vref)=1.2 v(ibias)=0.6 v(xx1.casc)=1.8

Note: Starting dynamic gmin stepping
Note: Dynamic gmin stepping completed
Warning : IC on non-existent node - xx1.casc, ignored
   Please check line .ic v(fb)=1.0 v(sns1)=0.6 v(sns2)=0.6 v(vref)=1.2 v(ibias)=0.6 v(xx1.casc)=1.8

Note: Starting dynamic gmin stepping
Note: Dynamic gmin stepping completed
Warning : IC on non-existent node - xx1.casc, ignored
   Please check line .ic v(fb)=1.0 v(sns1)=0.6 v(sns2)=0.6 v(vref)=1.2 v(ibias)=0.6 v(xx1.casc)=1.8

Note: Starting dynamic gmin stepping
Note: Dynamic gmin stepping completed
Warning : IC on non-existent node - xx1.casc, ignored
   Please check line .ic v(fb)=1.0 v(sns1)=0.6 v(sns2)=0.6 v(vref)=1.2 v(ibias)=0.6 v(xx1.casc)=1.8

Note: Starting dynamic gmin stepping
Note: Dynamic gmin stepping completed
Warning : IC on non-existent node - xx1.casc, ignored
   Please check line .ic v(fb)=1.0 v(sns1)=0.6 v(sns2)=0.6 v(vref)=1.2 v(ibias)=0.6 v(xx1.casc)=1.8

Note: Starting dynamic gmin stepping
Note: Dynamic gmin stepping completed
Warning : IC on non-existent node - xx1.casc, ignored
   Please check line .ic v(fb)=1.0 v(sns1)=0.6 v(sns2)=0.6 v(vref)=1.2 v(ibias)=0.6 v(xx1.casc)=1.8

Note: Starting dynamic gmin stepping
Note: Dynamic gmin stepping completed
Warning : IC on non-existent node - xx1.casc, ignored
   Please check line .ic v(fb)=1.0 v(sns1)=0.6 v(sns2)=0.6 v(vref)=1.2 v(ibias)=0.6 v(xx1.casc)=1.8

Note: Starting dynamic gmin stepping
Note: Dynamic gmin stepping completed
Warning : IC on non-existent node - xx1.casc, ignored
   Please check line .ic v(fb)=1.0 v(sns1)=0.6 v(sns2)=0.6 v(vref)=1.2 v(ibias)=0.6 v(xx1.casc)=1.8

Note: Starting dynamic gmin stepping
Note: Dynamic gmin stepping completed
Warning : IC on non-existent node - xx1.casc, ignored
   Please check line .ic v(fb)=1.0 v(sns1)=0.6 v(sns2)=0.6 v(vref)=1.2 v(ibias)=0.6 v(xx1.casc)=1.8

Note: Starting dynamic gmin stepping
Note: Dynamic gmin stepping completed
Warning : IC on non-existent node - xx1.casc, ignored
   Please check line .ic v(fb)=1.0 v(sns1)=0.6 v(sns2)=0.6 v(vref)=1.2 v(ibias)=0.6 v(xx1.casc)=1.8

Note: Starting dynamic gmin stepping
Note: Dynamic gmin stepping completed
Warning : IC on non-existent node - xx1.casc, ignored
   Please check line .ic v(fb)=1.0 v(sns1)=0.6 v(sns2)=0.6 v(vref)=1.2 v(ibias)=0.6 v(xx1.casc)=1.8

Note: Starting dynamic gmin stepping
Note: Dynamic gmin stepping completed
Warning : IC on non-existent node - xx1.casc, ignored
   Please check line .ic v(fb)=1.0 v(sns1)=0.6 v(sns2)=0.6 v(vref)=1.2 v(ibias)=0.6 v(xx1.casc)=1.8

Note: Starting dynamic gmin stepping
Note: Dynamic gmin stepping completed
Warning : IC on non-existent node - xx1.casc, ignored
   Please check line .ic v(fb)=1.0 v(sns1)=0.6 v(sns2)=0.6 v(vref)=1.2 v(ibias)=0.6 v(xx1.casc)=1.8

Note: Starting dynamic gmin stepping
Note: Dynamic gmin stepping completed
Warning : IC on non-existent node - xx1.casc, ignored
   Please check line .ic v(fb)=1.0 v(sns1)=0.6 v(sns2)=0.6 v(vref)=1.2 v(ibias)=0.6 v(xx1.casc)=1.8

Note: Starting dynamic gmin stepping
Note: Dynamic gmin stepping completed
Warning : IC on non-existent node - xx1.casc, ignored
   Please check line .ic v(fb)=1.0 v(sns1)=0.6 v(sns2)=0.6 v(vref)=1.2 v(ibias)=0.6 v(xx1.casc)=1.8

Note: Starting dynamic gmin stepping
Note: Dynamic gmin stepping completed
Warning : IC on non-existent node - xx1.casc, ignored
   Please check line .ic v(fb)=1.0 v(sns1)=0.6 v(sns2)=0.6 v(vref)=1.2 v(ibias)=0.6 v(xx1.casc)=1.8

Note: Starting dynamic gmin stepping
Note: Dynamic gmin stepping completed
Warning : IC on non-existent node - xx1.casc, ignored
   Please check line .ic v(fb)=1.0 v(sns1)=0.6 v(sns2)=0.6 v(vref)=1.2 v(ibias)=0.6 v(xx1.casc)=1.8

Note: Starting dynamic gmin stepping
Note: Dynamic gmin stepping completed
Warning : IC on non-existent node - xx1.casc, ignored
   Please check line .ic v(fb)=1.0 v(sns1)=0.6 v(sns2)=0.6 v(vref)=1.2 v(ibias)=0.6 v(xx1.casc)=1.8

Note: Starting dynamic gmin stepping
Note: Dynamic gmin stepping completed
Warning : IC on non-existent node - xx1.casc, ignored
   Please check line .ic v(fb)=1.0 v(sns1)=0.6 v(sns2)=0.6 v(vref)=1.2 v(ibias)=0.6 v(xx1.casc)=1.8

Note: Starting dynamic gmin stepping
Note: Dynamic gmin stepping completed
Warning : IC on non-existent node - xx1.casc, ignored
   Please check line .ic v(fb)=1.0 v(sns1)=0.6 v(sns2)=0.6 v(vref)=1.2 v(ibias)=0.6 v(xx1.casc)=1.8

Note: Starting dynamic gmin stepping
Note: Dynamic gmin stepping completed
Warning : IC on non-existent node - xx1.casc, ignored
   Please check line .ic v(fb)=1.0 v(sns1)=0.6 v(sns2)=0.6 v(vref)=1.2 v(ibias)=0.6 v(xx1.casc)=1.8

Note: Starting dynamic gmin stepping
Note: Dynamic gmin stepping completed
Warning : IC on non-existent node - xx1.casc, ignored
   Please check line .ic v(fb)=1.0 v(sns1)=0.6 v(sns2)=0.6 v(vref)=1.2 v(ibias)=0.6 v(xx1.casc)=1.8

Note: Starting dynamic gmin stepping
Note: Dynamic gmin stepping completed
Warning : IC on non-existent node - xx1.casc, ignored
   Please check line .ic v(fb)=1.0 v(sns1)=0.6 v(sns2)=0.6 v(vref)=1.2 v(ibias)=0.6 v(xx1.casc)=1.8

Note: Starting dynamic gmin stepping
Note: Dynamic gmin stepping completed
Warning : IC on non-existent node - xx1.casc, ignored
   Please check line .ic v(fb)=1.0 v(sns1)=0.6 v(sns2)=0.6 v(vref)=1.2 v(ibias)=0.6 v(xx1.casc)=1.8

Note: Starting dynamic gmin stepping
Note: Dynamic gmin stepping completed
Warning : IC on non-existent node - xx1.casc, ignored
   Please check line .ic v(fb)=1.0 v(sns1)=0.6 v(sns2)=0.6 v(vref)=1.2 v(ibias)=0.6 v(xx1.casc)=1.8

Note: Starting dynamic gmin stepping
Note: Dynamic gmin stepping completed
Warning : IC on non-existent node - xx1.casc, ignored
   Please check line .ic v(fb)=1.0 v(sns1)=0.6 v(sns2)=0.6 v(vref)=1.2 v(ibias)=0.6 v(xx1.casc)=1.8

Note: Starting dynamic gmin stepping
Note: Dynamic gmin stepping completed
Warning : IC on non-existent node - xx1.casc, ignored
   Please check line .ic v(fb)=1.0 v(sns1)=0.6 v(sns2)=0.6 v(vref)=1.2 v(ibias)=0.6 v(xx1.casc)=1.8

Note: Starting dynamic gmin stepping
Note: Dynamic gmin stepping completed
Warning : IC on non-existent node - xx1.casc, ignored
   Please check line .ic v(fb)=1.0 v(sns1)=0.6 v(sns2)=0.6 v(vref)=1.2 v(ibias)=0.6 v(xx1.casc)=1.8

Note: Starting dynamic gmin stepping
Note: Dynamic gmin stepping completed
Warning : IC on non-existent node - xx1.casc, ignored
   Please check line .ic v(fb)=1.0 v(sns1)=0.6 v(sns2)=0.6 v(vref)=1.2 v(ibias)=0.6 v(xx1.casc)=1.8

Note: Starting dynamic gmin stepping
Note: Dynamic gmin stepping completed
Warning : IC on non-existent node - xx1.casc, ignored
   Please check line .ic v(fb)=1.0 v(sns1)=0.6 v(sns2)=0.6 v(vref)=1.2 v(ibias)=0.6 v(xx1.casc)=1.8

Note: Starting dynamic gmin stepping
Note: Dynamic gmin stepping completed
Warning : IC on non-existent node - xx1.casc, ignored
   Please check line .ic v(fb)=1.0 v(sns1)=0.6 v(sns2)=0.6 v(vref)=1.2 v(ibias)=0.6 v(xx1.casc)=1.8

Note: Starting dynamic gmin stepping
Note: Dynamic gmin stepping completed
Warning : IC on non-existent node - xx1.casc, ignored
   Please check line .ic v(fb)=1.0 v(sns1)=0.6 v(sns2)=0.6 v(vref)=1.2 v(ibias)=0.6 v(xx1.casc)=1.8

Note: Starting dynamic gmin stepping
Note: Dynamic gmin stepping completed
Warning : IC on non-existent node - xx1.casc, ignored
   Please check line .ic v(fb)=1.0 v(sns1)=0.6 v(sns2)=0.6 v(vref)=1.2 v(ibias)=0.6 v(xx1.casc)=1.8

Note: Starting dynamic gmin stepping
Note: Dynamic gmin stepping completed
Warning : IC on non-existent node - xx1.casc, ignored
   Please check line .ic v(fb)=1.0 v(sns1)=0.6 v(sns2)=0.6 v(vref)=1.2 v(ibias)=0.6 v(xx1.casc)=1.8

Note: Starting dynamic gmin stepping
Note: Dynamic gmin stepping completed
Warning : IC on non-existent node - xx1.casc, ignored
   Please check line .ic v(fb)=1.0 v(sns1)=0.6 v(sns2)=0.6 v(vref)=1.2 v(ibias)=0.6 v(xx1.casc)=1.8

Note: Starting dynamic gmin stepping
Note: Dynamic gmin stepping completed
Warning : IC on non-existent node - xx1.casc, ignored
   Please check line .ic v(fb)=1.0 v(sns1)=0.6 v(sns2)=0.6 v(vref)=1.2 v(ibias)=0.6 v(xx1.casc)=1.8

Note: Starting dynamic gmin stepping
Note: Dynamic gmin stepping completed
Warning : IC on non-existent node - xx1.casc, ignored
   Please check line .ic v(fb)=1.0 v(sns1)=0.6 v(sns2)=0.6 v(vref)=1.2 v(ibias)=0.6 v(xx1.casc)=1.8

Note: Starting dynamic gmin stepping
Note: Dynamic gmin stepping completed
Warning : IC on non-existent node - xx1.casc, ignored
   Please check line .ic v(fb)=1.0 v(sns1)=0.6 v(sns2)=0.6 v(vref)=1.2 v(ibias)=0.6 v(xx1.casc)=1.8

Note: Starting dynamic gmin stepping
Note: Dynamic gmin stepping completed
Warning : IC on non-existent node - xx1.casc, ignored
   Please check line .ic v(fb)=1.0 v(sns1)=0.6 v(sns2)=0.6 v(vref)=1.2 v(ibias)=0.6 v(xx1.casc)=1.8

Note: Starting dynamic gmin stepping
Note: Dynamic gmin stepping completed
Warning : IC on non-existent node - xx1.casc, ignored
   Please check line .ic v(fb)=1.0 v(sns1)=0.6 v(sns2)=0.6 v(vref)=1.2 v(ibias)=0.6 v(xx1.casc)=1.8

Note: Starting dynamic gmin stepping
Note: Dynamic gmin stepping completed
Warning : IC on non-existent node - xx1.casc, ignored
   Please check line .ic v(fb)=1.0 v(sns1)=0.6 v(sns2)=0.6 v(vref)=1.2 v(ibias)=0.6 v(xx1.casc)=1.8

Note: Starting dynamic gmin stepping
Note: Dynamic gmin stepping completed
Warning : IC on non-existent node - xx1.casc, ignored
   Please check line .ic v(fb)=1.0 v(sns1)=0.6 v(sns2)=0.6 v(vref)=1.2 v(ibias)=0.6 v(xx1.casc)=1.8

Note: Starting dynamic gmin stepping
Note: Dynamic gmin stepping completed
Warning : IC on non-existent node - xx1.casc, ignored
   Please check line .ic v(fb)=1.0 v(sns1)=0.6 v(sns2)=0.6 v(vref)=1.2 v(ibias)=0.6 v(xx1.casc)=1.8

Note: Starting dynamic gmin stepping
Note: Dynamic gmin stepping completed
Warning : IC on non-existent node - xx1.casc, ignored
   Please check line .ic v(fb)=1.0 v(sns1)=0.6 v(sns2)=0.6 v(vref)=1.2 v(ibias)=0.6 v(xx1.casc)=1.8

Note: Starting dynamic gmin stepping
Note: Dynamic gmin stepping completed
Warning : IC on non-existent node - xx1.casc, ignored
   Please check line .ic v(fb)=1.0 v(sns1)=0.6 v(sns2)=0.6 v(vref)=1.2 v(ibias)=0.6 v(xx1.casc)=1.8

Note: Starting dynamic gmin stepping
Note: Dynamic gmin stepping completed
Warning : IC on non-existent node - xx1.casc, ignored
   Please check line .ic v(fb)=1.0 v(sns1)=0.6 v(sns2)=0.6 v(vref)=1.2 v(ibias)=0.6 v(xx1.casc)=1.8

Note: Starting dynamic gmin stepping
Note: Dynamic gmin stepping completed
Warning : IC on non-existent node - xx1.casc, ignored
   Please check line .ic v(fb)=1.0 v(sns1)=0.6 v(sns2)=0.6 v(vref)=1.2 v(ibias)=0.6 v(xx1.casc)=1.8

Note: Starting dynamic gmin stepping
Note: Dynamic gmin stepping completed
Warning : IC on non-existent node - xx1.casc, ignored
   Please check line .ic v(fb)=1.0 v(sns1)=0.6 v(sns2)=0.6 v(vref)=1.2 v(ibias)=0.6 v(xx1.casc)=1.8

Note: Starting dynamic gmin stepping
Note: Dynamic gmin stepping completed
Warning : IC on non-existent node - xx1.casc, ignored
   Please check line .ic v(fb)=1.0 v(sns1)=0.6 v(sns2)=0.6 v(vref)=1.2 v(ibias)=0.6 v(xx1.casc)=1.8

Note: Starting dynamic gmin stepping
Note: Dynamic gmin stepping completed
Warning : IC on non-existent node - xx1.casc, ignored
   Please check line .ic v(fb)=1.0 v(sns1)=0.6 v(sns2)=0.6 v(vref)=1.2 v(ibias)=0.6 v(xx1.casc)=1.8

Note: Starting dynamic gmin stepping
Note: Dynamic gmin stepping completed
Warning : IC on non-existent node - xx1.casc, ignored
   Please check line .ic v(fb)=1.0 v(sns1)=0.6 v(sns2)=0.6 v(vref)=1.2 v(ibias)=0.6 v(xx1.casc)=1.8

Note: Starting dynamic gmin stepping
Note: Dynamic gmin stepping completed
Warning : IC on non-existent node - xx1.casc, ignored
   Please check line .ic v(fb)=1.0 v(sns1)=0.6 v(sns2)=0.6 v(vref)=1.2 v(ibias)=0.6 v(xx1.casc)=1.8

Note: Starting dynamic gmin stepping
Note: Dynamic gmin stepping completed
Warning : IC on non-existent node - xx1.casc, ignored
   Please check line .ic v(fb)=1.0 v(sns1)=0.6 v(sns2)=0.6 v(vref)=1.2 v(ibias)=0.6 v(xx1.casc)=1.8

Note: Starting dynamic gmin stepping
Note: Dynamic gmin stepping completed
Warning : IC on non-existent node - xx1.casc, ignored
   Please check line .ic v(fb)=1.0 v(sns1)=0.6 v(sns2)=0.6 v(vref)=1.2 v(ibias)=0.6 v(xx1.casc)=1.8

Note: Starting dynamic gmin stepping
Note: Dynamic gmin stepping completed
Warning : IC on non-existent node - xx1.casc, ignored
   Please check line .ic v(fb)=1.0 v(sns1)=0.6 v(sns2)=0.6 v(vref)=1.2 v(ibias)=0.6 v(xx1.casc)=1.8

Note: Starting dynamic gmin stepping
Note: Dynamic gmin stepping completed
Warning : IC on non-existent node - xx1.casc, ignored
   Please check line .ic v(fb)=1.0 v(sns1)=0.6 v(sns2)=0.6 v(vref)=1.2 v(ibias)=0.6 v(xx1.casc)=1.8

Note: Starting dynamic gmin stepping
Note: Dynamic gmin stepping completed
Warning : IC on non-existent node - xx1.casc, ignored
   Please check line .ic v(fb)=1.0 v(sns1)=0.6 v(sns2)=0.6 v(vref)=1.2 v(ibias)=0.6 v(xx1.casc)=1.8

Note: Starting dynamic gmin stepping
Note: Dynamic gmin stepping completed
Warning : IC on non-existent node - xx1.casc, ignored
   Please check line .ic v(fb)=1.0 v(sns1)=0.6 v(sns2)=0.6 v(vref)=1.2 v(ibias)=0.6 v(xx1.casc)=1.8

Note: Starting dynamic gmin stepping
Note: Dynamic gmin stepping completed
Warning : IC on non-existent node - xx1.casc, ignored
   Please check line .ic v(fb)=1.0 v(sns1)=0.6 v(sns2)=0.6 v(vref)=1.2 v(ibias)=0.6 v(xx1.casc)=1.8

Note: Starting dynamic gmin stepping
Note: Dynamic gmin stepping completed
Warning : IC on non-existent node - xx1.casc, ignored
   Please check line .ic v(fb)=1.0 v(sns1)=0.6 v(sns2)=0.6 v(vref)=1.2 v(ibias)=0.6 v(xx1.casc)=1.8

Note: Starting dynamic gmin stepping
Note: Dynamic gmin stepping completed
Warning : IC on non-existent node - xx1.casc, ignored
   Please check line .ic v(fb)=1.0 v(sns1)=0.6 v(sns2)=0.6 v(vref)=1.2 v(ibias)=0.6 v(xx1.casc)=1.8

Note: Starting dynamic gmin stepping
Note: Dynamic gmin stepping completed
Warning : IC on non-existent node - xx1.casc, ignored
   Please check line .ic v(fb)=1.0 v(sns1)=0.6 v(sns2)=0.6 v(vref)=1.2 v(ibias)=0.6 v(xx1.casc)=1.8

Note: Starting dynamic gmin stepping
Note: Dynamic gmin stepping completed
Warning : IC on non-existent node - xx1.casc, ignored
   Please check line .ic v(fb)=1.0 v(sns1)=0.6 v(sns2)=0.6 v(vref)=1.2 v(ibias)=0.6 v(xx1.casc)=1.8

Note: Starting dynamic gmin stepping
Note: Dynamic gmin stepping completed
Warning : IC on non-existent node - xx1.casc, ignored
   Please check line .ic v(fb)=1.0 v(sns1)=0.6 v(sns2)=0.6 v(vref)=1.2 v(ibias)=0.6 v(xx1.casc)=1.8

Note: Starting dynamic gmin stepping
Note: Dynamic gmin stepping completed
Warning : IC on non-existent node - xx1.casc, ignored
   Please check line .ic v(fb)=1.0 v(sns1)=0.6 v(sns2)=0.6 v(vref)=1.2 v(ibias)=0.6 v(xx1.casc)=1.8

Note: Starting dynamic gmin stepping
Note: Dynamic gmin stepping completed
Warning : IC on non-existent node - xx1.casc, ignored
   Please check line .ic v(fb)=1.0 v(sns1)=0.6 v(sns2)=0.6 v(vref)=1.2 v(ibias)=0.6 v(xx1.casc)=1.8

Note: Starting dynamic gmin stepping
Note: Dynamic gmin stepping completed
Warning : IC on non-existent node - xx1.casc, ignored
   Please check line .ic v(fb)=1.0 v(sns1)=0.6 v(sns2)=0.6 v(vref)=1.2 v(ibias)=0.6 v(xx1.casc)=1.8

Note: Starting dynamic gmin stepping
Note: Dynamic gmin stepping completed
Warning : IC on non-existent node - xx1.casc, ignored
   Please check line .ic v(fb)=1.0 v(sns1)=0.6 v(sns2)=0.6 v(vref)=1.2 v(ibias)=0.6 v(xx1.casc)=1.8

Note: Starting dynamic gmin stepping
Note: Dynamic gmin stepping completed
Warning : IC on non-existent node - xx1.casc, ignored
   Please check line .ic v(fb)=1.0 v(sns1)=0.6 v(sns2)=0.6 v(vref)=1.2 v(ibias)=0.6 v(xx1.casc)=1.8

Note: Starting dynamic gmin stepping
Note: Dynamic gmin stepping completed
Warning : IC on non-existent node - xx1.casc, ignored
   Please check line .ic v(fb)=1.0 v(sns1)=0.6 v(sns2)=0.6 v(vref)=1.2 v(ibias)=0.6 v(xx1.casc)=1.8

Note: Starting dynamic gmin stepping
Note: Dynamic gmin stepping completed
Warning : IC on non-existent node - xx1.casc, ignored
   Please check line .ic v(fb)=1.0 v(sns1)=0.6 v(sns2)=0.6 v(vref)=1.2 v(ibias)=0.6 v(xx1.casc)=1.8

Note: Starting dynamic gmin stepping
Note: Dynamic gmin stepping completed
Warning : IC on non-existent node - xx1.casc, ignored
   Please check line .ic v(fb)=1.0 v(sns1)=0.6 v(sns2)=0.6 v(vref)=1.2 v(ibias)=0.6 v(xx1.casc)=1.8

Note: Starting dynamic gmin stepping
Note: Dynamic gmin stepping completed
Warning : IC on non-existent node - xx1.casc, ignored
   Please check line .ic v(fb)=1.0 v(sns1)=0.6 v(sns2)=0.6 v(vref)=1.2 v(ibias)=0.6 v(xx1.casc)=1.8

Note: Starting dynamic gmin stepping
Note: Dynamic gmin stepping completed
Warning : IC on non-existent node - xx1.casc, ignored
   Please check line .ic v(fb)=1.0 v(sns1)=0.6 v(sns2)=0.6 v(vref)=1.2 v(ibias)=0.6 v(xx1.casc)=1.8

Note: Starting dynamic gmin stepping
Note: Dynamic gmin stepping completed
Warning : IC on non-existent node - xx1.casc, ignored
   Please check line .ic v(fb)=1.0 v(sns1)=0.6 v(sns2)=0.6 v(vref)=1.2 v(ibias)=0.6 v(xx1.casc)=1.8

Note: Starting dynamic gmin stepping
Note: Dynamic gmin stepping completed
Warning : IC on non-existent node - xx1.casc, ignored
   Please check line .ic v(fb)=1.0 v(sns1)=0.6 v(sns2)=0.6 v(vref)=1.2 v(ibias)=0.6 v(xx1.casc)=1.8

Note: Starting dynamic gmin stepping
Note: Dynamic gmin stepping completed
Warning : IC on non-existent node - xx1.casc, ignored
   Please check line .ic v(fb)=1.0 v(sns1)=0.6 v(sns2)=0.6 v(vref)=1.2 v(ibias)=0.6 v(xx1.casc)=1.8

Note: Starting dynamic gmin stepping
Note: Dynamic gmin stepping completed
Warning : IC on non-existent node - xx1.casc, ignored
   Please check line .ic v(fb)=1.0 v(sns1)=0.6 v(sns2)=0.6 v(vref)=1.2 v(ibias)=0.6 v(xx1.casc)=1.8

Note: Starting dynamic gmin stepping
Note: Dynamic gmin stepping completed
Warning : IC on non-existent node - xx1.casc, ignored
   Please check line .ic v(fb)=1.0 v(sns1)=0.6 v(sns2)=0.6 v(vref)=1.2 v(ibias)=0.6 v(xx1.casc)=1.8

Note: Starting dynamic gmin stepping
Note: Dynamic gmin stepping completed
Warning : IC on non-existent node - xx1.casc, ignored
   Please check line .ic v(fb)=1.0 v(sns1)=0.6 v(sns2)=0.6 v(vref)=1.2 v(ibias)=0.6 v(xx1.casc)=1.8

Note: Starting dynamic gmin stepping
Note: Dynamic gmin stepping completed
Warning : IC on non-existent node - xx1.casc, ignored
   Please check line .ic v(fb)=1.0 v(sns1)=0.6 v(sns2)=0.6 v(vref)=1.2 v(ibias)=0.6 v(xx1.casc)=1.8

Note: Starting dynamic gmin stepping
Note: Dynamic gmin stepping completed
Warning : IC on non-existent node - xx1.casc, ignored
   Please check line .ic v(fb)=1.0 v(sns1)=0.6 v(sns2)=0.6 v(vref)=1.2 v(ibias)=0.6 v(xx1.casc)=1.8

Note: Starting dynamic gmin stepping
Note: Dynamic gmin stepping completed
Warning : IC on non-existent node - xx1.casc, ignored
   Please check line .ic v(fb)=1.0 v(sns1)=0.6 v(sns2)=0.6 v(vref)=1.2 v(ibias)=0.6 v(xx1.casc)=1.8

Note: Starting dynamic gmin stepping
Note: Dynamic gmin stepping completed
Warning : IC on non-existent node - xx1.casc, ignored
   Please check line .ic v(fb)=1.0 v(sns1)=0.6 v(sns2)=0.6 v(vref)=1.2 v(ibias)=0.6 v(xx1.casc)=1.8

Note: Starting dynamic gmin stepping
Note: Dynamic gmin stepping completed
Warning : IC on non-existent node - xx1.casc, ignored
   Please check line .ic v(fb)=1.0 v(sns1)=0.6 v(sns2)=0.6 v(vref)=1.2 v(ibias)=0.6 v(xx1.casc)=1.8

Note: Starting dynamic gmin stepping
Note: Dynamic gmin stepping completed
Warning : IC on non-existent node - xx1.casc, ignored
   Please check line .ic v(fb)=1.0 v(sns1)=0.6 v(sns2)=0.6 v(vref)=1.2 v(ibias)=0.6 v(xx1.casc)=1.8

Note: Starting dynamic gmin stepping
Note: Dynamic gmin stepping completed
Warning : IC on non-existent node - xx1.casc, ignored
   Please check line .ic v(fb)=1.0 v(sns1)=0.6 v(sns2)=0.6 v(vref)=1.2 v(ibias)=0.6 v(xx1.casc)=1.8

Note: Starting dynamic gmin stepping
Note: Dynamic gmin stepping completed
Warning : IC on non-existent node - xx1.casc, ignored
   Please check line .ic v(fb)=1.0 v(sns1)=0.6 v(sns2)=0.6 v(vref)=1.2 v(ibias)=0.6 v(xx1.casc)=1.8

Note: Starting dynamic gmin stepping
Note: Dynamic gmin stepping completed
Warning : IC on non-existent node - xx1.casc, ignored
   Please check line .ic v(fb)=1.0 v(sns1)=0.6 v(sns2)=0.6 v(vref)=1.2 v(ibias)=0.6 v(xx1.casc)=1.8

Note: Starting dynamic gmin stepping
Note: Dynamic gmin stepping completed
Warning : IC on non-existent node - xx1.casc, ignored
   Please check line .ic v(fb)=1.0 v(sns1)=0.6 v(sns2)=0.6 v(vref)=1.2 v(ibias)=0.6 v(xx1.casc)=1.8

Note: Starting dynamic gmin stepping
Note: Dynamic gmin stepping completed
Warning : IC on non-existent node - xx1.casc, ignored
   Please check line .ic v(fb)=1.0 v(sns1)=0.6 v(sns2)=0.6 v(vref)=1.2 v(ibias)=0.6 v(xx1.casc)=1.8

Note: Starting dynamic gmin stepping
Note: Dynamic gmin stepping completed
Warning : IC on non-existent node - xx1.casc, ignored
   Please check line .ic v(fb)=1.0 v(sns1)=0.6 v(sns2)=0.6 v(vref)=1.2 v(ibias)=0.6 v(xx1.casc)=1.8

Note: Starting dynamic gmin stepping
Note: Dynamic gmin stepping completed
Warning : IC on non-existent node - xx1.casc, ignored
   Please check line .ic v(fb)=1.0 v(sns1)=0.6 v(sns2)=0.6 v(vref)=1.2 v(ibias)=0.6 v(xx1.casc)=1.8

Note: Starting dynamic gmin stepping
Note: Dynamic gmin stepping completed
Warning : IC on non-existent node - xx1.casc, ignored
   Please check line .ic v(fb)=1.0 v(sns1)=0.6 v(sns2)=0.6 v(vref)=1.2 v(ibias)=0.6 v(xx1.casc)=1.8

Note: Starting dynamic gmin stepping
Note: Dynamic gmin stepping completed
Warning : IC on non-existent node - xx1.casc, ignored
   Please check line .ic v(fb)=1.0 v(sns1)=0.6 v(sns2)=0.6 v(vref)=1.2 v(ibias)=0.6 v(xx1.casc)=1.8

Note: Starting dynamic gmin stepping
Note: Dynamic gmin stepping completed
Warning : IC on non-existent node - xx1.casc, ignored
   Please check line .ic v(fb)=1.0 v(sns1)=0.6 v(sns2)=0.6 v(vref)=1.2 v(ibias)=0.6 v(xx1.casc)=1.8

Note: Starting dynamic gmin stepping
Note: Dynamic gmin stepping completed
Warning : IC on non-existent node - xx1.casc, ignored
   Please check line .ic v(fb)=1.0 v(sns1)=0.6 v(sns2)=0.6 v(vref)=1.2 v(ibias)=0.6 v(xx1.casc)=1.8

Note: Starting dynamic gmin stepping
Note: Dynamic gmin stepping completed
Warning : IC on non-existent node - xx1.casc, ignored
   Please check line .ic v(fb)=1.0 v(sns1)=0.6 v(sns2)=0.6 v(vref)=1.2 v(ibias)=0.6 v(xx1.casc)=1.8

Note: Starting dynamic gmin stepping
Note: Dynamic gmin stepping completed
Warning : IC on non-existent node - xx1.casc, ignored
   Please check line .ic v(fb)=1.0 v(sns1)=0.6 v(sns2)=0.6 v(vref)=1.2 v(ibias)=0.6 v(xx1.casc)=1.8

Note: Starting dynamic gmin stepping
Note: Dynamic gmin stepping completed
Warning : IC on non-existent node - xx1.casc, ignored
   Please check line .ic v(fb)=1.0 v(sns1)=0.6 v(sns2)=0.6 v(vref)=1.2 v(ibias)=0.6 v(xx1.casc)=1.8

Note: Starting dynamic gmin stepping
Note: Dynamic gmin stepping completed
Warning : IC on non-existent node - xx1.casc, ignored
   Please check line .ic v(fb)=1.0 v(sns1)=0.6 v(sns2)=0.6 v(vref)=1.2 v(ibias)=0.6 v(xx1.casc)=1.8

Note: Starting dynamic gmin stepping
Note: Dynamic gmin stepping completed
