* ====================================================================
* record-id  : 20260803-090012-ba091ea
* testbench  : tb_mc_untrimmed.spice
* group      : mm_all (all contributors -- claim-supporting run)
* temp       : 27 C
* supply     : 3.30v (fixed nominal -- mismatch claim, no supply sweep)
* sw_stat_mismatch : 1
* dut variant : mm
* pdk        : gf180mcuD (/home/ubuntu/.volare)
* ngspice    : ngspice-46
* run (UTC)  : 2026-08-03T09:00:12Z
* ====================================================================

Note: No compatibility mode selected!


Circuit: * tb_mc_untrimmed.spice -- issue #13 monte carlo mismatch analysis for the

Reset re-loads circuit * tb_mc_untrimmed.spice -- issue #13 monte carlo mismatch analysis for the

Circuit: * tb_mc_untrimmed.spice -- issue #13 monte carlo mismatch analysis for the

Doing analysis at TEMP = 27.000000 and TNOM = 27.000000

Using SPARSE 1.3 as Direct Linear Solver
 Reference value :  0.00000e+00
No. of Data Rows : 1
vref_val = 1.194585e+00
ibias_val = 7.114064e-01
isup_val = 2.082462e-05
Reset re-loads circuit * tb_mc_untrimmed.spice -- issue #13 monte carlo mismatch analysis for the

Circuit: * tb_mc_untrimmed.spice -- issue #13 monte carlo mismatch analysis for the

Doing analysis at TEMP = 27.000000 and TNOM = 27.000000

Using SPARSE 1.3 as Direct Linear Solver
 Reference value :  0.00000e+00
No. of Data Rows : 1
vref_val = 1.193290e+00
ibias_val = 7.093542e-01
isup_val = 2.078742e-05
Reset re-loads circuit * tb_mc_untrimmed.spice -- issue #13 monte carlo mismatch analysis for the

Circuit: * tb_mc_untrimmed.spice -- issue #13 monte carlo mismatch analysis for the

Doing analysis at TEMP = 27.000000 and TNOM = 27.000000

Using SPARSE 1.3 as Direct Linear Solver
 Reference value :  0.00000e+00
No. of Data Rows : 1
vref_val = 1.192788e+00
ibias_val = 7.062045e-01
isup_val = 2.049221e-05
Reset re-loads circuit * tb_mc_untrimmed.spice -- issue #13 monte carlo mismatch analysis for the

Circuit: * tb_mc_untrimmed.spice -- issue #13 monte carlo mismatch analysis for the

Doing analysis at TEMP = 27.000000 and TNOM = 27.000000

Using SPARSE 1.3 as Direct Linear Solver
 Reference value :  0.00000e+00
No. of Data Rows : 1
vref_val = 1.198284e+00
ibias_val = 7.061112e-01
isup_val = 2.082974e-05
Reset re-loads circuit * tb_mc_untrimmed.spice -- issue #13 monte carlo mismatch analysis for the

Circuit: * tb_mc_untrimmed.spice -- issue #13 monte carlo mismatch analysis for the

Doing analysis at TEMP = 27.000000 and TNOM = 27.000000

Using SPARSE 1.3 as Direct Linear Solver
 Reference value :  0.00000e+00
No. of Data Rows : 1
vref_val = 1.197486e+00
ibias_val = 7.110550e-01
isup_val = 2.095878e-05
Reset re-loads circuit * tb_mc_untrimmed.spice -- issue #13 monte carlo mismatch analysis for the

Circuit: * tb_mc_untrimmed.spice -- issue #13 monte carlo mismatch analysis for the

Doing analysis at TEMP = 27.000000 and TNOM = 27.000000

Using SPARSE 1.3 as Direct Linear Solver
 Reference value :  0.00000e+00
No. of Data Rows : 1
vref_val = 1.198679e+00
ibias_val = 7.061785e-01
isup_val = 2.072151e-05
Reset re-loads circuit * tb_mc_untrimmed.spice -- issue #13 monte carlo mismatch analysis for the

Circuit: * tb_mc_untrimmed.spice -- issue #13 monte carlo mismatch analysis for the

Doing analysis at TEMP = 27.000000 and TNOM = 27.000000

Using SPARSE 1.3 as Direct Linear Solver
 Reference value :  0.00000e+00
No. of Data Rows : 1
vref_val = 1.188576e+00
ibias_val = 7.069104e-01
isup_val = 2.049070e-05
Reset re-loads circuit * tb_mc_untrimmed.spice -- issue #13 monte carlo mismatch analysis for the

Circuit: * tb_mc_untrimmed.spice -- issue #13 monte carlo mismatch analysis for the

Doing analysis at TEMP = 27.000000 and TNOM = 27.000000

Using SPARSE 1.3 as Direct Linear Solver
 Reference value :  0.00000e+00
No. of Data Rows : 1
vref_val = 1.191263e+00
ibias_val = 7.082924e-01
isup_val = 2.062224e-05
Reset re-loads circuit * tb_mc_untrimmed.spice -- issue #13 monte carlo mismatch analysis for the

Circuit: * tb_mc_untrimmed.spice -- issue #13 monte carlo mismatch analysis for the

Doing analysis at TEMP = 27.000000 and TNOM = 27.000000

Using SPARSE 1.3 as Direct Linear Solver
 Reference value :  0.00000e+00
No. of Data Rows : 1
vref_val = 1.199160e+00
ibias_val = 7.069096e-01
isup_val = 2.078880e-05
Reset re-loads circuit * tb_mc_untrimmed.spice -- issue #13 monte carlo mismatch analysis for the

Circuit: * tb_mc_untrimmed.spice -- issue #13 monte carlo mismatch analysis for the

Doing analysis at TEMP = 27.000000 and TNOM = 27.000000

Using SPARSE 1.3 as Direct Linear Solver
 Reference value :  0.00000e+00
No. of Data Rows : 1
vref_val = 1.192586e+00
ibias_val = 7.049090e-01
isup_val = 2.052835e-05
Reset re-loads circuit * tb_mc_untrimmed.spice -- issue #13 monte carlo mismatch analysis for the

Circuit: * tb_mc_untrimmed.spice -- issue #13 monte carlo mismatch analysis for the

Doing analysis at TEMP = 27.000000 and TNOM = 27.000000

Using SPARSE 1.3 as Direct Linear Solver
 Reference value :  0.00000e+00
No. of Data Rows : 1
vref_val = 1.191656e+00
ibias_val = 7.087048e-01
isup_val = 2.063554e-05
Reset re-loads circuit * tb_mc_untrimmed.spice -- issue #13 monte carlo mismatch analysis for the

Circuit: * tb_mc_untrimmed.spice -- issue #13 monte carlo mismatch analysis for the

Doing analysis at TEMP = 27.000000 and TNOM = 27.000000

Using SPARSE 1.3 as Direct Linear Solver
 Reference value :  0.00000e+00
No. of Data Rows : 1
vref_val = 1.182439e+00
ibias_val = 7.103511e-01
isup_val = 2.047587e-05
Reset re-loads circuit * tb_mc_untrimmed.spice -- issue #13 monte carlo mismatch analysis for the

Circuit: * tb_mc_untrimmed.spice -- issue #13 monte carlo mismatch analysis for the

Doing analysis at TEMP = 27.000000 and TNOM = 27.000000

Using SPARSE 1.3 as Direct Linear Solver
 Reference value :  0.00000e+00
No. of Data Rows : 1
vref_val = 1.199960e+00
ibias_val = 7.098907e-01
isup_val = 2.093953e-05
Reset re-loads circuit * tb_mc_untrimmed.spice -- issue #13 monte carlo mismatch analysis for the

Circuit: * tb_mc_untrimmed.spice -- issue #13 monte carlo mismatch analysis for the

Doing analysis at TEMP = 27.000000 and TNOM = 27.000000

Using SPARSE 1.3 as Direct Linear Solver
 Reference value :  0.00000e+00
No. of Data Rows : 1
vref_val = 1.199258e+00
ibias_val = 7.079429e-01
isup_val = 2.088739e-05
Reset re-loads circuit * tb_mc_untrimmed.spice -- issue #13 monte carlo mismatch analysis for the

Circuit: * tb_mc_untrimmed.spice -- issue #13 monte carlo mismatch analysis for the

Doing analysis at TEMP = 27.000000 and TNOM = 27.000000

Using SPARSE 1.3 as Direct Linear Solver
 Reference value :  0.00000e+00
No. of Data Rows : 1
vref_val = 1.192975e+00
ibias_val = 7.085674e-01
isup_val = 2.064903e-05
Reset re-loads circuit * tb_mc_untrimmed.spice -- issue #13 monte carlo mismatch analysis for the

Circuit: * tb_mc_untrimmed.spice -- issue #13 monte carlo mismatch analysis for the

Doing analysis at TEMP = 27.000000 and TNOM = 27.000000

Using SPARSE 1.3 as Direct Linear Solver
 Reference value :  0.00000e+00
No. of Data Rows : 1
vref_val = 1.193330e+00
ibias_val = 7.108985e-01
isup_val = 2.081842e-05
Reset re-loads circuit * tb_mc_untrimmed.spice -- issue #13 monte carlo mismatch analysis for the

Circuit: * tb_mc_untrimmed.spice -- issue #13 monte carlo mismatch analysis for the

Doing analysis at TEMP = 27.000000 and TNOM = 27.000000

Using SPARSE 1.3 as Direct Linear Solver
 Reference value :  0.00000e+00
No. of Data Rows : 1
vref_val = 1.195954e+00
ibias_val = 7.110566e-01
isup_val = 2.084554e-05
Reset re-loads circuit * tb_mc_untrimmed.spice -- issue #13 monte carlo mismatch analysis for the

Circuit: * tb_mc_untrimmed.spice -- issue #13 monte carlo mismatch analysis for the

Doing analysis at TEMP = 27.000000 and TNOM = 27.000000

Using SPARSE 1.3 as Direct Linear Solver
 Reference value :  0.00000e+00
No. of Data Rows : 1
vref_val = 1.186466e+00
ibias_val = 7.104249e-01
isup_val = 2.063724e-05
Reset re-loads circuit * tb_mc_untrimmed.spice -- issue #13 monte carlo mismatch analysis for the

Circuit: * tb_mc_untrimmed.spice -- issue #13 monte carlo mismatch analysis for the

Doing analysis at TEMP = 27.000000 and TNOM = 27.000000

Using SPARSE 1.3 as Direct Linear Solver
 Reference value :  0.00000e+00
No. of Data Rows : 1
vref_val = 1.195329e+00
ibias_val = 7.116856e-01
isup_val = 2.092582e-05
Reset re-loads circuit * tb_mc_untrimmed.spice -- issue #13 monte carlo mismatch analysis for the

Circuit: * tb_mc_untrimmed.spice -- issue #13 monte carlo mismatch analysis for the

Doing analysis at TEMP = 27.000000 and TNOM = 27.000000

Using SPARSE 1.3 as Direct Linear Solver
 Reference value :  0.00000e+00
No. of Data Rows : 1
vref_val = 1.187202e+00
ibias_val = 7.053562e-01
isup_val = 2.043172e-05
Reset re-loads circuit * tb_mc_untrimmed.spice -- issue #13 monte carlo mismatch analysis for the

Circuit: * tb_mc_untrimmed.spice -- issue #13 monte carlo mismatch analysis for the

Doing analysis at TEMP = 27.000000 and TNOM = 27.000000

Using SPARSE 1.3 as Direct Linear Solver
 Reference value :  0.00000e+00
No. of Data Rows : 1
vref_val = 1.191304e+00
ibias_val = 7.080442e-01
isup_val = 2.056083e-05
Reset re-loads circuit * tb_mc_untrimmed.spice -- issue #13 monte carlo mismatch analysis for the

Circuit: * tb_mc_untrimmed.spice -- issue #13 monte carlo mismatch analysis for the

Doing analysis at TEMP = 27.000000 and TNOM = 27.000000

Using SPARSE 1.3 as Direct Linear Solver
 Reference value :  0.00000e+00
No. of Data Rows : 1
vref_val = 1.192680e+00
ibias_val = 7.114033e-01
isup_val = 2.075717e-05
Reset re-loads circuit * tb_mc_untrimmed.spice -- issue #13 monte carlo mismatch analysis for the

Circuit: * tb_mc_untrimmed.spice -- issue #13 monte carlo mismatch analysis for the

Doing analysis at TEMP = 27.000000 and TNOM = 27.000000

Using SPARSE 1.3 as Direct Linear Solver
 Reference value :  0.00000e+00
No. of Data Rows : 1
vref_val = 1.187081e+00
ibias_val = 7.077574e-01
isup_val = 2.040302e-05
Reset re-loads circuit * tb_mc_untrimmed.spice -- issue #13 monte carlo mismatch analysis for the

Circuit: * tb_mc_untrimmed.spice -- issue #13 monte carlo mismatch analysis for the

Doing analysis at TEMP = 27.000000 and TNOM = 27.000000

Using SPARSE 1.3 as Direct Linear Solver
 Reference value :  0.00000e+00
No. of Data Rows : 1
vref_val = 1.203080e+00
ibias_val = 7.078795e-01
isup_val = 2.092570e-05
Reset re-loads circuit * tb_mc_untrimmed.spice -- issue #13 monte carlo mismatch analysis for the

Circuit: * tb_mc_untrimmed.spice -- issue #13 monte carlo mismatch analysis for the

Doing analysis at TEMP = 27.000000 and TNOM = 27.000000

Using SPARSE 1.3 as Direct Linear Solver
 Reference value :  0.00000e+00
No. of Data Rows : 1
vref_val = 1.185103e+00
ibias_val = 7.123767e-01
isup_val = 2.061887e-05
Reset re-loads circuit * tb_mc_untrimmed.spice -- issue #13 monte carlo mismatch analysis for the

Circuit: * tb_mc_untrimmed.spice -- issue #13 monte carlo mismatch analysis for the

Doing analysis at TEMP = 27.000000 and TNOM = 27.000000

Using SPARSE 1.3 as Direct Linear Solver
 Reference value :  0.00000e+00
No. of Data Rows : 1
vref_val = 1.195241e+00
ibias_val = 7.080566e-01
isup_val = 2.069919e-05
Reset re-loads circuit * tb_mc_untrimmed.spice -- issue #13 monte carlo mismatch analysis for the

Circuit: * tb_mc_untrimmed.spice -- issue #13 monte carlo mismatch analysis for the

Doing analysis at TEMP = 27.000000 and TNOM = 27.000000

Using SPARSE 1.3 as Direct Linear Solver
 Reference value :  0.00000e+00
No. of Data Rows : 1
vref_val = 1.201067e+00
ibias_val = 7.106146e-01
isup_val = 2.103472e-05
Reset re-loads circuit * tb_mc_untrimmed.spice -- issue #13 monte carlo mismatch analysis for the

Circuit: * tb_mc_untrimmed.spice -- issue #13 monte carlo mismatch analysis for the

Doing analysis at TEMP = 27.000000 and TNOM = 27.000000

Using SPARSE 1.3 as Direct Linear Solver
 Reference value :  0.00000e+00
No. of Data Rows : 1
vref_val = 1.185131e+00
ibias_val = 7.082918e-01
isup_val = 2.047021e-05
Reset re-loads circuit * tb_mc_untrimmed.spice -- issue #13 monte carlo mismatch analysis for the

Circuit: * tb_mc_untrimmed.spice -- issue #13 monte carlo mismatch analysis for the

Doing analysis at TEMP = 27.000000 and TNOM = 27.000000

Using SPARSE 1.3 as Direct Linear Solver
 Reference value :  0.00000e+00
No. of Data Rows : 1
vref_val = 1.200695e+00
ibias_val = 7.098682e-01
isup_val = 2.097982e-05
Reset re-loads circuit * tb_mc_untrimmed.spice -- issue #13 monte carlo mismatch analysis for the

Circuit: * tb_mc_untrimmed.spice -- issue #13 monte carlo mismatch analysis for the

Doing analysis at TEMP = 27.000000 and TNOM = 27.000000

Using SPARSE 1.3 as Direct Linear Solver
 Reference value :  0.00000e+00
No. of Data Rows : 1
vref_val = 1.195619e+00
ibias_val = 7.077977e-01
isup_val = 2.076729e-05
Reset re-loads circuit * tb_mc_untrimmed.spice -- issue #13 monte carlo mismatch analysis for the

Circuit: * tb_mc_untrimmed.spice -- issue #13 monte carlo mismatch analysis for the

Doing analysis at TEMP = 27.000000 and TNOM = 27.000000

Using SPARSE 1.3 as Direct Linear Solver
 Reference value :  0.00000e+00
No. of Data Rows : 1
vref_val = 1.183995e+00
ibias_val = 7.079070e-01
isup_val = 2.040287e-05
Reset re-loads circuit * tb_mc_untrimmed.spice -- issue #13 monte carlo mismatch analysis for the

Circuit: * tb_mc_untrimmed.spice -- issue #13 monte carlo mismatch analysis for the

Doing analysis at TEMP = 27.000000 and TNOM = 27.000000

Using SPARSE 1.3 as Direct Linear Solver
 Reference value :  0.00000e+00
No. of Data Rows : 1
vref_val = 1.199287e+00
ibias_val = 7.119140e-01
isup_val = 2.100069e-05
Reset re-loads circuit * tb_mc_untrimmed.spice -- issue #13 monte carlo mismatch analysis for the

Circuit: * tb_mc_untrimmed.spice -- issue #13 monte carlo mismatch analysis for the

Doing analysis at TEMP = 27.000000 and TNOM = 27.000000

Using SPARSE 1.3 as Direct Linear Solver
 Reference value :  0.00000e+00
No. of Data Rows : 1
vref_val = 1.193926e+00
ibias_val = 7.110229e-01
isup_val = 2.088145e-05
Reset re-loads circuit * tb_mc_untrimmed.spice -- issue #13 monte carlo mismatch analysis for the

Circuit: * tb_mc_untrimmed.spice -- issue #13 monte carlo mismatch analysis for the

Doing analysis at TEMP = 27.000000 and TNOM = 27.000000

Using SPARSE 1.3 as Direct Linear Solver
 Reference value :  0.00000e+00
No. of Data Rows : 1
vref_val = 1.187358e+00
ibias_val = 7.144049e-01
isup_val = 2.082051e-05
Reset re-loads circuit * tb_mc_untrimmed.spice -- issue #13 monte carlo mismatch analysis for the

Circuit: * tb_mc_untrimmed.spice -- issue #13 monte carlo mismatch analysis for the

Doing analysis at TEMP = 27.000000 and TNOM = 27.000000

Using SPARSE 1.3 as Direct Linear Solver
 Reference value :  0.00000e+00
No. of Data Rows : 1
vref_val = 1.193789e+00
ibias_val = 7.101134e-01
isup_val = 2.076212e-05
Reset re-loads circuit * tb_mc_untrimmed.spice -- issue #13 monte carlo mismatch analysis for the

Circuit: * tb_mc_untrimmed.spice -- issue #13 monte carlo mismatch analysis for the

Doing analysis at TEMP = 27.000000 and TNOM = 27.000000

Using SPARSE 1.3 as Direct Linear Solver
 Reference value :  0.00000e+00
No. of Data Rows : 1
vref_val = 1.193703e+00
ibias_val = 7.066893e-01
isup_val = 2.070067e-05
Reset re-loads circuit * tb_mc_untrimmed.spice -- issue #13 monte carlo mismatch analysis for the

Circuit: * tb_mc_untrimmed.spice -- issue #13 monte carlo mismatch analysis for the

Doing analysis at TEMP = 27.000000 and TNOM = 27.000000

Using SPARSE 1.3 as Direct Linear Solver
 Reference value :  0.00000e+00
No. of Data Rows : 1
vref_val = 1.189387e+00
ibias_val = 7.076626e-01
isup_val = 2.062436e-05
Reset re-loads circuit * tb_mc_untrimmed.spice -- issue #13 monte carlo mismatch analysis for the

Circuit: * tb_mc_untrimmed.spice -- issue #13 monte carlo mismatch analysis for the

Doing analysis at TEMP = 27.000000 and TNOM = 27.000000

Using SPARSE 1.3 as Direct Linear Solver
 Reference value :  0.00000e+00
No. of Data Rows : 1
vref_val = 1.189024e+00
ibias_val = 7.081774e-01
isup_val = 2.058171e-05
Reset re-loads circuit * tb_mc_untrimmed.spice -- issue #13 monte carlo mismatch analysis for the

Circuit: * tb_mc_untrimmed.spice -- issue #13 monte carlo mismatch analysis for the

Doing analysis at TEMP = 27.000000 and TNOM = 27.000000

Using SPARSE 1.3 as Direct Linear Solver
 Reference value :  0.00000e+00
No. of Data Rows : 1
vref_val = 1.195998e+00
ibias_val = 7.061572e-01
isup_val = 2.074556e-05
Reset re-loads circuit * tb_mc_untrimmed.spice -- issue #13 monte carlo mismatch analysis for the

Circuit: * tb_mc_untrimmed.spice -- issue #13 monte carlo mismatch analysis for the

Doing analysis at TEMP = 27.000000 and TNOM = 27.000000

Using SPARSE 1.3 as Direct Linear Solver
 Reference value :  0.00000e+00
No. of Data Rows : 1
vref_val = 1.193714e+00
ibias_val = 7.077270e-01
isup_val = 2.062796e-05
Reset re-loads circuit * tb_mc_untrimmed.spice -- issue #13 monte carlo mismatch analysis for the

Circuit: * tb_mc_untrimmed.spice -- issue #13 monte carlo mismatch analysis for the

Doing analysis at TEMP = 27.000000 and TNOM = 27.000000

Using SPARSE 1.3 as Direct Linear Solver
 Reference value :  0.00000e+00
No. of Data Rows : 1
vref_val = 1.200157e+00
ibias_val = 7.120988e-01
isup_val = 2.110266e-05
Reset re-loads circuit * tb_mc_untrimmed.spice -- issue #13 monte carlo mismatch analysis for the

Circuit: * tb_mc_untrimmed.spice -- issue #13 monte carlo mismatch analysis for the

Doing analysis at TEMP = 27.000000 and TNOM = 27.000000

Using SPARSE 1.3 as Direct Linear Solver
 Reference value :  0.00000e+00
No. of Data Rows : 1
vref_val = 1.205012e+00
ibias_val = 7.093389e-01
isup_val = 2.109627e-05
Reset re-loads circuit * tb_mc_untrimmed.spice -- issue #13 monte carlo mismatch analysis for the

Circuit: * tb_mc_untrimmed.spice -- issue #13 monte carlo mismatch analysis for the

Doing analysis at TEMP = 27.000000 and TNOM = 27.000000

Using SPARSE 1.3 as Direct Linear Solver
 Reference value :  0.00000e+00
No. of Data Rows : 1
vref_val = 1.188380e+00
ibias_val = 7.084045e-01
isup_val = 2.053032e-05
Reset re-loads circuit * tb_mc_untrimmed.spice -- issue #13 monte carlo mismatch analysis for the

Circuit: * tb_mc_untrimmed.spice -- issue #13 monte carlo mismatch analysis for the

Doing analysis at TEMP = 27.000000 and TNOM = 27.000000

Using SPARSE 1.3 as Direct Linear Solver
 Reference value :  0.00000e+00
No. of Data Rows : 1
vref_val = 1.191130e+00
ibias_val = 7.098558e-01
isup_val = 2.069673e-05
Reset re-loads circuit * tb_mc_untrimmed.spice -- issue #13 monte carlo mismatch analysis for the

Circuit: * tb_mc_untrimmed.spice -- issue #13 monte carlo mismatch analysis for the

Doing analysis at TEMP = 27.000000 and TNOM = 27.000000

Using SPARSE 1.3 as Direct Linear Solver
 Reference value :  0.00000e+00
No. of Data Rows : 1
vref_val = 1.190840e+00
ibias_val = 7.080155e-01
isup_val = 2.056803e-05
Reset re-loads circuit * tb_mc_untrimmed.spice -- issue #13 monte carlo mismatch analysis for the

Circuit: * tb_mc_untrimmed.spice -- issue #13 monte carlo mismatch analysis for the

Doing analysis at TEMP = 27.000000 and TNOM = 27.000000

Using SPARSE 1.3 as Direct Linear Solver
 Reference value :  0.00000e+00
No. of Data Rows : 1
vref_val = 1.193454e+00
ibias_val = 7.073281e-01
isup_val = 2.068549e-05
Reset re-loads circuit * tb_mc_untrimmed.spice -- issue #13 monte carlo mismatch analysis for the

Circuit: * tb_mc_untrimmed.spice -- issue #13 monte carlo mismatch analysis for the

Doing analysis at TEMP = 27.000000 and TNOM = 27.000000

Using SPARSE 1.3 as Direct Linear Solver
 Reference value :  0.00000e+00
No. of Data Rows : 1
vref_val = 1.195575e+00
ibias_val = 7.086111e-01
isup_val = 2.076574e-05
Reset re-loads circuit * tb_mc_untrimmed.spice -- issue #13 monte carlo mismatch analysis for the

Circuit: * tb_mc_untrimmed.spice -- issue #13 monte carlo mismatch analysis for the

Doing analysis at TEMP = 27.000000 and TNOM = 27.000000

Using SPARSE 1.3 as Direct Linear Solver
 Reference value :  0.00000e+00
No. of Data Rows : 1
vref_val = 1.199764e+00
ibias_val = 7.091697e-01
isup_val = 2.095464e-05
Reset re-loads circuit * tb_mc_untrimmed.spice -- issue #13 monte carlo mismatch analysis for the

Circuit: * tb_mc_untrimmed.spice -- issue #13 monte carlo mismatch analysis for the

Doing analysis at TEMP = 27.000000 and TNOM = 27.000000

Using SPARSE 1.3 as Direct Linear Solver
 Reference value :  0.00000e+00
No. of Data Rows : 1
vref_val = 1.188865e+00
ibias_val = 7.091484e-01
isup_val = 2.062162e-05
Reset re-loads circuit * tb_mc_untrimmed.spice -- issue #13 monte carlo mismatch analysis for the

Circuit: * tb_mc_untrimmed.spice -- issue #13 monte carlo mismatch analysis for the

Doing analysis at TEMP = 27.000000 and TNOM = 27.000000

Using SPARSE 1.3 as Direct Linear Solver
 Reference value :  0.00000e+00
No. of Data Rows : 1
vref_val = 1.190574e+00
ibias_val = 7.114846e-01
isup_val = 2.077267e-05
Reset re-loads circuit * tb_mc_untrimmed.spice -- issue #13 monte carlo mismatch analysis for the

Circuit: * tb_mc_untrimmed.spice -- issue #13 monte carlo mismatch analysis for the

Doing analysis at TEMP = 27.000000 and TNOM = 27.000000

Using SPARSE 1.3 as Direct Linear Solver
 Reference value :  0.00000e+00
No. of Data Rows : 1
vref_val = 1.185786e+00
ibias_val = 7.075880e-01
isup_val = 2.047285e-05
Reset re-loads circuit * tb_mc_untrimmed.spice -- issue #13 monte carlo mismatch analysis for the

Circuit: * tb_mc_untrimmed.spice -- issue #13 monte carlo mismatch analysis for the

Doing analysis at TEMP = 27.000000 and TNOM = 27.000000

Using SPARSE 1.3 as Direct Linear Solver
 Reference value :  0.00000e+00
No. of Data Rows : 1
vref_val = 1.190612e+00
ibias_val = 7.081162e-01
isup_val = 2.064566e-05
Reset re-loads circuit * tb_mc_untrimmed.spice -- issue #13 monte carlo mismatch analysis for the

Circuit: * tb_mc_untrimmed.spice -- issue #13 monte carlo mismatch analysis for the

Doing analysis at TEMP = 27.000000 and TNOM = 27.000000

Using SPARSE 1.3 as Direct Linear Solver
 Reference value :  0.00000e+00
No. of Data Rows : 1
vref_val = 1.193949e+00
ibias_val = 7.093038e-01
isup_val = 2.083442e-05
Reset re-loads circuit * tb_mc_untrimmed.spice -- issue #13 monte carlo mismatch analysis for the

Circuit: * tb_mc_untrimmed.spice -- issue #13 monte carlo mismatch analysis for the

Doing analysis at TEMP = 27.000000 and TNOM = 27.000000

Using SPARSE 1.3 as Direct Linear Solver
 Reference value :  0.00000e+00
No. of Data Rows : 1
vref_val = 1.194763e+00
ibias_val = 7.069449e-01
isup_val = 2.061268e-05
Reset re-loads circuit * tb_mc_untrimmed.spice -- issue #13 monte carlo mismatch analysis for the

Circuit: * tb_mc_untrimmed.spice -- issue #13 monte carlo mismatch analysis for the

Doing analysis at TEMP = 27.000000 and TNOM = 27.000000

Using SPARSE 1.3 as Direct Linear Solver
 Reference value :  0.00000e+00
No. of Data Rows : 1
vref_val = 1.204150e+00
ibias_val = 7.112426e-01
isup_val = 2.108467e-05
Reset re-loads circuit * tb_mc_untrimmed.spice -- issue #13 monte carlo mismatch analysis for the

Circuit: * tb_mc_untrimmed.spice -- issue #13 monte carlo mismatch analysis for the

Doing analysis at TEMP = 27.000000 and TNOM = 27.000000

Using SPARSE 1.3 as Direct Linear Solver
 Reference value :  0.00000e+00
No. of Data Rows : 1
vref_val = 1.193655e+00
ibias_val = 7.113487e-01
isup_val = 2.093210e-05
Reset re-loads circuit * tb_mc_untrimmed.spice -- issue #13 monte carlo mismatch analysis for the

Circuit: * tb_mc_untrimmed.spice -- issue #13 monte carlo mismatch analysis for the

Doing analysis at TEMP = 27.000000 and TNOM = 27.000000

Using SPARSE 1.3 as Direct Linear Solver
 Reference value :  0.00000e+00
No. of Data Rows : 1
vref_val = 1.185140e+00
ibias_val = 7.111071e-01
isup_val = 2.055387e-05
Reset re-loads circuit * tb_mc_untrimmed.spice -- issue #13 monte carlo mismatch analysis for the

Circuit: * tb_mc_untrimmed.spice -- issue #13 monte carlo mismatch analysis for the

Doing analysis at TEMP = 27.000000 and TNOM = 27.000000

Using SPARSE 1.3 as Direct Linear Solver
 Reference value :  0.00000e+00
No. of Data Rows : 1
vref_val = 1.186397e+00
ibias_val = 7.109628e-01
isup_val = 2.067572e-05
Reset re-loads circuit * tb_mc_untrimmed.spice -- issue #13 monte carlo mismatch analysis for the

Circuit: * tb_mc_untrimmed.spice -- issue #13 monte carlo mismatch analysis for the

Doing analysis at TEMP = 27.000000 and TNOM = 27.000000

Using SPARSE 1.3 as Direct Linear Solver
 Reference value :  0.00000e+00
No. of Data Rows : 1
vref_val = 1.186366e+00
ibias_val = 7.079123e-01
isup_val = 2.050134e-05
Reset re-loads circuit * tb_mc_untrimmed.spice -- issue #13 monte carlo mismatch analysis for the

Circuit: * tb_mc_untrimmed.spice -- issue #13 monte carlo mismatch analysis for the

Doing analysis at TEMP = 27.000000 and TNOM = 27.000000

Using SPARSE 1.3 as Direct Linear Solver
 Reference value :  0.00000e+00
No. of Data Rows : 1
vref_val = 1.190199e+00
ibias_val = 7.091698e-01
isup_val = 2.068702e-05
Reset re-loads circuit * tb_mc_untrimmed.spice -- issue #13 monte carlo mismatch analysis for the

Circuit: * tb_mc_untrimmed.spice -- issue #13 monte carlo mismatch analysis for the

Doing analysis at TEMP = 27.000000 and TNOM = 27.000000

Using SPARSE 1.3 as Direct Linear Solver
 Reference value :  0.00000e+00
No. of Data Rows : 1
vref_val = 1.197911e+00
ibias_val = 7.120368e-01
isup_val = 2.093997e-05
Reset re-loads circuit * tb_mc_untrimmed.spice -- issue #13 monte carlo mismatch analysis for the

Circuit: * tb_mc_untrimmed.spice -- issue #13 monte carlo mismatch analysis for the

Doing analysis at TEMP = 27.000000 and TNOM = 27.000000

Using SPARSE 1.3 as Direct Linear Solver
 Reference value :  0.00000e+00
No. of Data Rows : 1
vref_val = 1.202692e+00
ibias_val = 7.094125e-01
isup_val = 2.107206e-05
Reset re-loads circuit * tb_mc_untrimmed.spice -- issue #13 monte carlo mismatch analysis for the

Circuit: * tb_mc_untrimmed.spice -- issue #13 monte carlo mismatch analysis for the

Doing analysis at TEMP = 27.000000 and TNOM = 27.000000

Using SPARSE 1.3 as Direct Linear Solver
 Reference value :  0.00000e+00
No. of Data Rows : 1
vref_val = 1.191065e+00
ibias_val = 7.115941e-01
isup_val = 2.079302e-05
Reset re-loads circuit * tb_mc_untrimmed.spice -- issue #13 monte carlo mismatch analysis for the

Circuit: * tb_mc_untrimmed.spice -- issue #13 monte carlo mismatch analysis for the

Doing analysis at TEMP = 27.000000 and TNOM = 27.000000

Using SPARSE 1.3 as Direct Linear Solver
 Reference value :  0.00000e+00
No. of Data Rows : 1
vref_val = 1.195842e+00
ibias_val = 7.071573e-01
isup_val = 2.068843e-05
Reset re-loads circuit * tb_mc_untrimmed.spice -- issue #13 monte carlo mismatch analysis for the

Circuit: * tb_mc_untrimmed.spice -- issue #13 monte carlo mismatch analysis for the

Doing analysis at TEMP = 27.000000 and TNOM = 27.000000

Using SPARSE 1.3 as Direct Linear Solver
 Reference value :  0.00000e+00
No. of Data Rows : 1
vref_val = 1.184286e+00
ibias_val = 7.060985e-01
isup_val = 2.032284e-05
Reset re-loads circuit * tb_mc_untrimmed.spice -- issue #13 monte carlo mismatch analysis for the

Circuit: * tb_mc_untrimmed.spice -- issue #13 monte carlo mismatch analysis for the

Doing analysis at TEMP = 27.000000 and TNOM = 27.000000

Using SPARSE 1.3 as Direct Linear Solver
 Reference value :  0.00000e+00
No. of Data Rows : 1
vref_val = 1.183665e+00
ibias_val = 7.122500e-01
isup_val = 2.058737e-05
Reset re-loads circuit * tb_mc_untrimmed.spice -- issue #13 monte carlo mismatch analysis for the

Circuit: * tb_mc_untrimmed.spice -- issue #13 monte carlo mismatch analysis for the

Doing analysis at TEMP = 27.000000 and TNOM = 27.000000

Using SPARSE 1.3 as Direct Linear Solver
 Reference value :  0.00000e+00
No. of Data Rows : 1
vref_val = 1.187947e+00
ibias_val = 7.097112e-01
isup_val = 2.061111e-05
Reset re-loads circuit * tb_mc_untrimmed.spice -- issue #13 monte carlo mismatch analysis for the

Circuit: * tb_mc_untrimmed.spice -- issue #13 monte carlo mismatch analysis for the

Doing analysis at TEMP = 27.000000 and TNOM = 27.000000

Using SPARSE 1.3 as Direct Linear Solver
 Reference value :  0.00000e+00
No. of Data Rows : 1
vref_val = 1.191221e+00
ibias_val = 7.103089e-01
isup_val = 2.068495e-05
Reset re-loads circuit * tb_mc_untrimmed.spice -- issue #13 monte carlo mismatch analysis for the

Circuit: * tb_mc_untrimmed.spice -- issue #13 monte carlo mismatch analysis for the

Doing analysis at TEMP = 27.000000 and TNOM = 27.000000

Using SPARSE 1.3 as Direct Linear Solver
 Reference value :  0.00000e+00
No. of Data Rows : 1
vref_val = 1.195717e+00
ibias_val = 7.074534e-01
isup_val = 2.074059e-05
Reset re-loads circuit * tb_mc_untrimmed.spice -- issue #13 monte carlo mismatch analysis for the

Circuit: * tb_mc_untrimmed.spice -- issue #13 monte carlo mismatch analysis for the

Doing analysis at TEMP = 27.000000 and TNOM = 27.000000

Using SPARSE 1.3 as Direct Linear Solver
 Reference value :  0.00000e+00
No. of Data Rows : 1
vref_val = 1.194996e+00
ibias_val = 7.137906e-01
isup_val = 2.104000e-05
Reset re-loads circuit * tb_mc_untrimmed.spice -- issue #13 monte carlo mismatch analysis for the

Circuit: * tb_mc_untrimmed.spice -- issue #13 monte carlo mismatch analysis for the

Doing analysis at TEMP = 27.000000 and TNOM = 27.000000

Using SPARSE 1.3 as Direct Linear Solver
 Reference value :  0.00000e+00
No. of Data Rows : 1
vref_val = 1.190479e+00
ibias_val = 7.068806e-01
isup_val = 2.054722e-05
Reset re-loads circuit * tb_mc_untrimmed.spice -- issue #13 monte carlo mismatch analysis for the

Circuit: * tb_mc_untrimmed.spice -- issue #13 monte carlo mismatch analysis for the

Doing analysis at TEMP = 27.000000 and TNOM = 27.000000

Using SPARSE 1.3 as Direct Linear Solver
 Reference value :  0.00000e+00
No. of Data Rows : 1
vref_val = 1.193209e+00
ibias_val = 7.143680e-01
isup_val = 2.095508e-05
Reset re-loads circuit * tb_mc_untrimmed.spice -- issue #13 monte carlo mismatch analysis for the

Circuit: * tb_mc_untrimmed.spice -- issue #13 monte carlo mismatch analysis for the

Doing analysis at TEMP = 27.000000 and TNOM = 27.000000

Using SPARSE 1.3 as Direct Linear Solver
 Reference value :  0.00000e+00
No. of Data Rows : 1
vref_val = 1.195881e+00
ibias_val = 7.088705e-01
isup_val = 2.088794e-05
Reset re-loads circuit * tb_mc_untrimmed.spice -- issue #13 monte carlo mismatch analysis for the

Circuit: * tb_mc_untrimmed.spice -- issue #13 monte carlo mismatch analysis for the

Doing analysis at TEMP = 27.000000 and TNOM = 27.000000

Using SPARSE 1.3 as Direct Linear Solver
 Reference value :  0.00000e+00
No. of Data Rows : 1
vref_val = 1.193594e+00
ibias_val = 7.101977e-01
isup_val = 2.083544e-05
Reset re-loads circuit * tb_mc_untrimmed.spice -- issue #13 monte carlo mismatch analysis for the

Circuit: * tb_mc_untrimmed.spice -- issue #13 monte carlo mismatch analysis for the

Doing analysis at TEMP = 27.000000 and TNOM = 27.000000

Using SPARSE 1.3 as Direct Linear Solver
 Reference value :  0.00000e+00
No. of Data Rows : 1
vref_val = 1.186050e+00
ibias_val = 7.074365e-01
isup_val = 2.050408e-05
Reset re-loads circuit * tb_mc_untrimmed.spice -- issue #13 monte carlo mismatch analysis for the

Circuit: * tb_mc_untrimmed.spice -- issue #13 monte carlo mismatch analysis for the

Doing analysis at TEMP = 27.000000 and TNOM = 27.000000

Using SPARSE 1.3 as Direct Linear Solver
 Reference value :  0.00000e+00
No. of Data Rows : 1
vref_val = 1.199155e+00
ibias_val = 7.091858e-01
isup_val = 2.093028e-05
Reset re-loads circuit * tb_mc_untrimmed.spice -- issue #13 monte carlo mismatch analysis for the

Circuit: * tb_mc_untrimmed.spice -- issue #13 monte carlo mismatch analysis for the

Doing analysis at TEMP = 27.000000 and TNOM = 27.000000

Using SPARSE 1.3 as Direct Linear Solver
 Reference value :  0.00000e+00
No. of Data Rows : 1
vref_val = 1.197896e+00
ibias_val = 7.068267e-01
isup_val = 2.076111e-05
Reset re-loads circuit * tb_mc_untrimmed.spice -- issue #13 monte carlo mismatch analysis for the

Circuit: * tb_mc_untrimmed.spice -- issue #13 monte carlo mismatch analysis for the

Doing analysis at TEMP = 27.000000 and TNOM = 27.000000

Using SPARSE 1.3 as Direct Linear Solver
 Reference value :  0.00000e+00
No. of Data Rows : 1
vref_val = 1.198138e+00
ibias_val = 7.061124e-01
isup_val = 2.074936e-05
Reset re-loads circuit * tb_mc_untrimmed.spice -- issue #13 monte carlo mismatch analysis for the

Circuit: * tb_mc_untrimmed.spice -- issue #13 monte carlo mismatch analysis for the

Doing analysis at TEMP = 27.000000 and TNOM = 27.000000

Using SPARSE 1.3 as Direct Linear Solver
 Reference value :  0.00000e+00
No. of Data Rows : 1
vref_val = 1.184447e+00
ibias_val = 7.059909e-01
isup_val = 2.035354e-05
Reset re-loads circuit * tb_mc_untrimmed.spice -- issue #13 monte carlo mismatch analysis for the

Circuit: * tb_mc_untrimmed.spice -- issue #13 monte carlo mismatch analysis for the

Doing analysis at TEMP = 27.000000 and TNOM = 27.000000

Using SPARSE 1.3 as Direct Linear Solver
 Reference value :  0.00000e+00
No. of Data Rows : 1
vref_val = 1.195561e+00
ibias_val = 7.083746e-01
isup_val = 2.083597e-05
Reset re-loads circuit * tb_mc_untrimmed.spice -- issue #13 monte carlo mismatch analysis for the

Circuit: * tb_mc_untrimmed.spice -- issue #13 monte carlo mismatch analysis for the

Doing analysis at TEMP = 27.000000 and TNOM = 27.000000

Using SPARSE 1.3 as Direct Linear Solver
 Reference value :  0.00000e+00
No. of Data Rows : 1
vref_val = 1.187963e+00
ibias_val = 7.097407e-01
isup_val = 2.062863e-05
Reset re-loads circuit * tb_mc_untrimmed.spice -- issue #13 monte carlo mismatch analysis for the

Circuit: * tb_mc_untrimmed.spice -- issue #13 monte carlo mismatch analysis for the

Doing analysis at TEMP = 27.000000 and TNOM = 27.000000

Using SPARSE 1.3 as Direct Linear Solver
 Reference value :  0.00000e+00
No. of Data Rows : 1
vref_val = 1.183831e+00
ibias_val = 7.103009e-01
isup_val = 2.053775e-05
Reset re-loads circuit * tb_mc_untrimmed.spice -- issue #13 monte carlo mismatch analysis for the

Circuit: * tb_mc_untrimmed.spice -- issue #13 monte carlo mismatch analysis for the

Doing analysis at TEMP = 27.000000 and TNOM = 27.000000

Using SPARSE 1.3 as Direct Linear Solver
 Reference value :  0.00000e+00
No. of Data Rows : 1
vref_val = 1.191007e+00
ibias_val = 7.056436e-01
isup_val = 2.053649e-05
Reset re-loads circuit * tb_mc_untrimmed.spice -- issue #13 monte carlo mismatch analysis for the

Circuit: * tb_mc_untrimmed.spice -- issue #13 monte carlo mismatch analysis for the

Doing analysis at TEMP = 27.000000 and TNOM = 27.000000

Using SPARSE 1.3 as Direct Linear Solver
 Reference value :  0.00000e+00
No. of Data Rows : 1
vref_val = 1.196220e+00
ibias_val = 7.073987e-01
isup_val = 2.073900e-05
Reset re-loads circuit * tb_mc_untrimmed.spice -- issue #13 monte carlo mismatch analysis for the

Circuit: * tb_mc_untrimmed.spice -- issue #13 monte carlo mismatch analysis for the

Doing analysis at TEMP = 27.000000 and TNOM = 27.000000

Using SPARSE 1.3 as Direct Linear Solver
 Reference value :  0.00000e+00
No. of Data Rows : 1
vref_val = 1.187893e+00
ibias_val = 7.024013e-01
isup_val = 2.021216e-05
Reset re-loads circuit * tb_mc_untrimmed.spice -- issue #13 monte carlo mismatch analysis for the

Circuit: * tb_mc_untrimmed.spice -- issue #13 monte carlo mismatch analysis for the

Doing analysis at TEMP = 27.000000 and TNOM = 27.000000

Using SPARSE 1.3 as Direct Linear Solver
 Reference value :  0.00000e+00
No. of Data Rows : 1
vref_val = 1.191324e+00
ibias_val = 7.121978e-01
isup_val = 2.087564e-05
Reset re-loads circuit * tb_mc_untrimmed.spice -- issue #13 monte carlo mismatch analysis for the

Circuit: * tb_mc_untrimmed.spice -- issue #13 monte carlo mismatch analysis for the

Doing analysis at TEMP = 27.000000 and TNOM = 27.000000

Using SPARSE 1.3 as Direct Linear Solver
 Reference value :  0.00000e+00
No. of Data Rows : 1
vref_val = 1.199406e+00
ibias_val = 7.077126e-01
isup_val = 2.093094e-05
Reset re-loads circuit * tb_mc_untrimmed.spice -- issue #13 monte carlo mismatch analysis for the

Circuit: * tb_mc_untrimmed.spice -- issue #13 monte carlo mismatch analysis for the

Doing analysis at TEMP = 27.000000 and TNOM = 27.000000

Using SPARSE 1.3 as Direct Linear Solver
 Reference value :  0.00000e+00
No. of Data Rows : 1
vref_val = 1.187192e+00
ibias_val = 7.085657e-01
isup_val = 2.046944e-05
Reset re-loads circuit * tb_mc_untrimmed.spice -- issue #13 monte carlo mismatch analysis for the

Circuit: * tb_mc_untrimmed.spice -- issue #13 monte carlo mismatch analysis for the

Doing analysis at TEMP = 27.000000 and TNOM = 27.000000

Using SPARSE 1.3 as Direct Linear Solver
 Reference value :  0.00000e+00
No. of Data Rows : 1
vref_val = 1.190957e+00
ibias_val = 7.097759e-01
isup_val = 2.071419e-05
Reset re-loads circuit * tb_mc_untrimmed.spice -- issue #13 monte carlo mismatch analysis for the

Circuit: * tb_mc_untrimmed.spice -- issue #13 monte carlo mismatch analysis for the

Doing analysis at TEMP = 27.000000 and TNOM = 27.000000

Using SPARSE 1.3 as Direct Linear Solver
 Reference value :  0.00000e+00
No. of Data Rows : 1
vref_val = 1.196417e+00
ibias_val = 7.112843e-01
isup_val = 2.094198e-05
Reset re-loads circuit * tb_mc_untrimmed.spice -- issue #13 monte carlo mismatch analysis for the

Circuit: * tb_mc_untrimmed.spice -- issue #13 monte carlo mismatch analysis for the

Doing analysis at TEMP = 27.000000 and TNOM = 27.000000

Using SPARSE 1.3 as Direct Linear Solver
 Reference value :  0.00000e+00
No. of Data Rows : 1
vref_val = 1.194733e+00
ibias_val = 7.113967e-01
isup_val = 2.100246e-05
Reset re-loads circuit * tb_mc_untrimmed.spice -- issue #13 monte carlo mismatch analysis for the

Circuit: * tb_mc_untrimmed.spice -- issue #13 monte carlo mismatch analysis for the

Doing analysis at TEMP = 27.000000 and TNOM = 27.000000

Using SPARSE 1.3 as Direct Linear Solver
 Reference value :  0.00000e+00
No. of Data Rows : 1
vref_val = 1.191898e+00
ibias_val = 7.076033e-01
isup_val = 2.066278e-05
Reset re-loads circuit * tb_mc_untrimmed.spice -- issue #13 monte carlo mismatch analysis for the

Circuit: * tb_mc_untrimmed.spice -- issue #13 monte carlo mismatch analysis for the

Doing analysis at TEMP = 27.000000 and TNOM = 27.000000

Using SPARSE 1.3 as Direct Linear Solver
 Reference value :  0.00000e+00
No. of Data Rows : 1
vref_val = 1.186110e+00
ibias_val = 7.064823e-01
isup_val = 2.040482e-05
Reset re-loads circuit * tb_mc_untrimmed.spice -- issue #13 monte carlo mismatch analysis for the

Circuit: * tb_mc_untrimmed.spice -- issue #13 monte carlo mismatch analysis for the

Doing analysis at TEMP = 27.000000 and TNOM = 27.000000

Using SPARSE 1.3 as Direct Linear Solver
 Reference value :  0.00000e+00
No. of Data Rows : 1
vref_val = 1.190680e+00
ibias_val = 7.104574e-01
isup_val = 2.079957e-05
Reset re-loads circuit * tb_mc_untrimmed.spice -- issue #13 monte carlo mismatch analysis for the

Circuit: * tb_mc_untrimmed.spice -- issue #13 monte carlo mismatch analysis for the

Doing analysis at TEMP = 27.000000 and TNOM = 27.000000

Using SPARSE 1.3 as Direct Linear Solver
 Reference value :  0.00000e+00
No. of Data Rows : 1
vref_val = 1.180881e+00
ibias_val = 7.046064e-01
isup_val = 2.018258e-05
Reset re-loads circuit * tb_mc_untrimmed.spice -- issue #13 monte carlo mismatch analysis for the

Circuit: * tb_mc_untrimmed.spice -- issue #13 monte carlo mismatch analysis for the

Doing analysis at TEMP = 27.000000 and TNOM = 27.000000

Using SPARSE 1.3 as Direct Linear Solver
 Reference value :  0.00000e+00
No. of Data Rows : 1
vref_val = 1.198339e+00
ibias_val = 7.121837e-01
isup_val = 2.104630e-05
Reset re-loads circuit * tb_mc_untrimmed.spice -- issue #13 monte carlo mismatch analysis for the

Circuit: * tb_mc_untrimmed.spice -- issue #13 monte carlo mismatch analysis for the

Doing analysis at TEMP = 27.000000 and TNOM = 27.000000

Using SPARSE 1.3 as Direct Linear Solver
 Reference value :  0.00000e+00
No. of Data Rows : 1
vref_val = 1.189304e+00
ibias_val = 7.116443e-01
isup_val = 2.068925e-05
Reset re-loads circuit * tb_mc_untrimmed.spice -- issue #13 monte carlo mismatch analysis for the

Circuit: * tb_mc_untrimmed.spice -- issue #13 monte carlo mismatch analysis for the

Doing analysis at TEMP = 27.000000 and TNOM = 27.000000

Using SPARSE 1.3 as Direct Linear Solver
 Reference value :  0.00000e+00
No. of Data Rows : 1
vref_val = 1.194126e+00
ibias_val = 7.092405e-01
isup_val = 2.069183e-05
Reset re-loads circuit * tb_mc_untrimmed.spice -- issue #13 monte carlo mismatch analysis for the

Circuit: * tb_mc_untrimmed.spice -- issue #13 monte carlo mismatch analysis for the

Doing analysis at TEMP = 27.000000 and TNOM = 27.000000

Using SPARSE 1.3 as Direct Linear Solver
 Reference value :  0.00000e+00
No. of Data Rows : 1
vref_val = 1.190741e+00
ibias_val = 7.101046e-01
isup_val = 2.080685e-05
Reset re-loads circuit * tb_mc_untrimmed.spice -- issue #13 monte carlo mismatch analysis for the

Circuit: * tb_mc_untrimmed.spice -- issue #13 monte carlo mismatch analysis for the

Doing analysis at TEMP = 27.000000 and TNOM = 27.000000

Using SPARSE 1.3 as Direct Linear Solver
 Reference value :  0.00000e+00
No. of Data Rows : 1
vref_val = 1.186612e+00
ibias_val = 7.082456e-01
isup_val = 2.050803e-05
Reset re-loads circuit * tb_mc_untrimmed.spice -- issue #13 monte carlo mismatch analysis for the

Circuit: * tb_mc_untrimmed.spice -- issue #13 monte carlo mismatch analysis for the

Doing analysis at TEMP = 27.000000 and TNOM = 27.000000

Using SPARSE 1.3 as Direct Linear Solver
 Reference value :  0.00000e+00
No. of Data Rows : 1
vref_val = 1.192691e+00
ibias_val = 7.085508e-01
isup_val = 2.068238e-05
Reset re-loads circuit * tb_mc_untrimmed.spice -- issue #13 monte carlo mismatch analysis for the

Circuit: * tb_mc_untrimmed.spice -- issue #13 monte carlo mismatch analysis for the

Doing analysis at TEMP = 27.000000 and TNOM = 27.000000

Using SPARSE 1.3 as Direct Linear Solver
 Reference value :  0.00000e+00
No. of Data Rows : 1
vref_val = 1.183735e+00
ibias_val = 7.084435e-01
isup_val = 2.043401e-05
Reset re-loads circuit * tb_mc_untrimmed.spice -- issue #13 monte carlo mismatch analysis for the

Circuit: * tb_mc_untrimmed.spice -- issue #13 monte carlo mismatch analysis for the

Doing analysis at TEMP = 27.000000 and TNOM = 27.000000

Using SPARSE 1.3 as Direct Linear Solver
 Reference value :  0.00000e+00
No. of Data Rows : 1
vref_val = 1.191578e+00
ibias_val = 7.060508e-01
isup_val = 2.049272e-05
Reset re-loads circuit * tb_mc_untrimmed.spice -- issue #13 monte carlo mismatch analysis for the

Circuit: * tb_mc_untrimmed.spice -- issue #13 monte carlo mismatch analysis for the

Doing analysis at TEMP = 27.000000 and TNOM = 27.000000

Using SPARSE 1.3 as Direct Linear Solver
 Reference value :  0.00000e+00
No. of Data Rows : 1
vref_val = 1.188482e+00
ibias_val = 7.148884e-01
isup_val = 2.088192e-05
Reset re-loads circuit * tb_mc_untrimmed.spice -- issue #13 monte carlo mismatch analysis for the

Circuit: * tb_mc_untrimmed.spice -- issue #13 monte carlo mismatch analysis for the

Doing analysis at TEMP = 27.000000 and TNOM = 27.000000

Using SPARSE 1.3 as Direct Linear Solver
 Reference value :  0.00000e+00
No. of Data Rows : 1
vref_val = 1.195075e+00
ibias_val = 7.152102e-01
isup_val = 2.103148e-05
Reset re-loads circuit * tb_mc_untrimmed.spice -- issue #13 monte carlo mismatch analysis for the

Circuit: * tb_mc_untrimmed.spice -- issue #13 monte carlo mismatch analysis for the

Doing analysis at TEMP = 27.000000 and TNOM = 27.000000

Using SPARSE 1.3 as Direct Linear Solver
 Reference value :  0.00000e+00
No. of Data Rows : 1
vref_val = 1.181142e+00
ibias_val = 7.105809e-01
isup_val = 2.047838e-05
Reset re-loads circuit * tb_mc_untrimmed.spice -- issue #13 monte carlo mismatch analysis for the

Circuit: * tb_mc_untrimmed.spice -- issue #13 monte carlo mismatch analysis for the

Doing analysis at TEMP = 27.000000 and TNOM = 27.000000

Using SPARSE 1.3 as Direct Linear Solver
 Reference value :  0.00000e+00
No. of Data Rows : 1
vref_val = 1.190616e+00
ibias_val = 7.083217e-01
isup_val = 2.058790e-05
Reset re-loads circuit * tb_mc_untrimmed.spice -- issue #13 monte carlo mismatch analysis for the

Circuit: * tb_mc_untrimmed.spice -- issue #13 monte carlo mismatch analysis for the

Doing analysis at TEMP = 27.000000 and TNOM = 27.000000

Using SPARSE 1.3 as Direct Linear Solver
 Reference value :  0.00000e+00
No. of Data Rows : 1
vref_val = 1.189520e+00
ibias_val = 7.095626e-01
isup_val = 2.058470e-05
Reset re-loads circuit * tb_mc_untrimmed.spice -- issue #13 monte carlo mismatch analysis for the

Circuit: * tb_mc_untrimmed.spice -- issue #13 monte carlo mismatch analysis for the

Doing analysis at TEMP = 27.000000 and TNOM = 27.000000

Using SPARSE 1.3 as Direct Linear Solver
 Reference value :  0.00000e+00
No. of Data Rows : 1
vref_val = 1.194496e+00
ibias_val = 7.083485e-01
isup_val = 2.069339e-05
Reset re-loads circuit * tb_mc_untrimmed.spice -- issue #13 monte carlo mismatch analysis for the

Circuit: * tb_mc_untrimmed.spice -- issue #13 monte carlo mismatch analysis for the

Doing analysis at TEMP = 27.000000 and TNOM = 27.000000

Using SPARSE 1.3 as Direct Linear Solver
 Reference value :  0.00000e+00
No. of Data Rows : 1
vref_val = 1.190427e+00
ibias_val = 7.102858e-01
isup_val = 2.072102e-05
Reset re-loads circuit * tb_mc_untrimmed.spice -- issue #13 monte carlo mismatch analysis for the

Circuit: * tb_mc_untrimmed.spice -- issue #13 monte carlo mismatch analysis for the

Doing analysis at TEMP = 27.000000 and TNOM = 27.000000

Using SPARSE 1.3 as Direct Linear Solver
 Reference value :  0.00000e+00
No. of Data Rows : 1
vref_val = 1.193707e+00
ibias_val = 7.113037e-01
isup_val = 2.082670e-05
Reset re-loads circuit * tb_mc_untrimmed.spice -- issue #13 monte carlo mismatch analysis for the

Circuit: * tb_mc_untrimmed.spice -- issue #13 monte carlo mismatch analysis for the

Doing analysis at TEMP = 27.000000 and TNOM = 27.000000

Using SPARSE 1.3 as Direct Linear Solver
 Reference value :  0.00000e+00
No. of Data Rows : 1
vref_val = 1.188678e+00
ibias_val = 7.037286e-01
isup_val = 2.034712e-05
Reset re-loads circuit * tb_mc_untrimmed.spice -- issue #13 monte carlo mismatch analysis for the

Circuit: * tb_mc_untrimmed.spice -- issue #13 monte carlo mismatch analysis for the

Doing analysis at TEMP = 27.000000 and TNOM = 27.000000

Using SPARSE 1.3 as Direct Linear Solver
 Reference value :  0.00000e+00
No. of Data Rows : 1
vref_val = 1.191924e+00
ibias_val = 7.062848e-01
isup_val = 2.064787e-05
Reset re-loads circuit * tb_mc_untrimmed.spice -- issue #13 monte carlo mismatch analysis for the

Circuit: * tb_mc_untrimmed.spice -- issue #13 monte carlo mismatch analysis for the

Doing analysis at TEMP = 27.000000 and TNOM = 27.000000

Using SPARSE 1.3 as Direct Linear Solver
 Reference value :  0.00000e+00
No. of Data Rows : 1
vref_val = 1.198096e+00
ibias_val = 7.060632e-01
isup_val = 2.076142e-05
Reset re-loads circuit * tb_mc_untrimmed.spice -- issue #13 monte carlo mismatch analysis for the

Circuit: * tb_mc_untrimmed.spice -- issue #13 monte carlo mismatch analysis for the

Doing analysis at TEMP = 27.000000 and TNOM = 27.000000

Using SPARSE 1.3 as Direct Linear Solver
 Reference value :  0.00000e+00
No. of Data Rows : 1
vref_val = 1.197529e+00
ibias_val = 7.068524e-01
isup_val = 2.073408e-05
Reset re-loads circuit * tb_mc_untrimmed.spice -- issue #13 monte carlo mismatch analysis for the

Circuit: * tb_mc_untrimmed.spice -- issue #13 monte carlo mismatch analysis for the

Doing analysis at TEMP = 27.000000 and TNOM = 27.000000

Using SPARSE 1.3 as Direct Linear Solver
 Reference value :  0.00000e+00
No. of Data Rows : 1
vref_val = 1.181321e+00
ibias_val = 7.124860e-01
isup_val = 2.051893e-05
Reset re-loads circuit * tb_mc_untrimmed.spice -- issue #13 monte carlo mismatch analysis for the

Circuit: * tb_mc_untrimmed.spice -- issue #13 monte carlo mismatch analysis for the

Doing analysis at TEMP = 27.000000 and TNOM = 27.000000

Using SPARSE 1.3 as Direct Linear Solver
 Reference value :  0.00000e+00
No. of Data Rows : 1
vref_val = 1.189844e+00
ibias_val = 7.077061e-01
isup_val = 2.048372e-05
Reset re-loads circuit * tb_mc_untrimmed.spice -- issue #13 monte carlo mismatch analysis for the

Circuit: * tb_mc_untrimmed.spice -- issue #13 monte carlo mismatch analysis for the

Doing analysis at TEMP = 27.000000 and TNOM = 27.000000

Using SPARSE 1.3 as Direct Linear Solver
 Reference value :  0.00000e+00
No. of Data Rows : 1
vref_val = 1.189880e+00
ibias_val = 7.067352e-01
isup_val = 2.050702e-05
Reset re-loads circuit * tb_mc_untrimmed.spice -- issue #13 monte carlo mismatch analysis for the

Circuit: * tb_mc_untrimmed.spice -- issue #13 monte carlo mismatch analysis for the

Doing analysis at TEMP = 27.000000 and TNOM = 27.000000

Using SPARSE 1.3 as Direct Linear Solver
 Reference value :  0.00000e+00
No. of Data Rows : 1
vref_val = 1.195118e+00
ibias_val = 7.110806e-01
isup_val = 2.081920e-05
Reset re-loads circuit * tb_mc_untrimmed.spice -- issue #13 monte carlo mismatch analysis for the

Circuit: * tb_mc_untrimmed.spice -- issue #13 monte carlo mismatch analysis for the

Doing analysis at TEMP = 27.000000 and TNOM = 27.000000

Using SPARSE 1.3 as Direct Linear Solver
 Reference value :  0.00000e+00
No. of Data Rows : 1
vref_val = 1.194039e+00
ibias_val = 7.111201e-01
isup_val = 2.091040e-05
Reset re-loads circuit * tb_mc_untrimmed.spice -- issue #13 monte carlo mismatch analysis for the

Circuit: * tb_mc_untrimmed.spice -- issue #13 monte carlo mismatch analysis for the

Doing analysis at TEMP = 27.000000 and TNOM = 27.000000

Using SPARSE 1.3 as Direct Linear Solver
 Reference value :  0.00000e+00
No. of Data Rows : 1
vref_val = 1.197833e+00
ibias_val = 7.109645e-01
isup_val = 2.085630e-05
Reset re-loads circuit * tb_mc_untrimmed.spice -- issue #13 monte carlo mismatch analysis for the

Circuit: * tb_mc_untrimmed.spice -- issue #13 monte carlo mismatch analysis for the

Doing analysis at TEMP = 27.000000 and TNOM = 27.000000

Using SPARSE 1.3 as Direct Linear Solver
 Reference value :  0.00000e+00
No. of Data Rows : 1
vref_val = 1.185261e+00
ibias_val = 7.137217e-01
isup_val = 2.074524e-05
Reset re-loads circuit * tb_mc_untrimmed.spice -- issue #13 monte carlo mismatch analysis for the

Circuit: * tb_mc_untrimmed.spice -- issue #13 monte carlo mismatch analysis for the

Doing analysis at TEMP = 27.000000 and TNOM = 27.000000

Using SPARSE 1.3 as Direct Linear Solver
 Reference value :  0.00000e+00
No. of Data Rows : 1
vref_val = 1.191659e+00
ibias_val = 7.112166e-01
isup_val = 2.075568e-05
Reset re-loads circuit * tb_mc_untrimmed.spice -- issue #13 monte carlo mismatch analysis for the

Circuit: * tb_mc_untrimmed.spice -- issue #13 monte carlo mismatch analysis for the

Doing analysis at TEMP = 27.000000 and TNOM = 27.000000

Using SPARSE 1.3 as Direct Linear Solver
 Reference value :  0.00000e+00
No. of Data Rows : 1
vref_val = 1.190785e+00
ibias_val = 7.089234e-01
isup_val = 2.055360e-05
Reset re-loads circuit * tb_mc_untrimmed.spice -- issue #13 monte carlo mismatch analysis for the

Circuit: * tb_mc_untrimmed.spice -- issue #13 monte carlo mismatch analysis for the

Doing analysis at TEMP = 27.000000 and TNOM = 27.000000

Using SPARSE 1.3 as Direct Linear Solver
 Reference value :  0.00000e+00
No. of Data Rows : 1
vref_val = 1.192526e+00
ibias_val = 7.111523e-01
isup_val = 2.087853e-05
Reset re-loads circuit * tb_mc_untrimmed.spice -- issue #13 monte carlo mismatch analysis for the

Circuit: * tb_mc_untrimmed.spice -- issue #13 monte carlo mismatch analysis for the

Doing analysis at TEMP = 27.000000 and TNOM = 27.000000

Using SPARSE 1.3 as Direct Linear Solver
 Reference value :  0.00000e+00
No. of Data Rows : 1
vref_val = 1.196955e+00
ibias_val = 7.098110e-01
isup_val = 2.082487e-05
Reset re-loads circuit * tb_mc_untrimmed.spice -- issue #13 monte carlo mismatch analysis for the

Circuit: * tb_mc_untrimmed.spice -- issue #13 monte carlo mismatch analysis for the

Doing analysis at TEMP = 27.000000 and TNOM = 27.000000

Using SPARSE 1.3 as Direct Linear Solver
 Reference value :  0.00000e+00
No. of Data Rows : 1
vref_val = 1.184899e+00
ibias_val = 7.071452e-01
isup_val = 2.051249e-05
Reset re-loads circuit * tb_mc_untrimmed.spice -- issue #13 monte carlo mismatch analysis for the

Circuit: * tb_mc_untrimmed.spice -- issue #13 monte carlo mismatch analysis for the

Doing analysis at TEMP = 27.000000 and TNOM = 27.000000

Using SPARSE 1.3 as Direct Linear Solver
 Reference value :  0.00000e+00
No. of Data Rows : 1
vref_val = 1.198537e+00
ibias_val = 7.128714e-01
isup_val = 2.102944e-05
Reset re-loads circuit * tb_mc_untrimmed.spice -- issue #13 monte carlo mismatch analysis for the

Circuit: * tb_mc_untrimmed.spice -- issue #13 monte carlo mismatch analysis for the

Doing analysis at TEMP = 27.000000 and TNOM = 27.000000

Using SPARSE 1.3 as Direct Linear Solver
 Reference value :  0.00000e+00
No. of Data Rows : 1
vref_val = 1.190642e+00
ibias_val = 7.068142e-01
isup_val = 2.049979e-05
Reset re-loads circuit * tb_mc_untrimmed.spice -- issue #13 monte carlo mismatch analysis for the

Circuit: * tb_mc_untrimmed.spice -- issue #13 monte carlo mismatch analysis for the

Doing analysis at TEMP = 27.000000 and TNOM = 27.000000

Using SPARSE 1.3 as Direct Linear Solver
 Reference value :  0.00000e+00
No. of Data Rows : 1
vref_val = 1.191612e+00
ibias_val = 7.095553e-01
isup_val = 2.072716e-05
Reset re-loads circuit * tb_mc_untrimmed.spice -- issue #13 monte carlo mismatch analysis for the

Circuit: * tb_mc_untrimmed.spice -- issue #13 monte carlo mismatch analysis for the

Doing analysis at TEMP = 27.000000 and TNOM = 27.000000

Using SPARSE 1.3 as Direct Linear Solver
 Reference value :  0.00000e+00
No. of Data Rows : 1
vref_val = 1.192968e+00
ibias_val = 7.094595e-01
isup_val = 2.077368e-05
Reset re-loads circuit * tb_mc_untrimmed.spice -- issue #13 monte carlo mismatch analysis for the

Circuit: * tb_mc_untrimmed.spice -- issue #13 monte carlo mismatch analysis for the

Doing analysis at TEMP = 27.000000 and TNOM = 27.000000

Using SPARSE 1.3 as Direct Linear Solver
 Reference value :  0.00000e+00
No. of Data Rows : 1
vref_val = 1.200815e+00
ibias_val = 7.096232e-01
isup_val = 2.102715e-05
Reset re-loads circuit * tb_mc_untrimmed.spice -- issue #13 monte carlo mismatch analysis for the

Circuit: * tb_mc_untrimmed.spice -- issue #13 monte carlo mismatch analysis for the

Doing analysis at TEMP = 27.000000 and TNOM = 27.000000

Using SPARSE 1.3 as Direct Linear Solver
 Reference value :  0.00000e+00
No. of Data Rows : 1
vref_val = 1.196687e+00
ibias_val = 7.082972e-01
isup_val = 2.082393e-05
Reset re-loads circuit * tb_mc_untrimmed.spice -- issue #13 monte carlo mismatch analysis for the

Circuit: * tb_mc_untrimmed.spice -- issue #13 monte carlo mismatch analysis for the

Doing analysis at TEMP = 27.000000 and TNOM = 27.000000

Using SPARSE 1.3 as Direct Linear Solver
 Reference value :  0.00000e+00
No. of Data Rows : 1
vref_val = 1.195051e+00
ibias_val = 7.067368e-01
isup_val = 2.063819e-05
Reset re-loads circuit * tb_mc_untrimmed.spice -- issue #13 monte carlo mismatch analysis for the

Circuit: * tb_mc_untrimmed.spice -- issue #13 monte carlo mismatch analysis for the

Doing analysis at TEMP = 27.000000 and TNOM = 27.000000

Using SPARSE 1.3 as Direct Linear Solver
 Reference value :  0.00000e+00
No. of Data Rows : 1
vref_val = 1.192023e+00
ibias_val = 7.071123e-01
isup_val = 2.057341e-05
Reset re-loads circuit * tb_mc_untrimmed.spice -- issue #13 monte carlo mismatch analysis for the

Circuit: * tb_mc_untrimmed.spice -- issue #13 monte carlo mismatch analysis for the

Doing analysis at TEMP = 27.000000 and TNOM = 27.000000

Using SPARSE 1.3 as Direct Linear Solver
 Reference value :  0.00000e+00
No. of Data Rows : 1
vref_val = 1.184020e+00
ibias_val = 7.006989e-01
isup_val = 2.004404e-05
Reset re-loads circuit * tb_mc_untrimmed.spice -- issue #13 monte carlo mismatch analysis for the

Circuit: * tb_mc_untrimmed.spice -- issue #13 monte carlo mismatch analysis for the

Doing analysis at TEMP = 27.000000 and TNOM = 27.000000

Using SPARSE 1.3 as Direct Linear Solver
 Reference value :  0.00000e+00
No. of Data Rows : 1
vref_val = 1.191470e+00
ibias_val = 7.061798e-01
isup_val = 2.059898e-05
Reset re-loads circuit * tb_mc_untrimmed.spice -- issue #13 monte carlo mismatch analysis for the

Circuit: * tb_mc_untrimmed.spice -- issue #13 monte carlo mismatch analysis for the

Doing analysis at TEMP = 27.000000 and TNOM = 27.000000

Using SPARSE 1.3 as Direct Linear Solver
 Reference value :  0.00000e+00
No. of Data Rows : 1
vref_val = 1.190176e+00
ibias_val = 7.083121e-01
isup_val = 2.059276e-05
Reset re-loads circuit * tb_mc_untrimmed.spice -- issue #13 monte carlo mismatch analysis for the

Circuit: * tb_mc_untrimmed.spice -- issue #13 monte carlo mismatch analysis for the

Doing analysis at TEMP = 27.000000 and TNOM = 27.000000

Using SPARSE 1.3 as Direct Linear Solver
 Reference value :  0.00000e+00
No. of Data Rows : 1
vref_val = 1.202531e+00
ibias_val = 7.149388e-01
isup_val = 2.128162e-05
Reset re-loads circuit * tb_mc_untrimmed.spice -- issue #13 monte carlo mismatch analysis for the

Circuit: * tb_mc_untrimmed.spice -- issue #13 monte carlo mismatch analysis for the

Doing analysis at TEMP = 27.000000 and TNOM = 27.000000

Using SPARSE 1.3 as Direct Linear Solver
 Reference value :  0.00000e+00
No. of Data Rows : 1
vref_val = 1.193485e+00
ibias_val = 7.138893e-01
isup_val = 2.103669e-05
Reset re-loads circuit * tb_mc_untrimmed.spice -- issue #13 monte carlo mismatch analysis for the

Circuit: * tb_mc_untrimmed.spice -- issue #13 monte carlo mismatch analysis for the

Doing analysis at TEMP = 27.000000 and TNOM = 27.000000

Using SPARSE 1.3 as Direct Linear Solver
 Reference value :  0.00000e+00
No. of Data Rows : 1
vref_val = 1.190240e+00
ibias_val = 7.071487e-01
isup_val = 2.053228e-05
Reset re-loads circuit * tb_mc_untrimmed.spice -- issue #13 monte carlo mismatch analysis for the

Circuit: * tb_mc_untrimmed.spice -- issue #13 monte carlo mismatch analysis for the

Doing analysis at TEMP = 27.000000 and TNOM = 27.000000

Using SPARSE 1.3 as Direct Linear Solver
 Reference value :  0.00000e+00
No. of Data Rows : 1
vref_val = 1.196833e+00
ibias_val = 7.089857e-01
isup_val = 2.092299e-05
Reset re-loads circuit * tb_mc_untrimmed.spice -- issue #13 monte carlo mismatch analysis for the

Circuit: * tb_mc_untrimmed.spice -- issue #13 monte carlo mismatch analysis for the

Doing analysis at TEMP = 27.000000 and TNOM = 27.000000

Using SPARSE 1.3 as Direct Linear Solver
 Reference value :  0.00000e+00
No. of Data Rows : 1
vref_val = 1.193255e+00
ibias_val = 7.093404e-01
isup_val = 2.073424e-05
Reset re-loads circuit * tb_mc_untrimmed.spice -- issue #13 monte carlo mismatch analysis for the

Circuit: * tb_mc_untrimmed.spice -- issue #13 monte carlo mismatch analysis for the

Doing analysis at TEMP = 27.000000 and TNOM = 27.000000

Using SPARSE 1.3 as Direct Linear Solver
 Reference value :  0.00000e+00
No. of Data Rows : 1
vref_val = 1.188867e+00
ibias_val = 7.104694e-01
isup_val = 2.071009e-05
Reset re-loads circuit * tb_mc_untrimmed.spice -- issue #13 monte carlo mismatch analysis for the

Circuit: * tb_mc_untrimmed.spice -- issue #13 monte carlo mismatch analysis for the

Doing analysis at TEMP = 27.000000 and TNOM = 27.000000

Using SPARSE 1.3 as Direct Linear Solver
 Reference value :  0.00000e+00
No. of Data Rows : 1
vref_val = 1.196112e+00
ibias_val = 7.091499e-01
isup_val = 2.087798e-05
Reset re-loads circuit * tb_mc_untrimmed.spice -- issue #13 monte carlo mismatch analysis for the

Circuit: * tb_mc_untrimmed.spice -- issue #13 monte carlo mismatch analysis for the

Doing analysis at TEMP = 27.000000 and TNOM = 27.000000

Using SPARSE 1.3 as Direct Linear Solver
 Reference value :  0.00000e+00
No. of Data Rows : 1
vref_val = 1.190313e+00
ibias_val = 7.094215e-01
isup_val = 2.059716e-05
Reset re-loads circuit * tb_mc_untrimmed.spice -- issue #13 monte carlo mismatch analysis for the

Circuit: * tb_mc_untrimmed.spice -- issue #13 monte carlo mismatch analysis for the

Doing analysis at TEMP = 27.000000 and TNOM = 27.000000

Using SPARSE 1.3 as Direct Linear Solver
 Reference value :  0.00000e+00
No. of Data Rows : 1
vref_val = 1.198381e+00
ibias_val = 7.062292e-01
isup_val = 2.076668e-05
Reset re-loads circuit * tb_mc_untrimmed.spice -- issue #13 monte carlo mismatch analysis for the

Circuit: * tb_mc_untrimmed.spice -- issue #13 monte carlo mismatch analysis for the

Doing analysis at TEMP = 27.000000 and TNOM = 27.000000

Using SPARSE 1.3 as Direct Linear Solver
 Reference value :  0.00000e+00
No. of Data Rows : 1
vref_val = 1.196103e+00
ibias_val = 7.072242e-01
isup_val = 2.069777e-05
Reset re-loads circuit * tb_mc_untrimmed.spice -- issue #13 monte carlo mismatch analysis for the

Circuit: * tb_mc_untrimmed.spice -- issue #13 monte carlo mismatch analysis for the

Doing analysis at TEMP = 27.000000 and TNOM = 27.000000

Using SPARSE 1.3 as Direct Linear Solver
 Reference value :  0.00000e+00
No. of Data Rows : 1
vref_val = 1.181411e+00
ibias_val = 7.038613e-01
isup_val = 2.008347e-05
Reset re-loads circuit * tb_mc_untrimmed.spice -- issue #13 monte carlo mismatch analysis for the

Circuit: * tb_mc_untrimmed.spice -- issue #13 monte carlo mismatch analysis for the

Doing analysis at TEMP = 27.000000 and TNOM = 27.000000

Using SPARSE 1.3 as Direct Linear Solver
 Reference value :  0.00000e+00
No. of Data Rows : 1
vref_val = 1.190657e+00
ibias_val = 7.090603e-01
isup_val = 2.061247e-05
Reset re-loads circuit * tb_mc_untrimmed.spice -- issue #13 monte carlo mismatch analysis for the

Circuit: * tb_mc_untrimmed.spice -- issue #13 monte carlo mismatch analysis for the

Doing analysis at TEMP = 27.000000 and TNOM = 27.000000

Using SPARSE 1.3 as Direct Linear Solver
 Reference value :  0.00000e+00
No. of Data Rows : 1
vref_val = 1.193133e+00
ibias_val = 7.085102e-01
isup_val = 2.074407e-05
Reset re-loads circuit * tb_mc_untrimmed.spice -- issue #13 monte carlo mismatch analysis for the

Circuit: * tb_mc_untrimmed.spice -- issue #13 monte carlo mismatch analysis for the

Doing analysis at TEMP = 27.000000 and TNOM = 27.000000

Using SPARSE 1.3 as Direct Linear Solver
 Reference value :  0.00000e+00
No. of Data Rows : 1
vref_val = 1.197337e+00
ibias_val = 7.113063e-01
isup_val = 2.094007e-05
Reset re-loads circuit * tb_mc_untrimmed.spice -- issue #13 monte carlo mismatch analysis for the

Circuit: * tb_mc_untrimmed.spice -- issue #13 monte carlo mismatch analysis for the

Doing analysis at TEMP = 27.000000 and TNOM = 27.000000

Using SPARSE 1.3 as Direct Linear Solver
 Reference value :  0.00000e+00
No. of Data Rows : 1
vref_val = 1.197677e+00
ibias_val = 7.058144e-01
isup_val = 2.077438e-05
Reset re-loads circuit * tb_mc_untrimmed.spice -- issue #13 monte carlo mismatch analysis for the

Circuit: * tb_mc_untrimmed.spice -- issue #13 monte carlo mismatch analysis for the

Doing analysis at TEMP = 27.000000 and TNOM = 27.000000

Using SPARSE 1.3 as Direct Linear Solver
 Reference value :  0.00000e+00
No. of Data Rows : 1
vref_val = 1.185308e+00
ibias_val = 7.049431e-01
isup_val = 2.020144e-05
Reset re-loads circuit * tb_mc_untrimmed.spice -- issue #13 monte carlo mismatch analysis for the

Circuit: * tb_mc_untrimmed.spice -- issue #13 monte carlo mismatch analysis for the

Doing analysis at TEMP = 27.000000 and TNOM = 27.000000

Using SPARSE 1.3 as Direct Linear Solver
 Reference value :  0.00000e+00
No. of Data Rows : 1
vref_val = 1.192071e+00
ibias_val = 7.095246e-01
isup_val = 2.075636e-05
Reset re-loads circuit * tb_mc_untrimmed.spice -- issue #13 monte carlo mismatch analysis for the

Circuit: * tb_mc_untrimmed.spice -- issue #13 monte carlo mismatch analysis for the

Doing analysis at TEMP = 27.000000 and TNOM = 27.000000

Using SPARSE 1.3 as Direct Linear Solver
 Reference value :  0.00000e+00
No. of Data Rows : 1
vref_val = 1.193905e+00
ibias_val = 7.115035e-01
isup_val = 2.086922e-05
Reset re-loads circuit * tb_mc_untrimmed.spice -- issue #13 monte carlo mismatch analysis for the

Circuit: * tb_mc_untrimmed.spice -- issue #13 monte carlo mismatch analysis for the

Doing analysis at TEMP = 27.000000 and TNOM = 27.000000

Using SPARSE 1.3 as Direct Linear Solver
 Reference value :  0.00000e+00
No. of Data Rows : 1
vref_val = 1.174224e+00
ibias_val = 7.045310e-01
isup_val = 1.997099e-05
Reset re-loads circuit * tb_mc_untrimmed.spice -- issue #13 monte carlo mismatch analysis for the

Circuit: * tb_mc_untrimmed.spice -- issue #13 monte carlo mismatch analysis for the

Doing analysis at TEMP = 27.000000 and TNOM = 27.000000

Using SPARSE 1.3 as Direct Linear Solver
 Reference value :  0.00000e+00
No. of Data Rows : 1
vref_val = 1.186503e+00
ibias_val = 7.084515e-01
isup_val = 2.057340e-05
Reset re-loads circuit * tb_mc_untrimmed.spice -- issue #13 monte carlo mismatch analysis for the

Circuit: * tb_mc_untrimmed.spice -- issue #13 monte carlo mismatch analysis for the

Doing analysis at TEMP = 27.000000 and TNOM = 27.000000

Using SPARSE 1.3 as Direct Linear Solver
 Reference value :  0.00000e+00
No. of Data Rows : 1
vref_val = 1.190744e+00
ibias_val = 7.091686e-01
isup_val = 2.059878e-05
Reset re-loads circuit * tb_mc_untrimmed.spice -- issue #13 monte carlo mismatch analysis for the

Circuit: * tb_mc_untrimmed.spice -- issue #13 monte carlo mismatch analysis for the

Doing analysis at TEMP = 27.000000 and TNOM = 27.000000

Using SPARSE 1.3 as Direct Linear Solver
 Reference value :  0.00000e+00
No. of Data Rows : 1
vref_val = 1.196612e+00
ibias_val = 7.065527e-01
isup_val = 2.072046e-05
Reset re-loads circuit * tb_mc_untrimmed.spice -- issue #13 monte carlo mismatch analysis for the

Circuit: * tb_mc_untrimmed.spice -- issue #13 monte carlo mismatch analysis for the

Doing analysis at TEMP = 27.000000 and TNOM = 27.000000

Using SPARSE 1.3 as Direct Linear Solver
 Reference value :  0.00000e+00
No. of Data Rows : 1
vref_val = 1.201516e+00
ibias_val = 7.113610e-01
isup_val = 2.116196e-05
Reset re-loads circuit * tb_mc_untrimmed.spice -- issue #13 monte carlo mismatch analysis for the

Circuit: * tb_mc_untrimmed.spice -- issue #13 monte carlo mismatch analysis for the

Doing analysis at TEMP = 27.000000 and TNOM = 27.000000

Using SPARSE 1.3 as Direct Linear Solver
 Reference value :  0.00000e+00
No. of Data Rows : 1
vref_val = 1.182869e+00
ibias_val = 7.073464e-01
isup_val = 2.021900e-05
Reset re-loads circuit * tb_mc_untrimmed.spice -- issue #13 monte carlo mismatch analysis for the

Circuit: * tb_mc_untrimmed.spice -- issue #13 monte carlo mismatch analysis for the

Doing analysis at TEMP = 27.000000 and TNOM = 27.000000

Using SPARSE 1.3 as Direct Linear Solver
 Reference value :  0.00000e+00
No. of Data Rows : 1
vref_val = 1.193465e+00
ibias_val = 7.056963e-01
isup_val = 2.050821e-05
Reset re-loads circuit * tb_mc_untrimmed.spice -- issue #13 monte carlo mismatch analysis for the

Circuit: * tb_mc_untrimmed.spice -- issue #13 monte carlo mismatch analysis for the

Doing analysis at TEMP = 27.000000 and TNOM = 27.000000

Using SPARSE 1.3 as Direct Linear Solver
 Reference value :  0.00000e+00
No. of Data Rows : 1
vref_val = 1.196930e+00
ibias_val = 7.093459e-01
isup_val = 2.082736e-05
Reset re-loads circuit * tb_mc_untrimmed.spice -- issue #13 monte carlo mismatch analysis for the

Circuit: * tb_mc_untrimmed.spice -- issue #13 monte carlo mismatch analysis for the

Doing analysis at TEMP = 27.000000 and TNOM = 27.000000

Using SPARSE 1.3 as Direct Linear Solver
 Reference value :  0.00000e+00
No. of Data Rows : 1
vref_val = 1.194223e+00
ibias_val = 7.106875e-01
isup_val = 2.082447e-05
Reset re-loads circuit * tb_mc_untrimmed.spice -- issue #13 monte carlo mismatch analysis for the

Circuit: * tb_mc_untrimmed.spice -- issue #13 monte carlo mismatch analysis for the

Doing analysis at TEMP = 27.000000 and TNOM = 27.000000

Using SPARSE 1.3 as Direct Linear Solver
 Reference value :  0.00000e+00
No. of Data Rows : 1
vref_val = 1.188323e+00
ibias_val = 7.057652e-01
isup_val = 2.043527e-05
Reset re-loads circuit * tb_mc_untrimmed.spice -- issue #13 monte carlo mismatch analysis for the

Circuit: * tb_mc_untrimmed.spice -- issue #13 monte carlo mismatch analysis for the

Doing analysis at TEMP = 27.000000 and TNOM = 27.000000

Using SPARSE 1.3 as Direct Linear Solver
 Reference value :  0.00000e+00
No. of Data Rows : 1
vref_val = 1.189992e+00
ibias_val = 7.058304e-01
isup_val = 2.049567e-05
Reset re-loads circuit * tb_mc_untrimmed.spice -- issue #13 monte carlo mismatch analysis for the

Circuit: * tb_mc_untrimmed.spice -- issue #13 monte carlo mismatch analysis for the

Doing analysis at TEMP = 27.000000 and TNOM = 27.000000

Using SPARSE 1.3 as Direct Linear Solver
 Reference value :  0.00000e+00
No. of Data Rows : 1
vref_val = 1.185334e+00
ibias_val = 7.086346e-01
isup_val = 2.045238e-05
Reset re-loads circuit * tb_mc_untrimmed.spice -- issue #13 monte carlo mismatch analysis for the

Circuit: * tb_mc_untrimmed.spice -- issue #13 monte carlo mismatch analysis for the

Doing analysis at TEMP = 27.000000 and TNOM = 27.000000

Using SPARSE 1.3 as Direct Linear Solver
 Reference value :  0.00000e+00
No. of Data Rows : 1
vref_val = 1.185653e+00
ibias_val = 7.047188e-01
isup_val = 2.029676e-05
Reset re-loads circuit * tb_mc_untrimmed.spice -- issue #13 monte carlo mismatch analysis for the

Circuit: * tb_mc_untrimmed.spice -- issue #13 monte carlo mismatch analysis for the

Doing analysis at TEMP = 27.000000 and TNOM = 27.000000

Using SPARSE 1.3 as Direct Linear Solver
 Reference value :  0.00000e+00
No. of Data Rows : 1
vref_val = 1.186643e+00
ibias_val = 7.062305e-01
isup_val = 2.039478e-05
Reset re-loads circuit * tb_mc_untrimmed.spice -- issue #13 monte carlo mismatch analysis for the

Circuit: * tb_mc_untrimmed.spice -- issue #13 monte carlo mismatch analysis for the

Doing analysis at TEMP = 27.000000 and TNOM = 27.000000

Using SPARSE 1.3 as Direct Linear Solver
 Reference value :  0.00000e+00
No. of Data Rows : 1
vref_val = 1.195539e+00
ibias_val = 7.090506e-01
isup_val = 2.071823e-05
Reset re-loads circuit * tb_mc_untrimmed.spice -- issue #13 monte carlo mismatch analysis for the

Circuit: * tb_mc_untrimmed.spice -- issue #13 monte carlo mismatch analysis for the

Doing analysis at TEMP = 27.000000 and TNOM = 27.000000

Using SPARSE 1.3 as Direct Linear Solver
 Reference value :  0.00000e+00
No. of Data Rows : 1
vref_val = 1.196460e+00
ibias_val = 7.085415e-01
isup_val = 2.073591e-05
Reset re-loads circuit * tb_mc_untrimmed.spice -- issue #13 monte carlo mismatch analysis for the

Circuit: * tb_mc_untrimmed.spice -- issue #13 monte carlo mismatch analysis for the

Doing analysis at TEMP = 27.000000 and TNOM = 27.000000

Using SPARSE 1.3 as Direct Linear Solver
 Reference value :  0.00000e+00
No. of Data Rows : 1
vref_val = 1.208577e+00
ibias_val = 7.117831e-01
isup_val = 2.117506e-05
Reset re-loads circuit * tb_mc_untrimmed.spice -- issue #13 monte carlo mismatch analysis for the

Circuit: * tb_mc_untrimmed.spice -- issue #13 monte carlo mismatch analysis for the

Doing analysis at TEMP = 27.000000 and TNOM = 27.000000

Using SPARSE 1.3 as Direct Linear Solver
 Reference value :  0.00000e+00
No. of Data Rows : 1
vref_val = 1.193378e+00
ibias_val = 7.035350e-01
isup_val = 2.045095e-05
Reset re-loads circuit * tb_mc_untrimmed.spice -- issue #13 monte carlo mismatch analysis for the

Circuit: * tb_mc_untrimmed.spice -- issue #13 monte carlo mismatch analysis for the

Doing analysis at TEMP = 27.000000 and TNOM = 27.000000

Using SPARSE 1.3 as Direct Linear Solver
 Reference value :  0.00000e+00
No. of Data Rows : 1
vref_val = 1.185178e+00
ibias_val = 7.081476e-01
isup_val = 2.040906e-05
Reset re-loads circuit * tb_mc_untrimmed.spice -- issue #13 monte carlo mismatch analysis for the

Circuit: * tb_mc_untrimmed.spice -- issue #13 monte carlo mismatch analysis for the

Doing analysis at TEMP = 27.000000 and TNOM = 27.000000

Using SPARSE 1.3 as Direct Linear Solver
 Reference value :  0.00000e+00
No. of Data Rows : 1
vref_val = 1.202042e+00
ibias_val = 7.134393e-01
isup_val = 2.129583e-05
Reset re-loads circuit * tb_mc_untrimmed.spice -- issue #13 monte carlo mismatch analysis for the

Circuit: * tb_mc_untrimmed.spice -- issue #13 monte carlo mismatch analysis for the

Doing analysis at TEMP = 27.000000 and TNOM = 27.000000

Using SPARSE 1.3 as Direct Linear Solver
 Reference value :  0.00000e+00
No. of Data Rows : 1
vref_val = 1.190403e+00
ibias_val = 7.115565e-01
isup_val = 2.073412e-05
Reset re-loads circuit * tb_mc_untrimmed.spice -- issue #13 monte carlo mismatch analysis for the

Circuit: * tb_mc_untrimmed.spice -- issue #13 monte carlo mismatch analysis for the

Doing analysis at TEMP = 27.000000 and TNOM = 27.000000

Using SPARSE 1.3 as Direct Linear Solver
 Reference value :  0.00000e+00
No. of Data Rows : 1
vref_val = 1.191719e+00
ibias_val = 7.073991e-01
isup_val = 2.063761e-05
Reset re-loads circuit * tb_mc_untrimmed.spice -- issue #13 monte carlo mismatch analysis for the

Circuit: * tb_mc_untrimmed.spice -- issue #13 monte carlo mismatch analysis for the

Doing analysis at TEMP = 27.000000 and TNOM = 27.000000

Using SPARSE 1.3 as Direct Linear Solver
 Reference value :  0.00000e+00
No. of Data Rows : 1
vref_val = 1.193211e+00
ibias_val = 7.090995e-01
isup_val = 2.076289e-05
Reset re-loads circuit * tb_mc_untrimmed.spice -- issue #13 monte carlo mismatch analysis for the

Circuit: * tb_mc_untrimmed.spice -- issue #13 monte carlo mismatch analysis for the

Doing analysis at TEMP = 27.000000 and TNOM = 27.000000

Using SPARSE 1.3 as Direct Linear Solver
 Reference value :  0.00000e+00
No. of Data Rows : 1
vref_val = 1.202697e+00
ibias_val = 7.122112e-01
isup_val = 2.119389e-05
Reset re-loads circuit * tb_mc_untrimmed.spice -- issue #13 monte carlo mismatch analysis for the

Circuit: * tb_mc_untrimmed.spice -- issue #13 monte carlo mismatch analysis for the

Doing analysis at TEMP = 27.000000 and TNOM = 27.000000

Using SPARSE 1.3 as Direct Linear Solver
 Reference value :  0.00000e+00
No. of Data Rows : 1
vref_val = 1.192031e+00
ibias_val = 7.121261e-01
isup_val = 2.089753e-05
Reset re-loads circuit * tb_mc_untrimmed.spice -- issue #13 monte carlo mismatch analysis for the

Circuit: * tb_mc_untrimmed.spice -- issue #13 monte carlo mismatch analysis for the

Doing analysis at TEMP = 27.000000 and TNOM = 27.000000

Using SPARSE 1.3 as Direct Linear Solver
 Reference value :  0.00000e+00
No. of Data Rows : 1
vref_val = 1.191219e+00
ibias_val = 7.096958e-01
isup_val = 2.075395e-05
Reset re-loads circuit * tb_mc_untrimmed.spice -- issue #13 monte carlo mismatch analysis for the

Circuit: * tb_mc_untrimmed.spice -- issue #13 monte carlo mismatch analysis for the

Doing analysis at TEMP = 27.000000 and TNOM = 27.000000

Using SPARSE 1.3 as Direct Linear Solver
 Reference value :  0.00000e+00
No. of Data Rows : 1
vref_val = 1.193030e+00
ibias_val = 7.103523e-01
isup_val = 2.076575e-05
Reset re-loads circuit * tb_mc_untrimmed.spice -- issue #13 monte carlo mismatch analysis for the

Circuit: * tb_mc_untrimmed.spice -- issue #13 monte carlo mismatch analysis for the

Doing analysis at TEMP = 27.000000 and TNOM = 27.000000

Using SPARSE 1.3 as Direct Linear Solver
 Reference value :  0.00000e+00
No. of Data Rows : 1
vref_val = 1.196993e+00
ibias_val = 7.068439e-01
isup_val = 2.070566e-05
Reset re-loads circuit * tb_mc_untrimmed.spice -- issue #13 monte carlo mismatch analysis for the

Circuit: * tb_mc_untrimmed.spice -- issue #13 monte carlo mismatch analysis for the

Doing analysis at TEMP = 27.000000 and TNOM = 27.000000

Using SPARSE 1.3 as Direct Linear Solver
 Reference value :  0.00000e+00
No. of Data Rows : 1
vref_val = 1.179815e+00
ibias_val = 7.076094e-01
isup_val = 2.025832e-05
Reset re-loads circuit * tb_mc_untrimmed.spice -- issue #13 monte carlo mismatch analysis for the

Circuit: * tb_mc_untrimmed.spice -- issue #13 monte carlo mismatch analysis for the

Doing analysis at TEMP = 27.000000 and TNOM = 27.000000

Using SPARSE 1.3 as Direct Linear Solver
 Reference value :  0.00000e+00
No. of Data Rows : 1
vref_val = 1.174645e+00
ibias_val = 7.008276e-01
isup_val = 1.983788e-05
Reset re-loads circuit * tb_mc_untrimmed.spice -- issue #13 monte carlo mismatch analysis for the

Circuit: * tb_mc_untrimmed.spice -- issue #13 monte carlo mismatch analysis for the

Doing analysis at TEMP = 27.000000 and TNOM = 27.000000

Using SPARSE 1.3 as Direct Linear Solver
 Reference value :  0.00000e+00
No. of Data Rows : 1
vref_val = 1.199757e+00
ibias_val = 7.097177e-01
isup_val = 2.091462e-05
Reset re-loads circuit * tb_mc_untrimmed.spice -- issue #13 monte carlo mismatch analysis for the

Circuit: * tb_mc_untrimmed.spice -- issue #13 monte carlo mismatch analysis for the

Doing analysis at TEMP = 27.000000 and TNOM = 27.000000

Using SPARSE 1.3 as Direct Linear Solver
 Reference value :  0.00000e+00
No. of Data Rows : 1
vref_val = 1.185944e+00
ibias_val = 7.123356e-01
isup_val = 2.073673e-05
Reset re-loads circuit * tb_mc_untrimmed.spice -- issue #13 monte carlo mismatch analysis for the

Circuit: * tb_mc_untrimmed.spice -- issue #13 monte carlo mismatch analysis for the

Doing analysis at TEMP = 27.000000 and TNOM = 27.000000

Using SPARSE 1.3 as Direct Linear Solver
 Reference value :  0.00000e+00
No. of Data Rows : 1
vref_val = 1.185547e+00
ibias_val = 7.071339e-01
isup_val = 2.042372e-05
Reset re-loads circuit * tb_mc_untrimmed.spice -- issue #13 monte carlo mismatch analysis for the

Circuit: * tb_mc_untrimmed.spice -- issue #13 monte carlo mismatch analysis for the

Doing analysis at TEMP = 27.000000 and TNOM = 27.000000

Using SPARSE 1.3 as Direct Linear Solver
 Reference value :  0.00000e+00
No. of Data Rows : 1
vref_val = 1.188430e+00
ibias_val = 7.065411e-01
isup_val = 2.039928e-05
Reset re-loads circuit * tb_mc_untrimmed.spice -- issue #13 monte carlo mismatch analysis for the

Circuit: * tb_mc_untrimmed.spice -- issue #13 monte carlo mismatch analysis for the

Doing analysis at TEMP = 27.000000 and TNOM = 27.000000

Using SPARSE 1.3 as Direct Linear Solver
 Reference value :  0.00000e+00
No. of Data Rows : 1
vref_val = 1.194950e+00
ibias_val = 7.122970e-01
isup_val = 2.096747e-05
Reset re-loads circuit * tb_mc_untrimmed.spice -- issue #13 monte carlo mismatch analysis for the

Circuit: * tb_mc_untrimmed.spice -- issue #13 monte carlo mismatch analysis for the

Doing analysis at TEMP = 27.000000 and TNOM = 27.000000

Using SPARSE 1.3 as Direct Linear Solver
 Reference value :  0.00000e+00
No. of Data Rows : 1
vref_val = 1.190258e+00
ibias_val = 7.083422e-01
isup_val = 2.061690e-05
Reset re-loads circuit * tb_mc_untrimmed.spice -- issue #13 monte carlo mismatch analysis for the

Circuit: * tb_mc_untrimmed.spice -- issue #13 monte carlo mismatch analysis for the

Doing analysis at TEMP = 27.000000 and TNOM = 27.000000

Using SPARSE 1.3 as Direct Linear Solver
 Reference value :  0.00000e+00
No. of Data Rows : 1
vref_val = 1.189183e+00
ibias_val = 7.058444e-01
isup_val = 2.039312e-05
Reset re-loads circuit * tb_mc_untrimmed.spice -- issue #13 monte carlo mismatch analysis for the

Circuit: * tb_mc_untrimmed.spice -- issue #13 monte carlo mismatch analysis for the

Doing analysis at TEMP = 27.000000 and TNOM = 27.000000

Using SPARSE 1.3 as Direct Linear Solver
 Reference value :  0.00000e+00
No. of Data Rows : 1
vref_val = 1.204036e+00
ibias_val = 7.122368e-01
isup_val = 2.127092e-05
Reset re-loads circuit * tb_mc_untrimmed.spice -- issue #13 monte carlo mismatch analysis for the

Circuit: * tb_mc_untrimmed.spice -- issue #13 monte carlo mismatch analysis for the

Doing analysis at TEMP = 27.000000 and TNOM = 27.000000

Using SPARSE 1.3 as Direct Linear Solver
 Reference value :  0.00000e+00
No. of Data Rows : 1
vref_val = 1.196910e+00
ibias_val = 7.106797e-01
isup_val = 2.097713e-05
Reset re-loads circuit * tb_mc_untrimmed.spice -- issue #13 monte carlo mismatch analysis for the

Circuit: * tb_mc_untrimmed.spice -- issue #13 monte carlo mismatch analysis for the

Doing analysis at TEMP = 27.000000 and TNOM = 27.000000

Using SPARSE 1.3 as Direct Linear Solver
 Reference value :  0.00000e+00
No. of Data Rows : 1
vref_val = 1.194421e+00
ibias_val = 7.109926e-01
isup_val = 2.081202e-05
Reset re-loads circuit * tb_mc_untrimmed.spice -- issue #13 monte carlo mismatch analysis for the

Circuit: * tb_mc_untrimmed.spice -- issue #13 monte carlo mismatch analysis for the

Doing analysis at TEMP = 27.000000 and TNOM = 27.000000

Using SPARSE 1.3 as Direct Linear Solver
 Reference value :  0.00000e+00
No. of Data Rows : 1
vref_val = 1.194073e+00
ibias_val = 7.065806e-01
isup_val = 2.064895e-05
Reset re-loads circuit * tb_mc_untrimmed.spice -- issue #13 monte carlo mismatch analysis for the

Circuit: * tb_mc_untrimmed.spice -- issue #13 monte carlo mismatch analysis for the

Doing analysis at TEMP = 27.000000 and TNOM = 27.000000

Using SPARSE 1.3 as Direct Linear Solver
 Reference value :  0.00000e+00
No. of Data Rows : 1
vref_val = 1.191727e+00
ibias_val = 7.064753e-01
isup_val = 2.060994e-05
Reset re-loads circuit * tb_mc_untrimmed.spice -- issue #13 monte carlo mismatch analysis for the

Circuit: * tb_mc_untrimmed.spice -- issue #13 monte carlo mismatch analysis for the

Doing analysis at TEMP = 27.000000 and TNOM = 27.000000

Using SPARSE 1.3 as Direct Linear Solver
 Reference value :  0.00000e+00
No. of Data Rows : 1
vref_val = 1.180967e+00
ibias_val = 7.069700e-01
isup_val = 2.026461e-05
Reset re-loads circuit * tb_mc_untrimmed.spice -- issue #13 monte carlo mismatch analysis for the

Circuit: * tb_mc_untrimmed.spice -- issue #13 monte carlo mismatch analysis for the

Doing analysis at TEMP = 27.000000 and TNOM = 27.000000

Using SPARSE 1.3 as Direct Linear Solver
 Reference value :  0.00000e+00
No. of Data Rows : 1
vref_val = 1.190260e+00
ibias_val = 7.045632e-01
isup_val = 2.040368e-05
Reset re-loads circuit * tb_mc_untrimmed.spice -- issue #13 monte carlo mismatch analysis for the

Circuit: * tb_mc_untrimmed.spice -- issue #13 monte carlo mismatch analysis for the

Doing analysis at TEMP = 27.000000 and TNOM = 27.000000

Using SPARSE 1.3 as Direct Linear Solver
 Reference value :  0.00000e+00
No. of Data Rows : 1
vref_val = 1.195714e+00
ibias_val = 7.135383e-01
isup_val = 2.108820e-05
Reset re-loads circuit * tb_mc_untrimmed.spice -- issue #13 monte carlo mismatch analysis for the

Circuit: * tb_mc_untrimmed.spice -- issue #13 monte carlo mismatch analysis for the

Doing analysis at TEMP = 27.000000 and TNOM = 27.000000

Using SPARSE 1.3 as Direct Linear Solver
 Reference value :  0.00000e+00
No. of Data Rows : 1
vref_val = 1.192955e+00
ibias_val = 7.068474e-01
isup_val = 2.061302e-05
Reset re-loads circuit * tb_mc_untrimmed.spice -- issue #13 monte carlo mismatch analysis for the

Circuit: * tb_mc_untrimmed.spice -- issue #13 monte carlo mismatch analysis for the

Doing analysis at TEMP = 27.000000 and TNOM = 27.000000

Using SPARSE 1.3 as Direct Linear Solver
 Reference value :  0.00000e+00
No. of Data Rows : 1
vref_val = 1.194944e+00
ibias_val = 7.105264e-01
isup_val = 2.080937e-05
Reset re-loads circuit * tb_mc_untrimmed.spice -- issue #13 monte carlo mismatch analysis for the

Circuit: * tb_mc_untrimmed.spice -- issue #13 monte carlo mismatch analysis for the

Doing analysis at TEMP = 27.000000 and TNOM = 27.000000

Using SPARSE 1.3 as Direct Linear Solver
 Reference value :  0.00000e+00
No. of Data Rows : 1
vref_val = 1.200907e+00
ibias_val = 7.106805e-01
isup_val = 2.098226e-05
Reset re-loads circuit * tb_mc_untrimmed.spice -- issue #13 monte carlo mismatch analysis for the

Circuit: * tb_mc_untrimmed.spice -- issue #13 monte carlo mismatch analysis for the

Doing analysis at TEMP = 27.000000 and TNOM = 27.000000

Using SPARSE 1.3 as Direct Linear Solver
 Reference value :  0.00000e+00
No. of Data Rows : 1
vref_val = 1.185308e+00
ibias_val = 7.083074e-01
isup_val = 2.046818e-05
Reset re-loads circuit * tb_mc_untrimmed.spice -- issue #13 monte carlo mismatch analysis for the

Circuit: * tb_mc_untrimmed.spice -- issue #13 monte carlo mismatch analysis for the

Doing analysis at TEMP = 27.000000 and TNOM = 27.000000

Using SPARSE 1.3 as Direct Linear Solver
 Reference value :  0.00000e+00
No. of Data Rows : 1
vref_val = 1.189294e+00
ibias_val = 7.074283e-01
isup_val = 2.057749e-05
Reset re-loads circuit * tb_mc_untrimmed.spice -- issue #13 monte carlo mismatch analysis for the

Circuit: * tb_mc_untrimmed.spice -- issue #13 monte carlo mismatch analysis for the

Doing analysis at TEMP = 27.000000 and TNOM = 27.000000

Using SPARSE 1.3 as Direct Linear Solver
 Reference value :  0.00000e+00
No. of Data Rows : 1
vref_val = 1.186095e+00
ibias_val = 7.060154e-01
isup_val = 2.043088e-05
Reset re-loads circuit * tb_mc_untrimmed.spice -- issue #13 monte carlo mismatch analysis for the

Circuit: * tb_mc_untrimmed.spice -- issue #13 monte carlo mismatch analysis for the

Doing analysis at TEMP = 27.000000 and TNOM = 27.000000

Using SPARSE 1.3 as Direct Linear Solver
 Reference value :  0.00000e+00
No. of Data Rows : 1
vref_val = 1.184235e+00
ibias_val = 7.054789e-01
isup_val = 2.035191e-05
Reset re-loads circuit * tb_mc_untrimmed.spice -- issue #13 monte carlo mismatch analysis for the

Circuit: * tb_mc_untrimmed.spice -- issue #13 monte carlo mismatch analysis for the

Doing analysis at TEMP = 27.000000 and TNOM = 27.000000

Using SPARSE 1.3 as Direct Linear Solver
 Reference value :  0.00000e+00
No. of Data Rows : 1
vref_val = 1.191371e+00
ibias_val = 7.071135e-01
isup_val = 2.062277e-05
Reset re-loads circuit * tb_mc_untrimmed.spice -- issue #13 monte carlo mismatch analysis for the

Circuit: * tb_mc_untrimmed.spice -- issue #13 monte carlo mismatch analysis for the

Doing analysis at TEMP = 27.000000 and TNOM = 27.000000

Using SPARSE 1.3 as Direct Linear Solver
 Reference value :  0.00000e+00
No. of Data Rows : 1
vref_val = 1.186067e+00
ibias_val = 7.064251e-01
isup_val = 2.047519e-05
Reset re-loads circuit * tb_mc_untrimmed.spice -- issue #13 monte carlo mismatch analysis for the

Circuit: * tb_mc_untrimmed.spice -- issue #13 monte carlo mismatch analysis for the

Doing analysis at TEMP = 27.000000 and TNOM = 27.000000

Using SPARSE 1.3 as Direct Linear Solver
 Reference value :  0.00000e+00
No. of Data Rows : 1
vref_val = 1.185137e+00
ibias_val = 7.074599e-01
isup_val = 2.047291e-05
Reset re-loads circuit * tb_mc_untrimmed.spice -- issue #13 monte carlo mismatch analysis for the

Circuit: * tb_mc_untrimmed.spice -- issue #13 monte carlo mismatch analysis for the

Doing analysis at TEMP = 27.000000 and TNOM = 27.000000

Using SPARSE 1.3 as Direct Linear Solver
 Reference value :  0.00000e+00
No. of Data Rows : 1
vref_val = 1.189815e+00
ibias_val = 7.057101e-01
isup_val = 2.043484e-05
Reset re-loads circuit * tb_mc_untrimmed.spice -- issue #13 monte carlo mismatch analysis for the

Circuit: * tb_mc_untrimmed.spice -- issue #13 monte carlo mismatch analysis for the

Doing analysis at TEMP = 27.000000 and TNOM = 27.000000

Using SPARSE 1.3 as Direct Linear Solver
 Reference value :  0.00000e+00
No. of Data Rows : 1
vref_val = 1.189744e+00
ibias_val = 7.104672e-01
isup_val = 2.075021e-05
Reset re-loads circuit * tb_mc_untrimmed.spice -- issue #13 monte carlo mismatch analysis for the

Circuit: * tb_mc_untrimmed.spice -- issue #13 monte carlo mismatch analysis for the

Doing analysis at TEMP = 27.000000 and TNOM = 27.000000

Using SPARSE 1.3 as Direct Linear Solver
 Reference value :  0.00000e+00
No. of Data Rows : 1
vref_val = 1.191945e+00
ibias_val = 7.135429e-01
isup_val = 2.100473e-05
Reset re-loads circuit * tb_mc_untrimmed.spice -- issue #13 monte carlo mismatch analysis for the

Circuit: * tb_mc_untrimmed.spice -- issue #13 monte carlo mismatch analysis for the

Doing analysis at TEMP = 27.000000 and TNOM = 27.000000

Using SPARSE 1.3 as Direct Linear Solver
 Reference value :  0.00000e+00
No. of Data Rows : 1
vref_val = 1.201362e+00
ibias_val = 7.072665e-01
isup_val = 2.084767e-05
Reset re-loads circuit * tb_mc_untrimmed.spice -- issue #13 monte carlo mismatch analysis for the

Circuit: * tb_mc_untrimmed.spice -- issue #13 monte carlo mismatch analysis for the

Doing analysis at TEMP = 27.000000 and TNOM = 27.000000

Using SPARSE 1.3 as Direct Linear Solver
 Reference value :  0.00000e+00
No. of Data Rows : 1
vref_val = 1.201585e+00
ibias_val = 7.091112e-01
isup_val = 2.095989e-05
Reset re-loads circuit * tb_mc_untrimmed.spice -- issue #13 monte carlo mismatch analysis for the

Circuit: * tb_mc_untrimmed.spice -- issue #13 monte carlo mismatch analysis for the

Doing analysis at TEMP = 27.000000 and TNOM = 27.000000

Using SPARSE 1.3 as Direct Linear Solver
 Reference value :  0.00000e+00
No. of Data Rows : 1
vref_val = 1.188986e+00
ibias_val = 7.128358e-01
isup_val = 2.073089e-05
Reset re-loads circuit * tb_mc_untrimmed.spice -- issue #13 monte carlo mismatch analysis for the

Circuit: * tb_mc_untrimmed.spice -- issue #13 monte carlo mismatch analysis for the

Doing analysis at TEMP = 27.000000 and TNOM = 27.000000

Using SPARSE 1.3 as Direct Linear Solver
 Reference value :  0.00000e+00
No. of Data Rows : 1
vref_val = 1.186906e+00
ibias_val = 7.052077e-01
isup_val = 2.044802e-05
Reset re-loads circuit * tb_mc_untrimmed.spice -- issue #13 monte carlo mismatch analysis for the

Circuit: * tb_mc_untrimmed.spice -- issue #13 monte carlo mismatch analysis for the

Doing analysis at TEMP = 27.000000 and TNOM = 27.000000

Using SPARSE 1.3 as Direct Linear Solver
 Reference value :  0.00000e+00
No. of Data Rows : 1
vref_val = 1.192658e+00
ibias_val = 7.084438e-01
isup_val = 2.075858e-05
Reset re-loads circuit * tb_mc_untrimmed.spice -- issue #13 monte carlo mismatch analysis for the

Circuit: * tb_mc_untrimmed.spice -- issue #13 monte carlo mismatch analysis for the

Doing analysis at TEMP = 27.000000 and TNOM = 27.000000

Using SPARSE 1.3 as Direct Linear Solver
 Reference value :  0.00000e+00
No. of Data Rows : 1
vref_val = 1.192227e+00
ibias_val = 7.092100e-01
isup_val = 2.067767e-05
Reset re-loads circuit * tb_mc_untrimmed.spice -- issue #13 monte carlo mismatch analysis for the

Circuit: * tb_mc_untrimmed.spice -- issue #13 monte carlo mismatch analysis for the

Doing analysis at TEMP = 27.000000 and TNOM = 27.000000

Using SPARSE 1.3 as Direct Linear Solver
 Reference value :  0.00000e+00
No. of Data Rows : 1
vref_val = 1.192575e+00
ibias_val = 7.099705e-01
isup_val = 2.073794e-05
Reset re-loads circuit * tb_mc_untrimmed.spice -- issue #13 monte carlo mismatch analysis for the

Circuit: * tb_mc_untrimmed.spice -- issue #13 monte carlo mismatch analysis for the

Doing analysis at TEMP = 27.000000 and TNOM = 27.000000

Using SPARSE 1.3 as Direct Linear Solver
 Reference value :  0.00000e+00
No. of Data Rows : 1
vref_val = 1.194697e+00
ibias_val = 7.111711e-01
isup_val = 2.085764e-05
Reset re-loads circuit * tb_mc_untrimmed.spice -- issue #13 monte carlo mismatch analysis for the

Circuit: * tb_mc_untrimmed.spice -- issue #13 monte carlo mismatch analysis for the

Doing analysis at TEMP = 27.000000 and TNOM = 27.000000

Using SPARSE 1.3 as Direct Linear Solver
 Reference value :  0.00000e+00
No. of Data Rows : 1
vref_val = 1.192180e+00
ibias_val = 7.055439e-01
isup_val = 2.048100e-05
Reset re-loads circuit * tb_mc_untrimmed.spice -- issue #13 monte carlo mismatch analysis for the

Circuit: * tb_mc_untrimmed.spice -- issue #13 monte carlo mismatch analysis for the

Doing analysis at TEMP = 27.000000 and TNOM = 27.000000

Using SPARSE 1.3 as Direct Linear Solver
 Reference value :  0.00000e+00
No. of Data Rows : 1
vref_val = 1.189135e+00
ibias_val = 7.128360e-01
isup_val = 2.078231e-05
Reset re-loads circuit * tb_mc_untrimmed.spice -- issue #13 monte carlo mismatch analysis for the

Circuit: * tb_mc_untrimmed.spice -- issue #13 monte carlo mismatch analysis for the

Doing analysis at TEMP = 27.000000 and TNOM = 27.000000

Using SPARSE 1.3 as Direct Linear Solver
 Reference value :  0.00000e+00
No. of Data Rows : 1
vref_val = 1.190578e+00
ibias_val = 7.120494e-01
isup_val = 2.082365e-05
Reset re-loads circuit * tb_mc_untrimmed.spice -- issue #13 monte carlo mismatch analysis for the

Circuit: * tb_mc_untrimmed.spice -- issue #13 monte carlo mismatch analysis for the

Doing analysis at TEMP = 27.000000 and TNOM = 27.000000

Using SPARSE 1.3 as Direct Linear Solver
 Reference value :  0.00000e+00
No. of Data Rows : 1
vref_val = 1.197599e+00
ibias_val = 7.070298e-01
isup_val = 2.076666e-05
Reset re-loads circuit * tb_mc_untrimmed.spice -- issue #13 monte carlo mismatch analysis for the

Circuit: * tb_mc_untrimmed.spice -- issue #13 monte carlo mismatch analysis for the

Doing analysis at TEMP = 27.000000 and TNOM = 27.000000

Using SPARSE 1.3 as Direct Linear Solver
 Reference value :  0.00000e+00
No. of Data Rows : 1
vref_val = 1.196358e+00
ibias_val = 7.101318e-01
isup_val = 2.082335e-05
Reset re-loads circuit * tb_mc_untrimmed.spice -- issue #13 monte carlo mismatch analysis for the

Circuit: * tb_mc_untrimmed.spice -- issue #13 monte carlo mismatch analysis for the

Doing analysis at TEMP = 27.000000 and TNOM = 27.000000

Using SPARSE 1.3 as Direct Linear Solver
 Reference value :  0.00000e+00
No. of Data Rows : 1
vref_val = 1.200289e+00
ibias_val = 7.093637e-01
isup_val = 2.092100e-05
Reset re-loads circuit * tb_mc_untrimmed.spice -- issue #13 monte carlo mismatch analysis for the

Circuit: * tb_mc_untrimmed.spice -- issue #13 monte carlo mismatch analysis for the

Doing analysis at TEMP = 27.000000 and TNOM = 27.000000

Using SPARSE 1.3 as Direct Linear Solver
 Reference value :  0.00000e+00
No. of Data Rows : 1
vref_val = 1.194693e+00
ibias_val = 7.092753e-01
isup_val = 2.078786e-05
Reset re-loads circuit * tb_mc_untrimmed.spice -- issue #13 monte carlo mismatch analysis for the

Circuit: * tb_mc_untrimmed.spice -- issue #13 monte carlo mismatch analysis for the

Doing analysis at TEMP = 27.000000 and TNOM = 27.000000

Using SPARSE 1.3 as Direct Linear Solver
 Reference value :  0.00000e+00
No. of Data Rows : 1
vref_val = 1.189504e+00
ibias_val = 7.079869e-01
isup_val = 2.063737e-05
Reset re-loads circuit * tb_mc_untrimmed.spice -- issue #13 monte carlo mismatch analysis for the

Circuit: * tb_mc_untrimmed.spice -- issue #13 monte carlo mismatch analysis for the

Doing analysis at TEMP = 27.000000 and TNOM = 27.000000

Using SPARSE 1.3 as Direct Linear Solver
 Reference value :  0.00000e+00
No. of Data Rows : 1
vref_val = 1.195508e+00
ibias_val = 7.119019e-01
isup_val = 2.102937e-05
Reset re-loads circuit * tb_mc_untrimmed.spice -- issue #13 monte carlo mismatch analysis for the

Circuit: * tb_mc_untrimmed.spice -- issue #13 monte carlo mismatch analysis for the

Doing analysis at TEMP = 27.000000 and TNOM = 27.000000

Using SPARSE 1.3 as Direct Linear Solver
 Reference value :  0.00000e+00
No. of Data Rows : 1
vref_val = 1.197991e+00
ibias_val = 7.055762e-01
isup_val = 2.062509e-05
Reset re-loads circuit * tb_mc_untrimmed.spice -- issue #13 monte carlo mismatch analysis for the

Circuit: * tb_mc_untrimmed.spice -- issue #13 monte carlo mismatch analysis for the

Doing analysis at TEMP = 27.000000 and TNOM = 27.000000

Using SPARSE 1.3 as Direct Linear Solver
 Reference value :  0.00000e+00
No. of Data Rows : 1
vref_val = 1.195096e+00
ibias_val = 7.075161e-01
isup_val = 2.063649e-05
Reset re-loads circuit * tb_mc_untrimmed.spice -- issue #13 monte carlo mismatch analysis for the

Circuit: * tb_mc_untrimmed.spice -- issue #13 monte carlo mismatch analysis for the

Doing analysis at TEMP = 27.000000 and TNOM = 27.000000

Using SPARSE 1.3 as Direct Linear Solver
 Reference value :  0.00000e+00
No. of Data Rows : 1
vref_val = 1.196929e+00
ibias_val = 7.073122e-01
isup_val = 2.075177e-05
Reset re-loads circuit * tb_mc_untrimmed.spice -- issue #13 monte carlo mismatch analysis for the

Circuit: * tb_mc_untrimmed.spice -- issue #13 monte carlo mismatch analysis for the

Doing analysis at TEMP = 27.000000 and TNOM = 27.000000

Using SPARSE 1.3 as Direct Linear Solver
 Reference value :  0.00000e+00
No. of Data Rows : 1
vref_val = 1.193512e+00
ibias_val = 7.094042e-01
isup_val = 2.070241e-05
Reset re-loads circuit * tb_mc_untrimmed.spice -- issue #13 monte carlo mismatch analysis for the

Circuit: * tb_mc_untrimmed.spice -- issue #13 monte carlo mismatch analysis for the

Doing analysis at TEMP = 27.000000 and TNOM = 27.000000

Using SPARSE 1.3 as Direct Linear Solver
 Reference value :  0.00000e+00
No. of Data Rows : 1
vref_val = 1.190892e+00
ibias_val = 7.105451e-01
isup_val = 2.072710e-05
Reset re-loads circuit * tb_mc_untrimmed.spice -- issue #13 monte carlo mismatch analysis for the

Circuit: * tb_mc_untrimmed.spice -- issue #13 monte carlo mismatch analysis for the

Doing analysis at TEMP = 27.000000 and TNOM = 27.000000

Using SPARSE 1.3 as Direct Linear Solver
 Reference value :  0.00000e+00
No. of Data Rows : 1
vref_val = 1.186017e+00
ibias_val = 7.091055e-01
isup_val = 2.051581e-05
Reset re-loads circuit * tb_mc_untrimmed.spice -- issue #13 monte carlo mismatch analysis for the

Circuit: * tb_mc_untrimmed.spice -- issue #13 monte carlo mismatch analysis for the

Doing analysis at TEMP = 27.000000 and TNOM = 27.000000

Using SPARSE 1.3 as Direct Linear Solver
 Reference value :  0.00000e+00
No. of Data Rows : 1
vref_val = 1.195495e+00
ibias_val = 7.134788e-01
isup_val = 2.095818e-05
Reset re-loads circuit * tb_mc_untrimmed.spice -- issue #13 monte carlo mismatch analysis for the

Circuit: * tb_mc_untrimmed.spice -- issue #13 monte carlo mismatch analysis for the

Doing analysis at TEMP = 27.000000 and TNOM = 27.000000

Using SPARSE 1.3 as Direct Linear Solver
 Reference value :  0.00000e+00
No. of Data Rows : 1
vref_val = 1.184791e+00
ibias_val = 7.110282e-01
isup_val = 2.048032e-05
Reset re-loads circuit * tb_mc_untrimmed.spice -- issue #13 monte carlo mismatch analysis for the

Circuit: * tb_mc_untrimmed.spice -- issue #13 monte carlo mismatch analysis for the

Doing analysis at TEMP = 27.000000 and TNOM = 27.000000

Using SPARSE 1.3 as Direct Linear Solver
 Reference value :  0.00000e+00
No. of Data Rows : 1
vref_val = 1.188767e+00
ibias_val = 7.090786e-01
isup_val = 2.052915e-05
Reset re-loads circuit * tb_mc_untrimmed.spice -- issue #13 monte carlo mismatch analysis for the

Circuit: * tb_mc_untrimmed.spice -- issue #13 monte carlo mismatch analysis for the

Doing analysis at TEMP = 27.000000 and TNOM = 27.000000

Using SPARSE 1.3 as Direct Linear Solver
 Reference value :  0.00000e+00
No. of Data Rows : 1
vref_val = 1.198386e+00
ibias_val = 7.068123e-01
isup_val = 2.080702e-05
Reset re-loads circuit * tb_mc_untrimmed.spice -- issue #13 monte carlo mismatch analysis for the

Circuit: * tb_mc_untrimmed.spice -- issue #13 monte carlo mismatch analysis for the

Doing analysis at TEMP = 27.000000 and TNOM = 27.000000

Using SPARSE 1.3 as Direct Linear Solver
 Reference value :  0.00000e+00
No. of Data Rows : 1
vref_val = 1.199603e+00
ibias_val = 7.071488e-01
isup_val = 2.079068e-05
Reset re-loads circuit * tb_mc_untrimmed.spice -- issue #13 monte carlo mismatch analysis for the

Circuit: * tb_mc_untrimmed.spice -- issue #13 monte carlo mismatch analysis for the

Doing analysis at TEMP = 27.000000 and TNOM = 27.000000

Using SPARSE 1.3 as Direct Linear Solver
 Reference value :  0.00000e+00
No. of Data Rows : 1
vref_val = 1.176990e+00
ibias_val = 7.038219e-01
isup_val = 2.006511e-05
Reset re-loads circuit * tb_mc_untrimmed.spice -- issue #13 monte carlo mismatch analysis for the

Circuit: * tb_mc_untrimmed.spice -- issue #13 monte carlo mismatch analysis for the

Doing analysis at TEMP = 27.000000 and TNOM = 27.000000

Using SPARSE 1.3 as Direct Linear Solver
 Reference value :  0.00000e+00
No. of Data Rows : 1
vref_val = 1.185932e+00
ibias_val = 7.049927e-01
isup_val = 2.035240e-05
Reset re-loads circuit * tb_mc_untrimmed.spice -- issue #13 monte carlo mismatch analysis for the

Circuit: * tb_mc_untrimmed.spice -- issue #13 monte carlo mismatch analysis for the

Doing analysis at TEMP = 27.000000 and TNOM = 27.000000

Using SPARSE 1.3 as Direct Linear Solver
 Reference value :  0.00000e+00
No. of Data Rows : 1
vref_val = 1.198292e+00
ibias_val = 7.102552e-01
isup_val = 2.084100e-05
Reset re-loads circuit * tb_mc_untrimmed.spice -- issue #13 monte carlo mismatch analysis for the

Circuit: * tb_mc_untrimmed.spice -- issue #13 monte carlo mismatch analysis for the

Doing analysis at TEMP = 27.000000 and TNOM = 27.000000

Using SPARSE 1.3 as Direct Linear Solver
 Reference value :  0.00000e+00
No. of Data Rows : 1
vref_val = 1.193868e+00
ibias_val = 7.060150e-01
isup_val = 2.062359e-05
Reset re-loads circuit * tb_mc_untrimmed.spice -- issue #13 monte carlo mismatch analysis for the

Circuit: * tb_mc_untrimmed.spice -- issue #13 monte carlo mismatch analysis for the

Doing analysis at TEMP = 27.000000 and TNOM = 27.000000

Using SPARSE 1.3 as Direct Linear Solver
 Reference value :  0.00000e+00
No. of Data Rows : 1
vref_val = 1.192518e+00
ibias_val = 7.070935e-01
isup_val = 2.056719e-05
Reset re-loads circuit * tb_mc_untrimmed.spice -- issue #13 monte carlo mismatch analysis for the

Circuit: * tb_mc_untrimmed.spice -- issue #13 monte carlo mismatch analysis for the

Doing analysis at TEMP = 27.000000 and TNOM = 27.000000

Using SPARSE 1.3 as Direct Linear Solver
 Reference value :  0.00000e+00
No. of Data Rows : 1
vref_val = 1.187848e+00
ibias_val = 7.045363e-01
isup_val = 2.036469e-05
Reset re-loads circuit * tb_mc_untrimmed.spice -- issue #13 monte carlo mismatch analysis for the

Circuit: * tb_mc_untrimmed.spice -- issue #13 monte carlo mismatch analysis for the

Doing analysis at TEMP = 27.000000 and TNOM = 27.000000

Using SPARSE 1.3 as Direct Linear Solver
 Reference value :  0.00000e+00
No. of Data Rows : 1
vref_val = 1.189109e+00
ibias_val = 7.097980e-01
isup_val = 2.065507e-05
Reset re-loads circuit * tb_mc_untrimmed.spice -- issue #13 monte carlo mismatch analysis for the

Circuit: * tb_mc_untrimmed.spice -- issue #13 monte carlo mismatch analysis for the

Doing analysis at TEMP = 27.000000 and TNOM = 27.000000

Using SPARSE 1.3 as Direct Linear Solver
 Reference value :  0.00000e+00
No. of Data Rows : 1
vref_val = 1.198320e+00
ibias_val = 7.068940e-01
isup_val = 2.080766e-05
Reset re-loads circuit * tb_mc_untrimmed.spice -- issue #13 monte carlo mismatch analysis for the

Circuit: * tb_mc_untrimmed.spice -- issue #13 monte carlo mismatch analysis for the

Doing analysis at TEMP = 27.000000 and TNOM = 27.000000

Using SPARSE 1.3 as Direct Linear Solver
 Reference value :  0.00000e+00
No. of Data Rows : 1
vref_val = 1.194311e+00
ibias_val = 7.136658e-01
isup_val = 2.101386e-05
Reset re-loads circuit * tb_mc_untrimmed.spice -- issue #13 monte carlo mismatch analysis for the

Circuit: * tb_mc_untrimmed.spice -- issue #13 monte carlo mismatch analysis for the

Doing analysis at TEMP = 27.000000 and TNOM = 27.000000

Using SPARSE 1.3 as Direct Linear Solver
 Reference value :  0.00000e+00
No. of Data Rows : 1
vref_val = 1.198724e+00
ibias_val = 7.089410e-01
isup_val = 2.080573e-05
Reset re-loads circuit * tb_mc_untrimmed.spice -- issue #13 monte carlo mismatch analysis for the

Circuit: * tb_mc_untrimmed.spice -- issue #13 monte carlo mismatch analysis for the

Doing analysis at TEMP = 27.000000 and TNOM = 27.000000

Using SPARSE 1.3 as Direct Linear Solver
 Reference value :  0.00000e+00
No. of Data Rows : 1
vref_val = 1.201600e+00
ibias_val = 7.114602e-01
isup_val = 2.106669e-05
Reset re-loads circuit * tb_mc_untrimmed.spice -- issue #13 monte carlo mismatch analysis for the

Circuit: * tb_mc_untrimmed.spice -- issue #13 monte carlo mismatch analysis for the

Doing analysis at TEMP = 27.000000 and TNOM = 27.000000

Using SPARSE 1.3 as Direct Linear Solver
 Reference value :  0.00000e+00
No. of Data Rows : 1
vref_val = 1.196129e+00
ibias_val = 7.111234e-01
isup_val = 2.087116e-05
Reset re-loads circuit * tb_mc_untrimmed.spice -- issue #13 monte carlo mismatch analysis for the

Circuit: * tb_mc_untrimmed.spice -- issue #13 monte carlo mismatch analysis for the

Doing analysis at TEMP = 27.000000 and TNOM = 27.000000

Using SPARSE 1.3 as Direct Linear Solver
 Reference value :  0.00000e+00
No. of Data Rows : 1
vref_val = 1.187175e+00
ibias_val = 7.059063e-01
isup_val = 2.040379e-05
Reset re-loads circuit * tb_mc_untrimmed.spice -- issue #13 monte carlo mismatch analysis for the

Circuit: * tb_mc_untrimmed.spice -- issue #13 monte carlo mismatch analysis for the

Doing analysis at TEMP = 27.000000 and TNOM = 27.000000

Using SPARSE 1.3 as Direct Linear Solver
 Reference value :  0.00000e+00
No. of Data Rows : 1
vref_val = 1.195846e+00
ibias_val = 7.107762e-01
isup_val = 2.093652e-05
Reset re-loads circuit * tb_mc_untrimmed.spice -- issue #13 monte carlo mismatch analysis for the

Circuit: * tb_mc_untrimmed.spice -- issue #13 monte carlo mismatch analysis for the

Doing analysis at TEMP = 27.000000 and TNOM = 27.000000

Using SPARSE 1.3 as Direct Linear Solver
 Reference value :  0.00000e+00
No. of Data Rows : 1
vref_val = 1.195407e+00
ibias_val = 7.085505e-01
isup_val = 2.082180e-05
Reset re-loads circuit * tb_mc_untrimmed.spice -- issue #13 monte carlo mismatch analysis for the

Circuit: * tb_mc_untrimmed.spice -- issue #13 monte carlo mismatch analysis for the

Doing analysis at TEMP = 27.000000 and TNOM = 27.000000

Using SPARSE 1.3 as Direct Linear Solver
 Reference value :  0.00000e+00
No. of Data Rows : 1
vref_val = 1.196982e+00
ibias_val = 7.075023e-01
isup_val = 2.071298e-05
Reset re-loads circuit * tb_mc_untrimmed.spice -- issue #13 monte carlo mismatch analysis for the

Circuit: * tb_mc_untrimmed.spice -- issue #13 monte carlo mismatch analysis for the

Doing analysis at TEMP = 27.000000 and TNOM = 27.000000

Using SPARSE 1.3 as Direct Linear Solver
 Reference value :  0.00000e+00
No. of Data Rows : 1
vref_val = 1.191142e+00
ibias_val = 7.082881e-01
isup_val = 2.072474e-05
Reset re-loads circuit * tb_mc_untrimmed.spice -- issue #13 monte carlo mismatch analysis for the

Circuit: * tb_mc_untrimmed.spice -- issue #13 monte carlo mismatch analysis for the

Doing analysis at TEMP = 27.000000 and TNOM = 27.000000

Using SPARSE 1.3 as Direct Linear Solver
 Reference value :  0.00000e+00
No. of Data Rows : 1
vref_val = 1.196294e+00
ibias_val = 7.051316e-01
isup_val = 2.070037e-05
Reset re-loads circuit * tb_mc_untrimmed.spice -- issue #13 monte carlo mismatch analysis for the

Circuit: * tb_mc_untrimmed.spice -- issue #13 monte carlo mismatch analysis for the

Doing analysis at TEMP = 27.000000 and TNOM = 27.000000

Using SPARSE 1.3 as Direct Linear Solver
 Reference value :  0.00000e+00
No. of Data Rows : 1
vref_val = 1.188609e+00
ibias_val = 7.072456e-01
isup_val = 2.057334e-05
Reset re-loads circuit * tb_mc_untrimmed.spice -- issue #13 monte carlo mismatch analysis for the

Circuit: * tb_mc_untrimmed.spice -- issue #13 monte carlo mismatch analysis for the

Doing analysis at TEMP = 27.000000 and TNOM = 27.000000

Using SPARSE 1.3 as Direct Linear Solver
 Reference value :  0.00000e+00
No. of Data Rows : 1
vref_val = 1.197156e+00
ibias_val = 7.132148e-01
isup_val = 2.101294e-05
Reset re-loads circuit * tb_mc_untrimmed.spice -- issue #13 monte carlo mismatch analysis for the

Circuit: * tb_mc_untrimmed.spice -- issue #13 monte carlo mismatch analysis for the

Doing analysis at TEMP = 27.000000 and TNOM = 27.000000

Using SPARSE 1.3 as Direct Linear Solver
 Reference value :  0.00000e+00
No. of Data Rows : 1
vref_val = 1.197513e+00
ibias_val = 7.148349e-01
isup_val = 2.114637e-05
Reset re-loads circuit * tb_mc_untrimmed.spice -- issue #13 monte carlo mismatch analysis for the

Circuit: * tb_mc_untrimmed.spice -- issue #13 monte carlo mismatch analysis for the

Doing analysis at TEMP = 27.000000 and TNOM = 27.000000

Using SPARSE 1.3 as Direct Linear Solver
 Reference value :  0.00000e+00
No. of Data Rows : 1
vref_val = 1.186864e+00
ibias_val = 7.073323e-01
isup_val = 2.043311e-05
Reset re-loads circuit * tb_mc_untrimmed.spice -- issue #13 monte carlo mismatch analysis for the

Circuit: * tb_mc_untrimmed.spice -- issue #13 monte carlo mismatch analysis for the

Doing analysis at TEMP = 27.000000 and TNOM = 27.000000

Using SPARSE 1.3 as Direct Linear Solver
 Reference value :  0.00000e+00
No. of Data Rows : 1
vref_val = 1.201842e+00
ibias_val = 7.075479e-01
isup_val = 2.083034e-05
Reset re-loads circuit * tb_mc_untrimmed.spice -- issue #13 monte carlo mismatch analysis for the

Circuit: * tb_mc_untrimmed.spice -- issue #13 monte carlo mismatch analysis for the

Doing analysis at TEMP = 27.000000 and TNOM = 27.000000

Using SPARSE 1.3 as Direct Linear Solver
 Reference value :  0.00000e+00
No. of Data Rows : 1
vref_val = 1.187925e+00
ibias_val = 7.095367e-01
isup_val = 2.058377e-05
Reset re-loads circuit * tb_mc_untrimmed.spice -- issue #13 monte carlo mismatch analysis for the

Circuit: * tb_mc_untrimmed.spice -- issue #13 monte carlo mismatch analysis for the

Doing analysis at TEMP = 27.000000 and TNOM = 27.000000

Using SPARSE 1.3 as Direct Linear Solver
 Reference value :  0.00000e+00
No. of Data Rows : 1
vref_val = 1.201003e+00
ibias_val = 7.076200e-01
isup_val = 2.087846e-05
Reset re-loads circuit * tb_mc_untrimmed.spice -- issue #13 monte carlo mismatch analysis for the

Circuit: * tb_mc_untrimmed.spice -- issue #13 monte carlo mismatch analysis for the

Doing analysis at TEMP = 27.000000 and TNOM = 27.000000

Using SPARSE 1.3 as Direct Linear Solver
 Reference value :  0.00000e+00
No. of Data Rows : 1
vref_val = 1.183204e+00
ibias_val = 7.062996e-01
isup_val = 2.022734e-05
Reset re-loads circuit * tb_mc_untrimmed.spice -- issue #13 monte carlo mismatch analysis for the

Circuit: * tb_mc_untrimmed.spice -- issue #13 monte carlo mismatch analysis for the

Doing analysis at TEMP = 27.000000 and TNOM = 27.000000

Using SPARSE 1.3 as Direct Linear Solver
 Reference value :  0.00000e+00
No. of Data Rows : 1
vref_val = 1.195897e+00
ibias_val = 7.129223e-01
isup_val = 2.096332e-05
Reset re-loads circuit * tb_mc_untrimmed.spice -- issue #13 monte carlo mismatch analysis for the

Circuit: * tb_mc_untrimmed.spice -- issue #13 monte carlo mismatch analysis for the

Doing analysis at TEMP = 27.000000 and TNOM = 27.000000

Using SPARSE 1.3 as Direct Linear Solver
 Reference value :  0.00000e+00
No. of Data Rows : 1
vref_val = 1.193577e+00
ibias_val = 7.086769e-01
isup_val = 2.061935e-05
Reset re-loads circuit * tb_mc_untrimmed.spice -- issue #13 monte carlo mismatch analysis for the

Circuit: * tb_mc_untrimmed.spice -- issue #13 monte carlo mismatch analysis for the

Doing analysis at TEMP = 27.000000 and TNOM = 27.000000

Using SPARSE 1.3 as Direct Linear Solver
 Reference value :  0.00000e+00
No. of Data Rows : 1
vref_val = 1.196447e+00
ibias_val = 7.095867e-01
isup_val = 2.085963e-05
Reset re-loads circuit * tb_mc_untrimmed.spice -- issue #13 monte carlo mismatch analysis for the

Circuit: * tb_mc_untrimmed.spice -- issue #13 monte carlo mismatch analysis for the

Doing analysis at TEMP = 27.000000 and TNOM = 27.000000

Using SPARSE 1.3 as Direct Linear Solver
 Reference value :  0.00000e+00
No. of Data Rows : 1
vref_val = 1.194133e+00
ibias_val = 7.097958e-01
isup_val = 2.082272e-05
Reset re-loads circuit * tb_mc_untrimmed.spice -- issue #13 monte carlo mismatch analysis for the

Circuit: * tb_mc_untrimmed.spice -- issue #13 monte carlo mismatch analysis for the

Doing analysis at TEMP = 27.000000 and TNOM = 27.000000

Using SPARSE 1.3 as Direct Linear Solver
 Reference value :  0.00000e+00
No. of Data Rows : 1
vref_val = 1.196840e+00
ibias_val = 7.086987e-01
isup_val = 2.088764e-05
Reset re-loads circuit * tb_mc_untrimmed.spice -- issue #13 monte carlo mismatch analysis for the

Circuit: * tb_mc_untrimmed.spice -- issue #13 monte carlo mismatch analysis for the

Doing analysis at TEMP = 27.000000 and TNOM = 27.000000

Using SPARSE 1.3 as Direct Linear Solver
 Reference value :  0.00000e+00
No. of Data Rows : 1
vref_val = 1.197238e+00
ibias_val = 7.096948e-01
isup_val = 2.088587e-05
Reset re-loads circuit * tb_mc_untrimmed.spice -- issue #13 monte carlo mismatch analysis for the

Circuit: * tb_mc_untrimmed.spice -- issue #13 monte carlo mismatch analysis for the

Doing analysis at TEMP = 27.000000 and TNOM = 27.000000

Using SPARSE 1.3 as Direct Linear Solver
 Reference value :  0.00000e+00
No. of Data Rows : 1
vref_val = 1.183566e+00
ibias_val = 7.064091e-01
isup_val = 2.040076e-05
Reset re-loads circuit * tb_mc_untrimmed.spice -- issue #13 monte carlo mismatch analysis for the

Circuit: * tb_mc_untrimmed.spice -- issue #13 monte carlo mismatch analysis for the

Doing analysis at TEMP = 27.000000 and TNOM = 27.000000

Using SPARSE 1.3 as Direct Linear Solver
 Reference value :  0.00000e+00
No. of Data Rows : 1
vref_val = 1.198887e+00
ibias_val = 7.115200e-01
isup_val = 2.099554e-05
Reset re-loads circuit * tb_mc_untrimmed.spice -- issue #13 monte carlo mismatch analysis for the

Circuit: * tb_mc_untrimmed.spice -- issue #13 monte carlo mismatch analysis for the

Doing analysis at TEMP = 27.000000 and TNOM = 27.000000

Using SPARSE 1.3 as Direct Linear Solver
 Reference value :  0.00000e+00
No. of Data Rows : 1
vref_val = 1.203666e+00
ibias_val = 7.165095e-01
isup_val = 2.144490e-05
Reset re-loads circuit * tb_mc_untrimmed.spice -- issue #13 monte carlo mismatch analysis for the

Circuit: * tb_mc_untrimmed.spice -- issue #13 monte carlo mismatch analysis for the

Doing analysis at TEMP = 27.000000 and TNOM = 27.000000

Using SPARSE 1.3 as Direct Linear Solver
 Reference value :  0.00000e+00
No. of Data Rows : 1
vref_val = 1.188971e+00
ibias_val = 7.088476e-01
isup_val = 2.073890e-05
Reset re-loads circuit * tb_mc_untrimmed.spice -- issue #13 monte carlo mismatch analysis for the

Circuit: * tb_mc_untrimmed.spice -- issue #13 monte carlo mismatch analysis for the

Doing analysis at TEMP = 27.000000 and TNOM = 27.000000

Using SPARSE 1.3 as Direct Linear Solver
 Reference value :  0.00000e+00
No. of Data Rows : 1
vref_val = 1.203376e+00
ibias_val = 7.111295e-01
isup_val = 2.115178e-05
Reset re-loads circuit * tb_mc_untrimmed.spice -- issue #13 monte carlo mismatch analysis for the

Circuit: * tb_mc_untrimmed.spice -- issue #13 monte carlo mismatch analysis for the

Doing analysis at TEMP = 27.000000 and TNOM = 27.000000

Using SPARSE 1.3 as Direct Linear Solver
 Reference value :  0.00000e+00
No. of Data Rows : 1
vref_val = 1.190828e+00
ibias_val = 7.085008e-01
isup_val = 2.065158e-05
Reset re-loads circuit * tb_mc_untrimmed.spice -- issue #13 monte carlo mismatch analysis for the

Circuit: * tb_mc_untrimmed.spice -- issue #13 monte carlo mismatch analysis for the

Doing analysis at TEMP = 27.000000 and TNOM = 27.000000

Using SPARSE 1.3 as Direct Linear Solver
 Reference value :  0.00000e+00
No. of Data Rows : 1
vref_val = 1.182722e+00
ibias_val = 7.084732e-01
isup_val = 2.030330e-05
Reset re-loads circuit * tb_mc_untrimmed.spice -- issue #13 monte carlo mismatch analysis for the

Circuit: * tb_mc_untrimmed.spice -- issue #13 monte carlo mismatch analysis for the

Doing analysis at TEMP = 27.000000 and TNOM = 27.000000

Using SPARSE 1.3 as Direct Linear Solver
 Reference value :  0.00000e+00
No. of Data Rows : 1
vref_val = 1.184041e+00
ibias_val = 7.073168e-01
isup_val = 2.030907e-05
Reset re-loads circuit * tb_mc_untrimmed.spice -- issue #13 monte carlo mismatch analysis for the

Circuit: * tb_mc_untrimmed.spice -- issue #13 monte carlo mismatch analysis for the

Doing analysis at TEMP = 27.000000 and TNOM = 27.000000

Using SPARSE 1.3 as Direct Linear Solver
 Reference value :  0.00000e+00
No. of Data Rows : 1
vref_val = 1.187813e+00
ibias_val = 7.022054e-01
isup_val = 2.023505e-05
Reset re-loads circuit * tb_mc_untrimmed.spice -- issue #13 monte carlo mismatch analysis for the

Circuit: * tb_mc_untrimmed.spice -- issue #13 monte carlo mismatch analysis for the

Doing analysis at TEMP = 27.000000 and TNOM = 27.000000

Using SPARSE 1.3 as Direct Linear Solver
 Reference value :  0.00000e+00
No. of Data Rows : 1
vref_val = 1.195802e+00
ibias_val = 7.109607e-01
isup_val = 2.093783e-05
Reset re-loads circuit * tb_mc_untrimmed.spice -- issue #13 monte carlo mismatch analysis for the

Circuit: * tb_mc_untrimmed.spice -- issue #13 monte carlo mismatch analysis for the

Doing analysis at TEMP = 27.000000 and TNOM = 27.000000

Using SPARSE 1.3 as Direct Linear Solver
 Reference value :  0.00000e+00
No. of Data Rows : 1
vref_val = 1.190151e+00
ibias_val = 7.107722e-01
isup_val = 2.070240e-05
Reset re-loads circuit * tb_mc_untrimmed.spice -- issue #13 monte carlo mismatch analysis for the

Circuit: * tb_mc_untrimmed.spice -- issue #13 monte carlo mismatch analysis for the

Doing analysis at TEMP = 27.000000 and TNOM = 27.000000

Using SPARSE 1.3 as Direct Linear Solver
 Reference value :  0.00000e+00
No. of Data Rows : 1
vref_val = 1.188281e+00
ibias_val = 7.047277e-01
isup_val = 2.039967e-05
Reset re-loads circuit * tb_mc_untrimmed.spice -- issue #13 monte carlo mismatch analysis for the

Circuit: * tb_mc_untrimmed.spice -- issue #13 monte carlo mismatch analysis for the

Doing analysis at TEMP = 27.000000 and TNOM = 27.000000

Using SPARSE 1.3 as Direct Linear Solver
 Reference value :  0.00000e+00
No. of Data Rows : 1
vref_val = 1.176740e+00
ibias_val = 7.052829e-01
isup_val = 2.006519e-05
Reset re-loads circuit * tb_mc_untrimmed.spice -- issue #13 monte carlo mismatch analysis for the

Circuit: * tb_mc_untrimmed.spice -- issue #13 monte carlo mismatch analysis for the

Doing analysis at TEMP = 27.000000 and TNOM = 27.000000

Using SPARSE 1.3 as Direct Linear Solver
 Reference value :  0.00000e+00
No. of Data Rows : 1
vref_val = 1.186598e+00
ibias_val = 7.096430e-01
isup_val = 2.058865e-05
Reset re-loads circuit * tb_mc_untrimmed.spice -- issue #13 monte carlo mismatch analysis for the

Circuit: * tb_mc_untrimmed.spice -- issue #13 monte carlo mismatch analysis for the

Doing analysis at TEMP = 27.000000 and TNOM = 27.000000

Using SPARSE 1.3 as Direct Linear Solver
 Reference value :  0.00000e+00
No. of Data Rows : 1
vref_val = 1.190905e+00
ibias_val = 7.078253e-01
isup_val = 2.059830e-05
Reset re-loads circuit * tb_mc_untrimmed.spice -- issue #13 monte carlo mismatch analysis for the

Circuit: * tb_mc_untrimmed.spice -- issue #13 monte carlo mismatch analysis for the

Doing analysis at TEMP = 27.000000 and TNOM = 27.000000

Using SPARSE 1.3 as Direct Linear Solver
 Reference value :  0.00000e+00
No. of Data Rows : 1
vref_val = 1.197444e+00
ibias_val = 7.092433e-01
isup_val = 2.081111e-05
Reset re-loads circuit * tb_mc_untrimmed.spice -- issue #13 monte carlo mismatch analysis for the

Circuit: * tb_mc_untrimmed.spice -- issue #13 monte carlo mismatch analysis for the

Doing analysis at TEMP = 27.000000 and TNOM = 27.000000

Using SPARSE 1.3 as Direct Linear Solver
 Reference value :  0.00000e+00
No. of Data Rows : 1
vref_val = 1.187406e+00
ibias_val = 7.043295e-01
isup_val = 2.029856e-05
Reset re-loads circuit * tb_mc_untrimmed.spice -- issue #13 monte carlo mismatch analysis for the

Circuit: * tb_mc_untrimmed.spice -- issue #13 monte carlo mismatch analysis for the

Doing analysis at TEMP = 27.000000 and TNOM = 27.000000

Using SPARSE 1.3 as Direct Linear Solver
 Reference value :  0.00000e+00
No. of Data Rows : 1
vref_val = 1.196246e+00
ibias_val = 7.096709e-01
isup_val = 2.075032e-05
Reset re-loads circuit * tb_mc_untrimmed.spice -- issue #13 monte carlo mismatch analysis for the

Circuit: * tb_mc_untrimmed.spice -- issue #13 monte carlo mismatch analysis for the

Doing analysis at TEMP = 27.000000 and TNOM = 27.000000

Using SPARSE 1.3 as Direct Linear Solver
 Reference value :  0.00000e+00
No. of Data Rows : 1
vref_val = 1.193462e+00
ibias_val = 7.109920e-01
isup_val = 2.084747e-05
Reset re-loads circuit * tb_mc_untrimmed.spice -- issue #13 monte carlo mismatch analysis for the

Circuit: * tb_mc_untrimmed.spice -- issue #13 monte carlo mismatch analysis for the

Doing analysis at TEMP = 27.000000 and TNOM = 27.000000

Using SPARSE 1.3 as Direct Linear Solver
 Reference value :  0.00000e+00
No. of Data Rows : 1
vref_val = 1.181053e+00
ibias_val = 7.030487e-01
isup_val = 2.004973e-05
Reset re-loads circuit * tb_mc_untrimmed.spice -- issue #13 monte carlo mismatch analysis for the

Circuit: * tb_mc_untrimmed.spice -- issue #13 monte carlo mismatch analysis for the

Doing analysis at TEMP = 27.000000 and TNOM = 27.000000

Using SPARSE 1.3 as Direct Linear Solver
 Reference value :  0.00000e+00
No. of Data Rows : 1
vref_val = 1.185240e+00
ibias_val = 7.083331e-01
isup_val = 2.045073e-05
Reset re-loads circuit * tb_mc_untrimmed.spice -- issue #13 monte carlo mismatch analysis for the

Circuit: * tb_mc_untrimmed.spice -- issue #13 monte carlo mismatch analysis for the

Doing analysis at TEMP = 27.000000 and TNOM = 27.000000

Using SPARSE 1.3 as Direct Linear Solver
 Reference value :  0.00000e+00
No. of Data Rows : 1
vref_val = 1.191656e+00
ibias_val = 7.108200e-01
isup_val = 2.085405e-05
Reset re-loads circuit * tb_mc_untrimmed.spice -- issue #13 monte carlo mismatch analysis for the

Circuit: * tb_mc_untrimmed.spice -- issue #13 monte carlo mismatch analysis for the

Doing analysis at TEMP = 27.000000 and TNOM = 27.000000

Using SPARSE 1.3 as Direct Linear Solver
 Reference value :  0.00000e+00
No. of Data Rows : 1
vref_val = 1.196010e+00
ibias_val = 7.096656e-01
isup_val = 2.083395e-05
Reset re-loads circuit * tb_mc_untrimmed.spice -- issue #13 monte carlo mismatch analysis for the

Circuit: * tb_mc_untrimmed.spice -- issue #13 monte carlo mismatch analysis for the

Doing analysis at TEMP = 27.000000 and TNOM = 27.000000

Using SPARSE 1.3 as Direct Linear Solver
 Reference value :  0.00000e+00
No. of Data Rows : 1
vref_val = 1.193569e+00
ibias_val = 7.071978e-01
isup_val = 2.062043e-05
Reset re-loads circuit * tb_mc_untrimmed.spice -- issue #13 monte carlo mismatch analysis for the

Circuit: * tb_mc_untrimmed.spice -- issue #13 monte carlo mismatch analysis for the

Doing analysis at TEMP = 27.000000 and TNOM = 27.000000

Using SPARSE 1.3 as Direct Linear Solver
 Reference value :  0.00000e+00
No. of Data Rows : 1
vref_val = 1.189773e+00
ibias_val = 7.115485e-01
isup_val = 2.079064e-05
Reset re-loads circuit * tb_mc_untrimmed.spice -- issue #13 monte carlo mismatch analysis for the

Circuit: * tb_mc_untrimmed.spice -- issue #13 monte carlo mismatch analysis for the

Doing analysis at TEMP = 27.000000 and TNOM = 27.000000

Using SPARSE 1.3 as Direct Linear Solver
 Reference value :  0.00000e+00
No. of Data Rows : 1
vref_val = 1.186180e+00
ibias_val = 7.065925e-01
isup_val = 2.051802e-05
ngspice-46 done
Warning : IC on non-existent node - xx1.casc, ignored
   Please check line .ic v(fb)=1.0 v(sns1)=0.6 v(sns2)=0.6 v(vref)=1.2 v(ibias)=0.6 v(xx1.casc)=1.8

Warning : IC on non-existent node - xx1.casc, ignored
   Please check line .ic v(fb)=1.0 v(sns1)=0.6 v(sns2)=0.6 v(vref)=1.2 v(ibias)=0.6 v(xx1.casc)=1.8

Note: Starting dynamic gmin stepping
Note: Dynamic gmin stepping completed
Warning : IC on non-existent node - xx1.casc, ignored
   Please check line .ic v(fb)=1.0 v(sns1)=0.6 v(sns2)=0.6 v(vref)=1.2 v(ibias)=0.6 v(xx1.casc)=1.8

Note: Starting dynamic gmin stepping
Note: Dynamic gmin stepping completed
Warning : IC on non-existent node - xx1.casc, ignored
   Please check line .ic v(fb)=1.0 v(sns1)=0.6 v(sns2)=0.6 v(vref)=1.2 v(ibias)=0.6 v(xx1.casc)=1.8

Note: Starting dynamic gmin stepping
Note: Dynamic gmin stepping completed
Warning : IC on non-existent node - xx1.casc, ignored
   Please check line .ic v(fb)=1.0 v(sns1)=0.6 v(sns2)=0.6 v(vref)=1.2 v(ibias)=0.6 v(xx1.casc)=1.8

Note: Starting dynamic gmin stepping
Note: Dynamic gmin stepping completed
Warning : IC on non-existent node - xx1.casc, ignored
   Please check line .ic v(fb)=1.0 v(sns1)=0.6 v(sns2)=0.6 v(vref)=1.2 v(ibias)=0.6 v(xx1.casc)=1.8

Note: Starting dynamic gmin stepping
Note: Dynamic gmin stepping completed
Warning : IC on non-existent node - xx1.casc, ignored
   Please check line .ic v(fb)=1.0 v(sns1)=0.6 v(sns2)=0.6 v(vref)=1.2 v(ibias)=0.6 v(xx1.casc)=1.8

Note: Starting dynamic gmin stepping
Note: Dynamic gmin stepping completed
Warning : IC on non-existent node - xx1.casc, ignored
   Please check line .ic v(fb)=1.0 v(sns1)=0.6 v(sns2)=0.6 v(vref)=1.2 v(ibias)=0.6 v(xx1.casc)=1.8

Note: Starting dynamic gmin stepping
Note: Dynamic gmin stepping completed
Warning : IC on non-existent node - xx1.casc, ignored
   Please check line .ic v(fb)=1.0 v(sns1)=0.6 v(sns2)=0.6 v(vref)=1.2 v(ibias)=0.6 v(xx1.casc)=1.8

Note: Starting dynamic gmin stepping
Note: Dynamic gmin stepping completed
Warning : IC on non-existent node - xx1.casc, ignored
   Please check line .ic v(fb)=1.0 v(sns1)=0.6 v(sns2)=0.6 v(vref)=1.2 v(ibias)=0.6 v(xx1.casc)=1.8

Note: Starting dynamic gmin stepping
Note: Dynamic gmin stepping completed
Warning : IC on non-existent node - xx1.casc, ignored
   Please check line .ic v(fb)=1.0 v(sns1)=0.6 v(sns2)=0.6 v(vref)=1.2 v(ibias)=0.6 v(xx1.casc)=1.8

Note: Starting dynamic gmin stepping
Note: Dynamic gmin stepping completed
Warning : IC on non-existent node - xx1.casc, ignored
   Please check line .ic v(fb)=1.0 v(sns1)=0.6 v(sns2)=0.6 v(vref)=1.2 v(ibias)=0.6 v(xx1.casc)=1.8

Note: Starting dynamic gmin stepping
Note: Dynamic gmin stepping completed
Warning : IC on non-existent node - xx1.casc, ignored
   Please check line .ic v(fb)=1.0 v(sns1)=0.6 v(sns2)=0.6 v(vref)=1.2 v(ibias)=0.6 v(xx1.casc)=1.8

Note: Starting dynamic gmin stepping
Note: Dynamic gmin stepping completed
Warning : IC on non-existent node - xx1.casc, ignored
   Please check line .ic v(fb)=1.0 v(sns1)=0.6 v(sns2)=0.6 v(vref)=1.2 v(ibias)=0.6 v(xx1.casc)=1.8

Note: Starting dynamic gmin stepping
Note: Dynamic gmin stepping completed
Warning : IC on non-existent node - xx1.casc, ignored
   Please check line .ic v(fb)=1.0 v(sns1)=0.6 v(sns2)=0.6 v(vref)=1.2 v(ibias)=0.6 v(xx1.casc)=1.8

Note: Starting dynamic gmin stepping
Note: Dynamic gmin stepping completed
Warning : IC on non-existent node - xx1.casc, ignored
   Please check line .ic v(fb)=1.0 v(sns1)=0.6 v(sns2)=0.6 v(vref)=1.2 v(ibias)=0.6 v(xx1.casc)=1.8

Note: Starting dynamic gmin stepping
Note: Dynamic gmin stepping completed
Warning : IC on non-existent node - xx1.casc, ignored
   Please check line .ic v(fb)=1.0 v(sns1)=0.6 v(sns2)=0.6 v(vref)=1.2 v(ibias)=0.6 v(xx1.casc)=1.8

Note: Starting dynamic gmin stepping
Note: Dynamic gmin stepping completed
Warning : IC on non-existent node - xx1.casc, ignored
   Please check line .ic v(fb)=1.0 v(sns1)=0.6 v(sns2)=0.6 v(vref)=1.2 v(ibias)=0.6 v(xx1.casc)=1.8

Note: Starting dynamic gmin stepping
Note: Dynamic gmin stepping completed
Warning : IC on non-existent node - xx1.casc, ignored
   Please check line .ic v(fb)=1.0 v(sns1)=0.6 v(sns2)=0.6 v(vref)=1.2 v(ibias)=0.6 v(xx1.casc)=1.8

Note: Starting dynamic gmin stepping
Note: Dynamic gmin stepping completed
Warning : IC on non-existent node - xx1.casc, ignored
   Please check line .ic v(fb)=1.0 v(sns1)=0.6 v(sns2)=0.6 v(vref)=1.2 v(ibias)=0.6 v(xx1.casc)=1.8

Note: Starting dynamic gmin stepping
Note: Dynamic gmin stepping completed
Warning : IC on non-existent node - xx1.casc, ignored
   Please check line .ic v(fb)=1.0 v(sns1)=0.6 v(sns2)=0.6 v(vref)=1.2 v(ibias)=0.6 v(xx1.casc)=1.8

Note: Starting dynamic gmin stepping
Note: Dynamic gmin stepping completed
Warning : IC on non-existent node - xx1.casc, ignored
   Please check line .ic v(fb)=1.0 v(sns1)=0.6 v(sns2)=0.6 v(vref)=1.2 v(ibias)=0.6 v(xx1.casc)=1.8

Note: Starting dynamic gmin stepping
Note: Dynamic gmin stepping completed
Warning : IC on non-existent node - xx1.casc, ignored
   Please check line .ic v(fb)=1.0 v(sns1)=0.6 v(sns2)=0.6 v(vref)=1.2 v(ibias)=0.6 v(xx1.casc)=1.8

Note: Starting dynamic gmin stepping
Note: Dynamic gmin stepping completed
Warning : IC on non-existent node - xx1.casc, ignored
   Please check line .ic v(fb)=1.0 v(sns1)=0.6 v(sns2)=0.6 v(vref)=1.2 v(ibias)=0.6 v(xx1.casc)=1.8

Note: Starting dynamic gmin stepping
Note: Dynamic gmin stepping completed
Warning : IC on non-existent node - xx1.casc, ignored
   Please check line .ic v(fb)=1.0 v(sns1)=0.6 v(sns2)=0.6 v(vref)=1.2 v(ibias)=0.6 v(xx1.casc)=1.8

Note: Starting dynamic gmin stepping
Note: Dynamic gmin stepping completed
Warning : IC on non-existent node - xx1.casc, ignored
   Please check line .ic v(fb)=1.0 v(sns1)=0.6 v(sns2)=0.6 v(vref)=1.2 v(ibias)=0.6 v(xx1.casc)=1.8

Note: Starting dynamic gmin stepping
Note: Dynamic gmin stepping completed
Warning : IC on non-existent node - xx1.casc, ignored
   Please check line .ic v(fb)=1.0 v(sns1)=0.6 v(sns2)=0.6 v(vref)=1.2 v(ibias)=0.6 v(xx1.casc)=1.8

Note: Starting dynamic gmin stepping
Note: Dynamic gmin stepping completed
Warning : IC on non-existent node - xx1.casc, ignored
   Please check line .ic v(fb)=1.0 v(sns1)=0.6 v(sns2)=0.6 v(vref)=1.2 v(ibias)=0.6 v(xx1.casc)=1.8

Note: Starting dynamic gmin stepping
Note: Dynamic gmin stepping completed
Warning : IC on non-existent node - xx1.casc, ignored
   Please check line .ic v(fb)=1.0 v(sns1)=0.6 v(sns2)=0.6 v(vref)=1.2 v(ibias)=0.6 v(xx1.casc)=1.8

Note: Starting dynamic gmin stepping
Note: Dynamic gmin stepping completed
Warning : IC on non-existent node - xx1.casc, ignored
   Please check line .ic v(fb)=1.0 v(sns1)=0.6 v(sns2)=0.6 v(vref)=1.2 v(ibias)=0.6 v(xx1.casc)=1.8

Note: Starting dynamic gmin stepping
Note: Dynamic gmin stepping completed
Warning : IC on non-existent node - xx1.casc, ignored
   Please check line .ic v(fb)=1.0 v(sns1)=0.6 v(sns2)=0.6 v(vref)=1.2 v(ibias)=0.6 v(xx1.casc)=1.8

Note: Starting dynamic gmin stepping
Note: Dynamic gmin stepping completed
Warning : IC on non-existent node - xx1.casc, ignored
   Please check line .ic v(fb)=1.0 v(sns1)=0.6 v(sns2)=0.6 v(vref)=1.2 v(ibias)=0.6 v(xx1.casc)=1.8

Note: Starting dynamic gmin stepping
Note: Dynamic gmin stepping completed
Warning : IC on non-existent node - xx1.casc, ignored
   Please check line .ic v(fb)=1.0 v(sns1)=0.6 v(sns2)=0.6 v(vref)=1.2 v(ibias)=0.6 v(xx1.casc)=1.8

Note: Starting dynamic gmin stepping
Note: Dynamic gmin stepping completed
Warning : IC on non-existent node - xx1.casc, ignored
   Please check line .ic v(fb)=1.0 v(sns1)=0.6 v(sns2)=0.6 v(vref)=1.2 v(ibias)=0.6 v(xx1.casc)=1.8

Note: Starting dynamic gmin stepping
Note: Dynamic gmin stepping completed
Warning : IC on non-existent node - xx1.casc, ignored
   Please check line .ic v(fb)=1.0 v(sns1)=0.6 v(sns2)=0.6 v(vref)=1.2 v(ibias)=0.6 v(xx1.casc)=1.8

Note: Starting dynamic gmin stepping
Note: Dynamic gmin stepping completed
Warning : IC on non-existent node - xx1.casc, ignored
   Please check line .ic v(fb)=1.0 v(sns1)=0.6 v(sns2)=0.6 v(vref)=1.2 v(ibias)=0.6 v(xx1.casc)=1.8

Note: Starting dynamic gmin stepping
Note: Dynamic gmin stepping completed
Warning : IC on non-existent node - xx1.casc, ignored
   Please check line .ic v(fb)=1.0 v(sns1)=0.6 v(sns2)=0.6 v(vref)=1.2 v(ibias)=0.6 v(xx1.casc)=1.8

Note: Starting dynamic gmin stepping
Note: Dynamic gmin stepping completed
Warning : IC on non-existent node - xx1.casc, ignored
   Please check line .ic v(fb)=1.0 v(sns1)=0.6 v(sns2)=0.6 v(vref)=1.2 v(ibias)=0.6 v(xx1.casc)=1.8

Note: Starting dynamic gmin stepping
Note: Dynamic gmin stepping completed
Warning : IC on non-existent node - xx1.casc, ignored
   Please check line .ic v(fb)=1.0 v(sns1)=0.6 v(sns2)=0.6 v(vref)=1.2 v(ibias)=0.6 v(xx1.casc)=1.8

Note: Starting dynamic gmin stepping
Note: Dynamic gmin stepping completed
Warning : IC on non-existent node - xx1.casc, ignored
   Please check line .ic v(fb)=1.0 v(sns1)=0.6 v(sns2)=0.6 v(vref)=1.2 v(ibias)=0.6 v(xx1.casc)=1.8

Note: Starting dynamic gmin stepping
Note: Dynamic gmin stepping completed
Warning : IC on non-existent node - xx1.casc, ignored
   Please check line .ic v(fb)=1.0 v(sns1)=0.6 v(sns2)=0.6 v(vref)=1.2 v(ibias)=0.6 v(xx1.casc)=1.8

Note: Starting dynamic gmin stepping
Note: Dynamic gmin stepping completed
Warning : IC on non-existent node - xx1.casc, ignored
   Please check line .ic v(fb)=1.0 v(sns1)=0.6 v(sns2)=0.6 v(vref)=1.2 v(ibias)=0.6 v(xx1.casc)=1.8

Note: Starting dynamic gmin stepping
Note: Dynamic gmin stepping completed
Warning : IC on non-existent node - xx1.casc, ignored
   Please check line .ic v(fb)=1.0 v(sns1)=0.6 v(sns2)=0.6 v(vref)=1.2 v(ibias)=0.6 v(xx1.casc)=1.8

Note: Starting dynamic gmin stepping
Note: Dynamic gmin stepping completed
Warning : IC on non-existent node - xx1.casc, ignored
   Please check line .ic v(fb)=1.0 v(sns1)=0.6 v(sns2)=0.6 v(vref)=1.2 v(ibias)=0.6 v(xx1.casc)=1.8

Note: Starting dynamic gmin stepping
Note: Dynamic gmin stepping completed
Warning : IC on non-existent node - xx1.casc, ignored
   Please check line .ic v(fb)=1.0 v(sns1)=0.6 v(sns2)=0.6 v(vref)=1.2 v(ibias)=0.6 v(xx1.casc)=1.8

Note: Starting dynamic gmin stepping
Note: Dynamic gmin stepping completed
Warning : IC on non-existent node - xx1.casc, ignored
   Please check line .ic v(fb)=1.0 v(sns1)=0.6 v(sns2)=0.6 v(vref)=1.2 v(ibias)=0.6 v(xx1.casc)=1.8

Note: Starting dynamic gmin stepping
Note: Dynamic gmin stepping completed
Warning : IC on non-existent node - xx1.casc, ignored
   Please check line .ic v(fb)=1.0 v(sns1)=0.6 v(sns2)=0.6 v(vref)=1.2 v(ibias)=0.6 v(xx1.casc)=1.8

Note: Starting dynamic gmin stepping
Note: Dynamic gmin stepping completed
Warning : IC on non-existent node - xx1.casc, ignored
   Please check line .ic v(fb)=1.0 v(sns1)=0.6 v(sns2)=0.6 v(vref)=1.2 v(ibias)=0.6 v(xx1.casc)=1.8

Note: Starting dynamic gmin stepping
Note: Dynamic gmin stepping completed
Warning : IC on non-existent node - xx1.casc, ignored
   Please check line .ic v(fb)=1.0 v(sns1)=0.6 v(sns2)=0.6 v(vref)=1.2 v(ibias)=0.6 v(xx1.casc)=1.8

Note: Starting dynamic gmin stepping
Note: Dynamic gmin stepping completed
Warning : IC on non-existent node - xx1.casc, ignored
   Please check line .ic v(fb)=1.0 v(sns1)=0.6 v(sns2)=0.6 v(vref)=1.2 v(ibias)=0.6 v(xx1.casc)=1.8

Note: Starting dynamic gmin stepping
Note: Dynamic gmin stepping completed
Warning : IC on non-existent node - xx1.casc, ignored
   Please check line .ic v(fb)=1.0 v(sns1)=0.6 v(sns2)=0.6 v(vref)=1.2 v(ibias)=0.6 v(xx1.casc)=1.8

Note: Starting dynamic gmin stepping
Note: Dynamic gmin stepping completed
Warning : IC on non-existent node - xx1.casc, ignored
   Please check line .ic v(fb)=1.0 v(sns1)=0.6 v(sns2)=0.6 v(vref)=1.2 v(ibias)=0.6 v(xx1.casc)=1.8

Note: Starting dynamic gmin stepping
Note: Dynamic gmin stepping completed
Warning : IC on non-existent node - xx1.casc, ignored
   Please check line .ic v(fb)=1.0 v(sns1)=0.6 v(sns2)=0.6 v(vref)=1.2 v(ibias)=0.6 v(xx1.casc)=1.8

Note: Starting dynamic gmin stepping
Note: Dynamic gmin stepping completed
Warning : IC on non-existent node - xx1.casc, ignored
   Please check line .ic v(fb)=1.0 v(sns1)=0.6 v(sns2)=0.6 v(vref)=1.2 v(ibias)=0.6 v(xx1.casc)=1.8

Note: Starting dynamic gmin stepping
Note: Dynamic gmin stepping completed
Warning : IC on non-existent node - xx1.casc, ignored
   Please check line .ic v(fb)=1.0 v(sns1)=0.6 v(sns2)=0.6 v(vref)=1.2 v(ibias)=0.6 v(xx1.casc)=1.8

Note: Starting dynamic gmin stepping
Note: Dynamic gmin stepping completed
Warning : IC on non-existent node - xx1.casc, ignored
   Please check line .ic v(fb)=1.0 v(sns1)=0.6 v(sns2)=0.6 v(vref)=1.2 v(ibias)=0.6 v(xx1.casc)=1.8

Note: Starting dynamic gmin stepping
Note: Dynamic gmin stepping completed
Warning : IC on non-existent node - xx1.casc, ignored
   Please check line .ic v(fb)=1.0 v(sns1)=0.6 v(sns2)=0.6 v(vref)=1.2 v(ibias)=0.6 v(xx1.casc)=1.8

Note: Starting dynamic gmin stepping
Note: Dynamic gmin stepping completed
Warning : IC on non-existent node - xx1.casc, ignored
   Please check line .ic v(fb)=1.0 v(sns1)=0.6 v(sns2)=0.6 v(vref)=1.2 v(ibias)=0.6 v(xx1.casc)=1.8

Note: Starting dynamic gmin stepping
Note: Dynamic gmin stepping completed
Warning : IC on non-existent node - xx1.casc, ignored
   Please check line .ic v(fb)=1.0 v(sns1)=0.6 v(sns2)=0.6 v(vref)=1.2 v(ibias)=0.6 v(xx1.casc)=1.8

Note: Starting dynamic gmin stepping
Note: Dynamic gmin stepping completed
Warning : IC on non-existent node - xx1.casc, ignored
   Please check line .ic v(fb)=1.0 v(sns1)=0.6 v(sns2)=0.6 v(vref)=1.2 v(ibias)=0.6 v(xx1.casc)=1.8

Note: Starting dynamic gmin stepping
Note: Dynamic gmin stepping completed
Warning : IC on non-existent node - xx1.casc, ignored
   Please check line .ic v(fb)=1.0 v(sns1)=0.6 v(sns2)=0.6 v(vref)=1.2 v(ibias)=0.6 v(xx1.casc)=1.8

Note: Starting dynamic gmin stepping
Note: Dynamic gmin stepping completed
Warning : IC on non-existent node - xx1.casc, ignored
   Please check line .ic v(fb)=1.0 v(sns1)=0.6 v(sns2)=0.6 v(vref)=1.2 v(ibias)=0.6 v(xx1.casc)=1.8

Note: Starting dynamic gmin stepping
Note: Dynamic gmin stepping completed
Warning : IC on non-existent node - xx1.casc, ignored
   Please check line .ic v(fb)=1.0 v(sns1)=0.6 v(sns2)=0.6 v(vref)=1.2 v(ibias)=0.6 v(xx1.casc)=1.8

Note: Starting dynamic gmin stepping
Note: Dynamic gmin stepping completed
Warning : IC on non-existent node - xx1.casc, ignored
   Please check line .ic v(fb)=1.0 v(sns1)=0.6 v(sns2)=0.6 v(vref)=1.2 v(ibias)=0.6 v(xx1.casc)=1.8

Note: Starting dynamic gmin stepping
Note: Dynamic gmin stepping completed
Warning : IC on non-existent node - xx1.casc, ignored
   Please check line .ic v(fb)=1.0 v(sns1)=0.6 v(sns2)=0.6 v(vref)=1.2 v(ibias)=0.6 v(xx1.casc)=1.8

Note: Starting dynamic gmin stepping
Note: Dynamic gmin stepping completed
Warning : IC on non-existent node - xx1.casc, ignored
   Please check line .ic v(fb)=1.0 v(sns1)=0.6 v(sns2)=0.6 v(vref)=1.2 v(ibias)=0.6 v(xx1.casc)=1.8

Note: Starting dynamic gmin stepping
Note: Dynamic gmin stepping completed
Warning : IC on non-existent node - xx1.casc, ignored
   Please check line .ic v(fb)=1.0 v(sns1)=0.6 v(sns2)=0.6 v(vref)=1.2 v(ibias)=0.6 v(xx1.casc)=1.8

Note: Starting dynamic gmin stepping
Note: Dynamic gmin stepping completed
Warning : IC on non-existent node - xx1.casc, ignored
   Please check line .ic v(fb)=1.0 v(sns1)=0.6 v(sns2)=0.6 v(vref)=1.2 v(ibias)=0.6 v(xx1.casc)=1.8

Note: Starting dynamic gmin stepping
Note: Dynamic gmin stepping completed
Warning : IC on non-existent node - xx1.casc, ignored
   Please check line .ic v(fb)=1.0 v(sns1)=0.6 v(sns2)=0.6 v(vref)=1.2 v(ibias)=0.6 v(xx1.casc)=1.8

Note: Starting dynamic gmin stepping
Note: Dynamic gmin stepping completed
Warning : IC on non-existent node - xx1.casc, ignored
   Please check line .ic v(fb)=1.0 v(sns1)=0.6 v(sns2)=0.6 v(vref)=1.2 v(ibias)=0.6 v(xx1.casc)=1.8

Note: Starting dynamic gmin stepping
Note: Dynamic gmin stepping completed
Warning : IC on non-existent node - xx1.casc, ignored
   Please check line .ic v(fb)=1.0 v(sns1)=0.6 v(sns2)=0.6 v(vref)=1.2 v(ibias)=0.6 v(xx1.casc)=1.8

Note: Starting dynamic gmin stepping
Note: Dynamic gmin stepping completed
Warning : IC on non-existent node - xx1.casc, ignored
   Please check line .ic v(fb)=1.0 v(sns1)=0.6 v(sns2)=0.6 v(vref)=1.2 v(ibias)=0.6 v(xx1.casc)=1.8

Note: Starting dynamic gmin stepping
Note: Dynamic gmin stepping completed
Warning : IC on non-existent node - xx1.casc, ignored
   Please check line .ic v(fb)=1.0 v(sns1)=0.6 v(sns2)=0.6 v(vref)=1.2 v(ibias)=0.6 v(xx1.casc)=1.8

Note: Starting dynamic gmin stepping
Note: Dynamic gmin stepping completed
Warning : IC on non-existent node - xx1.casc, ignored
   Please check line .ic v(fb)=1.0 v(sns1)=0.6 v(sns2)=0.6 v(vref)=1.2 v(ibias)=0.6 v(xx1.casc)=1.8

Note: Starting dynamic gmin stepping
Note: Dynamic gmin stepping completed
Warning : IC on non-existent node - xx1.casc, ignored
   Please check line .ic v(fb)=1.0 v(sns1)=0.6 v(sns2)=0.6 v(vref)=1.2 v(ibias)=0.6 v(xx1.casc)=1.8

Note: Starting dynamic gmin stepping
Note: Dynamic gmin stepping completed
Warning : IC on non-existent node - xx1.casc, ignored
   Please check line .ic v(fb)=1.0 v(sns1)=0.6 v(sns2)=0.6 v(vref)=1.2 v(ibias)=0.6 v(xx1.casc)=1.8

Note: Starting dynamic gmin stepping
Note: Dynamic gmin stepping completed
Warning : IC on non-existent node - xx1.casc, ignored
   Please check line .ic v(fb)=1.0 v(sns1)=0.6 v(sns2)=0.6 v(vref)=1.2 v(ibias)=0.6 v(xx1.casc)=1.8

Note: Starting dynamic gmin stepping
Note: Dynamic gmin stepping completed
Warning : IC on non-existent node - xx1.casc, ignored
   Please check line .ic v(fb)=1.0 v(sns1)=0.6 v(sns2)=0.6 v(vref)=1.2 v(ibias)=0.6 v(xx1.casc)=1.8

Note: Starting dynamic gmin stepping
Note: Dynamic gmin stepping completed
Warning : IC on non-existent node - xx1.casc, ignored
   Please check line .ic v(fb)=1.0 v(sns1)=0.6 v(sns2)=0.6 v(vref)=1.2 v(ibias)=0.6 v(xx1.casc)=1.8

Note: Starting dynamic gmin stepping
Note: Dynamic gmin stepping completed
Warning : IC on non-existent node - xx1.casc, ignored
   Please check line .ic v(fb)=1.0 v(sns1)=0.6 v(sns2)=0.6 v(vref)=1.2 v(ibias)=0.6 v(xx1.casc)=1.8

Note: Starting dynamic gmin stepping
Note: Dynamic gmin stepping completed
Warning : IC on non-existent node - xx1.casc, ignored
   Please check line .ic v(fb)=1.0 v(sns1)=0.6 v(sns2)=0.6 v(vref)=1.2 v(ibias)=0.6 v(xx1.casc)=1.8

Note: Starting dynamic gmin stepping
Note: Dynamic gmin stepping completed
Warning : IC on non-existent node - xx1.casc, ignored
   Please check line .ic v(fb)=1.0 v(sns1)=0.6 v(sns2)=0.6 v(vref)=1.2 v(ibias)=0.6 v(xx1.casc)=1.8

Note: Starting dynamic gmin stepping
Note: Dynamic gmin stepping completed
Warning : IC on non-existent node - xx1.casc, ignored
   Please check line .ic v(fb)=1.0 v(sns1)=0.6 v(sns2)=0.6 v(vref)=1.2 v(ibias)=0.6 v(xx1.casc)=1.8

Note: Starting dynamic gmin stepping
Note: Dynamic gmin stepping completed
Warning : IC on non-existent node - xx1.casc, ignored
   Please check line .ic v(fb)=1.0 v(sns1)=0.6 v(sns2)=0.6 v(vref)=1.2 v(ibias)=0.6 v(xx1.casc)=1.8

Note: Starting dynamic gmin stepping
Note: Dynamic gmin stepping completed
Warning : IC on non-existent node - xx1.casc, ignored
   Please check line .ic v(fb)=1.0 v(sns1)=0.6 v(sns2)=0.6 v(vref)=1.2 v(ibias)=0.6 v(xx1.casc)=1.8

Note: Starting dynamic gmin stepping
Note: Dynamic gmin stepping completed
Warning : IC on non-existent node - xx1.casc, ignored
   Please check line .ic v(fb)=1.0 v(sns1)=0.6 v(sns2)=0.6 v(vref)=1.2 v(ibias)=0.6 v(xx1.casc)=1.8

Note: Starting dynamic gmin stepping
Note: Dynamic gmin stepping completed
Warning : IC on non-existent node - xx1.casc, ignored
   Please check line .ic v(fb)=1.0 v(sns1)=0.6 v(sns2)=0.6 v(vref)=1.2 v(ibias)=0.6 v(xx1.casc)=1.8

Note: Starting dynamic gmin stepping
Note: Dynamic gmin stepping completed
Warning : IC on non-existent node - xx1.casc, ignored
   Please check line .ic v(fb)=1.0 v(sns1)=0.6 v(sns2)=0.6 v(vref)=1.2 v(ibias)=0.6 v(xx1.casc)=1.8

Note: Starting dynamic gmin stepping
Note: Dynamic gmin stepping completed
Warning : IC on non-existent node - xx1.casc, ignored
   Please check line .ic v(fb)=1.0 v(sns1)=0.6 v(sns2)=0.6 v(vref)=1.2 v(ibias)=0.6 v(xx1.casc)=1.8

Note: Starting dynamic gmin stepping
Note: Dynamic gmin stepping completed
Warning : IC on non-existent node - xx1.casc, ignored
   Please check line .ic v(fb)=1.0 v(sns1)=0.6 v(sns2)=0.6 v(vref)=1.2 v(ibias)=0.6 v(xx1.casc)=1.8

Note: Starting dynamic gmin stepping
Note: Dynamic gmin stepping completed
Warning : IC on non-existent node - xx1.casc, ignored
   Please check line .ic v(fb)=1.0 v(sns1)=0.6 v(sns2)=0.6 v(vref)=1.2 v(ibias)=0.6 v(xx1.casc)=1.8

Note: Starting dynamic gmin stepping
Note: Dynamic gmin stepping completed
Warning : IC on non-existent node - xx1.casc, ignored
   Please check line .ic v(fb)=1.0 v(sns1)=0.6 v(sns2)=0.6 v(vref)=1.2 v(ibias)=0.6 v(xx1.casc)=1.8

Note: Starting dynamic gmin stepping
Note: Dynamic gmin stepping completed
Warning : IC on non-existent node - xx1.casc, ignored
   Please check line .ic v(fb)=1.0 v(sns1)=0.6 v(sns2)=0.6 v(vref)=1.2 v(ibias)=0.6 v(xx1.casc)=1.8

Note: Starting dynamic gmin stepping
Note: Dynamic gmin stepping completed
Warning : IC on non-existent node - xx1.casc, ignored
   Please check line .ic v(fb)=1.0 v(sns1)=0.6 v(sns2)=0.6 v(vref)=1.2 v(ibias)=0.6 v(xx1.casc)=1.8

Note: Starting dynamic gmin stepping
Note: Dynamic gmin stepping completed
Warning : IC on non-existent node - xx1.casc, ignored
   Please check line .ic v(fb)=1.0 v(sns1)=0.6 v(sns2)=0.6 v(vref)=1.2 v(ibias)=0.6 v(xx1.casc)=1.8

Note: Starting dynamic gmin stepping
Note: Dynamic gmin stepping completed
Warning : IC on non-existent node - xx1.casc, ignored
   Please check line .ic v(fb)=1.0 v(sns1)=0.6 v(sns2)=0.6 v(vref)=1.2 v(ibias)=0.6 v(xx1.casc)=1.8

Note: Starting dynamic gmin stepping
Note: Dynamic gmin stepping completed
Warning : IC on non-existent node - xx1.casc, ignored
   Please check line .ic v(fb)=1.0 v(sns1)=0.6 v(sns2)=0.6 v(vref)=1.2 v(ibias)=0.6 v(xx1.casc)=1.8

Note: Starting dynamic gmin stepping
Note: Dynamic gmin stepping completed
Warning : IC on non-existent node - xx1.casc, ignored
   Please check line .ic v(fb)=1.0 v(sns1)=0.6 v(sns2)=0.6 v(vref)=1.2 v(ibias)=0.6 v(xx1.casc)=1.8

Note: Starting dynamic gmin stepping
Note: Dynamic gmin stepping completed
Warning : IC on non-existent node - xx1.casc, ignored
   Please check line .ic v(fb)=1.0 v(sns1)=0.6 v(sns2)=0.6 v(vref)=1.2 v(ibias)=0.6 v(xx1.casc)=1.8

Note: Starting dynamic gmin stepping
Note: Dynamic gmin stepping completed
Warning : IC on non-existent node - xx1.casc, ignored
   Please check line .ic v(fb)=1.0 v(sns1)=0.6 v(sns2)=0.6 v(vref)=1.2 v(ibias)=0.6 v(xx1.casc)=1.8

Note: Starting dynamic gmin stepping
Note: Dynamic gmin stepping completed
Warning : IC on non-existent node - xx1.casc, ignored
   Please check line .ic v(fb)=1.0 v(sns1)=0.6 v(sns2)=0.6 v(vref)=1.2 v(ibias)=0.6 v(xx1.casc)=1.8

Note: Starting dynamic gmin stepping
Note: Dynamic gmin stepping completed
Warning : IC on non-existent node - xx1.casc, ignored
   Please check line .ic v(fb)=1.0 v(sns1)=0.6 v(sns2)=0.6 v(vref)=1.2 v(ibias)=0.6 v(xx1.casc)=1.8

Note: Starting dynamic gmin stepping
Note: Dynamic gmin stepping completed
Warning : IC on non-existent node - xx1.casc, ignored
   Please check line .ic v(fb)=1.0 v(sns1)=0.6 v(sns2)=0.6 v(vref)=1.2 v(ibias)=0.6 v(xx1.casc)=1.8

Note: Starting dynamic gmin stepping
Note: Dynamic gmin stepping completed
Warning : IC on non-existent node - xx1.casc, ignored
   Please check line .ic v(fb)=1.0 v(sns1)=0.6 v(sns2)=0.6 v(vref)=1.2 v(ibias)=0.6 v(xx1.casc)=1.8

Note: Starting dynamic gmin stepping
Note: Dynamic gmin stepping completed
Warning : IC on non-existent node - xx1.casc, ignored
   Please check line .ic v(fb)=1.0 v(sns1)=0.6 v(sns2)=0.6 v(vref)=1.2 v(ibias)=0.6 v(xx1.casc)=1.8

Note: Starting dynamic gmin stepping
Note: Dynamic gmin stepping completed
Warning : IC on non-existent node - xx1.casc, ignored
   Please check line .ic v(fb)=1.0 v(sns1)=0.6 v(sns2)=0.6 v(vref)=1.2 v(ibias)=0.6 v(xx1.casc)=1.8

Note: Starting dynamic gmin stepping
Note: Dynamic gmin stepping completed
Warning : IC on non-existent node - xx1.casc, ignored
   Please check line .ic v(fb)=1.0 v(sns1)=0.6 v(sns2)=0.6 v(vref)=1.2 v(ibias)=0.6 v(xx1.casc)=1.8

Note: Starting dynamic gmin stepping
Note: Dynamic gmin stepping completed
Warning : IC on non-existent node - xx1.casc, ignored
   Please check line .ic v(fb)=1.0 v(sns1)=0.6 v(sns2)=0.6 v(vref)=1.2 v(ibias)=0.6 v(xx1.casc)=1.8

Note: Starting dynamic gmin stepping
Note: Dynamic gmin stepping completed
Warning : IC on non-existent node - xx1.casc, ignored
   Please check line .ic v(fb)=1.0 v(sns1)=0.6 v(sns2)=0.6 v(vref)=1.2 v(ibias)=0.6 v(xx1.casc)=1.8

Note: Starting dynamic gmin stepping
Note: Dynamic gmin stepping completed
Warning : IC on non-existent node - xx1.casc, ignored
   Please check line .ic v(fb)=1.0 v(sns1)=0.6 v(sns2)=0.6 v(vref)=1.2 v(ibias)=0.6 v(xx1.casc)=1.8

Note: Starting dynamic gmin stepping
Note: Dynamic gmin stepping completed
Warning : IC on non-existent node - xx1.casc, ignored
   Please check line .ic v(fb)=1.0 v(sns1)=0.6 v(sns2)=0.6 v(vref)=1.2 v(ibias)=0.6 v(xx1.casc)=1.8

Note: Starting dynamic gmin stepping
Note: Dynamic gmin stepping completed
Warning : IC on non-existent node - xx1.casc, ignored
   Please check line .ic v(fb)=1.0 v(sns1)=0.6 v(sns2)=0.6 v(vref)=1.2 v(ibias)=0.6 v(xx1.casc)=1.8

Note: Starting dynamic gmin stepping
Note: Dynamic gmin stepping completed
Warning : IC on non-existent node - xx1.casc, ignored
   Please check line .ic v(fb)=1.0 v(sns1)=0.6 v(sns2)=0.6 v(vref)=1.2 v(ibias)=0.6 v(xx1.casc)=1.8

Note: Starting dynamic gmin stepping
Note: Dynamic gmin stepping completed
Warning : IC on non-existent node - xx1.casc, ignored
   Please check line .ic v(fb)=1.0 v(sns1)=0.6 v(sns2)=0.6 v(vref)=1.2 v(ibias)=0.6 v(xx1.casc)=1.8

Note: Starting dynamic gmin stepping
Note: Dynamic gmin stepping completed
Warning : IC on non-existent node - xx1.casc, ignored
   Please check line .ic v(fb)=1.0 v(sns1)=0.6 v(sns2)=0.6 v(vref)=1.2 v(ibias)=0.6 v(xx1.casc)=1.8

Note: Starting dynamic gmin stepping
Note: Dynamic gmin stepping completed
Warning : IC on non-existent node - xx1.casc, ignored
   Please check line .ic v(fb)=1.0 v(sns1)=0.6 v(sns2)=0.6 v(vref)=1.2 v(ibias)=0.6 v(xx1.casc)=1.8

Note: Starting dynamic gmin stepping
Note: Dynamic gmin stepping completed
Warning : IC on non-existent node - xx1.casc, ignored
   Please check line .ic v(fb)=1.0 v(sns1)=0.6 v(sns2)=0.6 v(vref)=1.2 v(ibias)=0.6 v(xx1.casc)=1.8

Note: Starting dynamic gmin stepping
Note: Dynamic gmin stepping completed
Warning : IC on non-existent node - xx1.casc, ignored
   Please check line .ic v(fb)=1.0 v(sns1)=0.6 v(sns2)=0.6 v(vref)=1.2 v(ibias)=0.6 v(xx1.casc)=1.8

Note: Starting dynamic gmin stepping
Note: Dynamic gmin stepping completed
Warning : IC on non-existent node - xx1.casc, ignored
   Please check line .ic v(fb)=1.0 v(sns1)=0.6 v(sns2)=0.6 v(vref)=1.2 v(ibias)=0.6 v(xx1.casc)=1.8

Note: Starting dynamic gmin stepping
Note: Dynamic gmin stepping completed
Warning : IC on non-existent node - xx1.casc, ignored
   Please check line .ic v(fb)=1.0 v(sns1)=0.6 v(sns2)=0.6 v(vref)=1.2 v(ibias)=0.6 v(xx1.casc)=1.8

Note: Starting dynamic gmin stepping
Note: Dynamic gmin stepping completed
Warning : IC on non-existent node - xx1.casc, ignored
   Please check line .ic v(fb)=1.0 v(sns1)=0.6 v(sns2)=0.6 v(vref)=1.2 v(ibias)=0.6 v(xx1.casc)=1.8

Note: Starting dynamic gmin stepping
Note: Dynamic gmin stepping completed
Warning : IC on non-existent node - xx1.casc, ignored
   Please check line .ic v(fb)=1.0 v(sns1)=0.6 v(sns2)=0.6 v(vref)=1.2 v(ibias)=0.6 v(xx1.casc)=1.8

Note: Starting dynamic gmin stepping
Note: Dynamic gmin stepping completed
Warning : IC on non-existent node - xx1.casc, ignored
   Please check line .ic v(fb)=1.0 v(sns1)=0.6 v(sns2)=0.6 v(vref)=1.2 v(ibias)=0.6 v(xx1.casc)=1.8

Note: Starting dynamic gmin stepping
Note: Dynamic gmin stepping completed
Warning : IC on non-existent node - xx1.casc, ignored
   Please check line .ic v(fb)=1.0 v(sns1)=0.6 v(sns2)=0.6 v(vref)=1.2 v(ibias)=0.6 v(xx1.casc)=1.8

Note: Starting dynamic gmin stepping
Note: Dynamic gmin stepping completed
Warning : IC on non-existent node - xx1.casc, ignored
   Please check line .ic v(fb)=1.0 v(sns1)=0.6 v(sns2)=0.6 v(vref)=1.2 v(ibias)=0.6 v(xx1.casc)=1.8

Note: Starting dynamic gmin stepping
Note: Dynamic gmin stepping completed
Warning : IC on non-existent node - xx1.casc, ignored
   Please check line .ic v(fb)=1.0 v(sns1)=0.6 v(sns2)=0.6 v(vref)=1.2 v(ibias)=0.6 v(xx1.casc)=1.8

Note: Starting dynamic gmin stepping
Note: Dynamic gmin stepping completed
Warning : IC on non-existent node - xx1.casc, ignored
   Please check line .ic v(fb)=1.0 v(sns1)=0.6 v(sns2)=0.6 v(vref)=1.2 v(ibias)=0.6 v(xx1.casc)=1.8

Note: Starting dynamic gmin stepping
Note: Dynamic gmin stepping completed
Warning : IC on non-existent node - xx1.casc, ignored
   Please check line .ic v(fb)=1.0 v(sns1)=0.6 v(sns2)=0.6 v(vref)=1.2 v(ibias)=0.6 v(xx1.casc)=1.8

Note: Starting dynamic gmin stepping
Note: Dynamic gmin stepping completed
Warning : IC on non-existent node - xx1.casc, ignored
   Please check line .ic v(fb)=1.0 v(sns1)=0.6 v(sns2)=0.6 v(vref)=1.2 v(ibias)=0.6 v(xx1.casc)=1.8

Note: Starting dynamic gmin stepping
Note: Dynamic gmin stepping completed
Warning : IC on non-existent node - xx1.casc, ignored
   Please check line .ic v(fb)=1.0 v(sns1)=0.6 v(sns2)=0.6 v(vref)=1.2 v(ibias)=0.6 v(xx1.casc)=1.8

Note: Starting dynamic gmin stepping
Note: Dynamic gmin stepping completed
Warning : IC on non-existent node - xx1.casc, ignored
   Please check line .ic v(fb)=1.0 v(sns1)=0.6 v(sns2)=0.6 v(vref)=1.2 v(ibias)=0.6 v(xx1.casc)=1.8

Note: Starting dynamic gmin stepping
Note: Dynamic gmin stepping completed
Warning : IC on non-existent node - xx1.casc, ignored
   Please check line .ic v(fb)=1.0 v(sns1)=0.6 v(sns2)=0.6 v(vref)=1.2 v(ibias)=0.6 v(xx1.casc)=1.8

Note: Starting dynamic gmin stepping
Note: Dynamic gmin stepping completed
Warning : IC on non-existent node - xx1.casc, ignored
   Please check line .ic v(fb)=1.0 v(sns1)=0.6 v(sns2)=0.6 v(vref)=1.2 v(ibias)=0.6 v(xx1.casc)=1.8

Note: Starting dynamic gmin stepping
Note: Dynamic gmin stepping completed
Warning : IC on non-existent node - xx1.casc, ignored
   Please check line .ic v(fb)=1.0 v(sns1)=0.6 v(sns2)=0.6 v(vref)=1.2 v(ibias)=0.6 v(xx1.casc)=1.8

Note: Starting dynamic gmin stepping
Note: Dynamic gmin stepping completed
Warning : IC on non-existent node - xx1.casc, ignored
   Please check line .ic v(fb)=1.0 v(sns1)=0.6 v(sns2)=0.6 v(vref)=1.2 v(ibias)=0.6 v(xx1.casc)=1.8

Note: Starting dynamic gmin stepping
Note: Dynamic gmin stepping completed
Warning : IC on non-existent node - xx1.casc, ignored
   Please check line .ic v(fb)=1.0 v(sns1)=0.6 v(sns2)=0.6 v(vref)=1.2 v(ibias)=0.6 v(xx1.casc)=1.8

Note: Starting dynamic gmin stepping
Note: Dynamic gmin stepping completed
Warning : IC on non-existent node - xx1.casc, ignored
   Please check line .ic v(fb)=1.0 v(sns1)=0.6 v(sns2)=0.6 v(vref)=1.2 v(ibias)=0.6 v(xx1.casc)=1.8

Note: Starting dynamic gmin stepping
Note: Dynamic gmin stepping completed
Warning : IC on non-existent node - xx1.casc, ignored
   Please check line .ic v(fb)=1.0 v(sns1)=0.6 v(sns2)=0.6 v(vref)=1.2 v(ibias)=0.6 v(xx1.casc)=1.8

Note: Starting dynamic gmin stepping
Note: Dynamic gmin stepping completed
Warning : IC on non-existent node - xx1.casc, ignored
   Please check line .ic v(fb)=1.0 v(sns1)=0.6 v(sns2)=0.6 v(vref)=1.2 v(ibias)=0.6 v(xx1.casc)=1.8

Note: Starting dynamic gmin stepping
Note: Dynamic gmin stepping completed
Warning : IC on non-existent node - xx1.casc, ignored
   Please check line .ic v(fb)=1.0 v(sns1)=0.6 v(sns2)=0.6 v(vref)=1.2 v(ibias)=0.6 v(xx1.casc)=1.8

Note: Starting dynamic gmin stepping
Note: Dynamic gmin stepping completed
Warning : IC on non-existent node - xx1.casc, ignored
   Please check line .ic v(fb)=1.0 v(sns1)=0.6 v(sns2)=0.6 v(vref)=1.2 v(ibias)=0.6 v(xx1.casc)=1.8

Note: Starting dynamic gmin stepping
Note: Dynamic gmin stepping completed
Warning : IC on non-existent node - xx1.casc, ignored
   Please check line .ic v(fb)=1.0 v(sns1)=0.6 v(sns2)=0.6 v(vref)=1.2 v(ibias)=0.6 v(xx1.casc)=1.8

Note: Starting dynamic gmin stepping
Note: Dynamic gmin stepping completed
Warning : IC on non-existent node - xx1.casc, ignored
   Please check line .ic v(fb)=1.0 v(sns1)=0.6 v(sns2)=0.6 v(vref)=1.2 v(ibias)=0.6 v(xx1.casc)=1.8

Note: Starting dynamic gmin stepping
Note: Dynamic gmin stepping completed
Warning : IC on non-existent node - xx1.casc, ignored
   Please check line .ic v(fb)=1.0 v(sns1)=0.6 v(sns2)=0.6 v(vref)=1.2 v(ibias)=0.6 v(xx1.casc)=1.8

Note: Starting dynamic gmin stepping
Note: Dynamic gmin stepping completed
Warning : IC on non-existent node - xx1.casc, ignored
   Please check line .ic v(fb)=1.0 v(sns1)=0.6 v(sns2)=0.6 v(vref)=1.2 v(ibias)=0.6 v(xx1.casc)=1.8

Note: Starting dynamic gmin stepping
Note: Dynamic gmin stepping completed
Warning : IC on non-existent node - xx1.casc, ignored
   Please check line .ic v(fb)=1.0 v(sns1)=0.6 v(sns2)=0.6 v(vref)=1.2 v(ibias)=0.6 v(xx1.casc)=1.8

Note: Starting dynamic gmin stepping
Note: Dynamic gmin stepping completed
Warning : IC on non-existent node - xx1.casc, ignored
   Please check line .ic v(fb)=1.0 v(sns1)=0.6 v(sns2)=0.6 v(vref)=1.2 v(ibias)=0.6 v(xx1.casc)=1.8

Note: Starting dynamic gmin stepping
Note: Dynamic gmin stepping completed
Warning : IC on non-existent node - xx1.casc, ignored
   Please check line .ic v(fb)=1.0 v(sns1)=0.6 v(sns2)=0.6 v(vref)=1.2 v(ibias)=0.6 v(xx1.casc)=1.8

Note: Starting dynamic gmin stepping
Note: Dynamic gmin stepping completed
Warning : IC on non-existent node - xx1.casc, ignored
   Please check line .ic v(fb)=1.0 v(sns1)=0.6 v(sns2)=0.6 v(vref)=1.2 v(ibias)=0.6 v(xx1.casc)=1.8

Note: Starting dynamic gmin stepping
Note: Dynamic gmin stepping completed
Warning : IC on non-existent node - xx1.casc, ignored
   Please check line .ic v(fb)=1.0 v(sns1)=0.6 v(sns2)=0.6 v(vref)=1.2 v(ibias)=0.6 v(xx1.casc)=1.8

Note: Starting dynamic gmin stepping
Note: Dynamic gmin stepping completed
Warning : IC on non-existent node - xx1.casc, ignored
   Please check line .ic v(fb)=1.0 v(sns1)=0.6 v(sns2)=0.6 v(vref)=1.2 v(ibias)=0.6 v(xx1.casc)=1.8

Note: Starting dynamic gmin stepping
Note: Dynamic gmin stepping completed
Warning : IC on non-existent node - xx1.casc, ignored
   Please check line .ic v(fb)=1.0 v(sns1)=0.6 v(sns2)=0.6 v(vref)=1.2 v(ibias)=0.6 v(xx1.casc)=1.8

Note: Starting dynamic gmin stepping
Note: Dynamic gmin stepping completed
Warning : IC on non-existent node - xx1.casc, ignored
   Please check line .ic v(fb)=1.0 v(sns1)=0.6 v(sns2)=0.6 v(vref)=1.2 v(ibias)=0.6 v(xx1.casc)=1.8

Note: Starting dynamic gmin stepping
Note: Dynamic gmin stepping completed
Warning : IC on non-existent node - xx1.casc, ignored
   Please check line .ic v(fb)=1.0 v(sns1)=0.6 v(sns2)=0.6 v(vref)=1.2 v(ibias)=0.6 v(xx1.casc)=1.8

Note: Starting dynamic gmin stepping
Note: Dynamic gmin stepping completed
Warning : IC on non-existent node - xx1.casc, ignored
   Please check line .ic v(fb)=1.0 v(sns1)=0.6 v(sns2)=0.6 v(vref)=1.2 v(ibias)=0.6 v(xx1.casc)=1.8

Note: Starting dynamic gmin stepping
Note: Dynamic gmin stepping completed
Warning : IC on non-existent node - xx1.casc, ignored
   Please check line .ic v(fb)=1.0 v(sns1)=0.6 v(sns2)=0.6 v(vref)=1.2 v(ibias)=0.6 v(xx1.casc)=1.8

Note: Starting dynamic gmin stepping
Note: Dynamic gmin stepping completed
Warning : IC on non-existent node - xx1.casc, ignored
   Please check line .ic v(fb)=1.0 v(sns1)=0.6 v(sns2)=0.6 v(vref)=1.2 v(ibias)=0.6 v(xx1.casc)=1.8

Note: Starting dynamic gmin stepping
Note: Dynamic gmin stepping completed
Warning : IC on non-existent node - xx1.casc, ignored
   Please check line .ic v(fb)=1.0 v(sns1)=0.6 v(sns2)=0.6 v(vref)=1.2 v(ibias)=0.6 v(xx1.casc)=1.8

Note: Starting dynamic gmin stepping
Note: Dynamic gmin stepping completed
Warning : IC on non-existent node - xx1.casc, ignored
   Please check line .ic v(fb)=1.0 v(sns1)=0.6 v(sns2)=0.6 v(vref)=1.2 v(ibias)=0.6 v(xx1.casc)=1.8

Note: Starting dynamic gmin stepping
Note: Dynamic gmin stepping completed
Warning : IC on non-existent node - xx1.casc, ignored
   Please check line .ic v(fb)=1.0 v(sns1)=0.6 v(sns2)=0.6 v(vref)=1.2 v(ibias)=0.6 v(xx1.casc)=1.8

Note: Starting dynamic gmin stepping
Note: Dynamic gmin stepping completed
Warning : IC on non-existent node - xx1.casc, ignored
   Please check line .ic v(fb)=1.0 v(sns1)=0.6 v(sns2)=0.6 v(vref)=1.2 v(ibias)=0.6 v(xx1.casc)=1.8

Note: Starting dynamic gmin stepping
Note: Dynamic gmin stepping completed
Warning : IC on non-existent node - xx1.casc, ignored
   Please check line .ic v(fb)=1.0 v(sns1)=0.6 v(sns2)=0.6 v(vref)=1.2 v(ibias)=0.6 v(xx1.casc)=1.8

Note: Starting dynamic gmin stepping
Note: Dynamic gmin stepping completed
Warning : IC on non-existent node - xx1.casc, ignored
   Please check line .ic v(fb)=1.0 v(sns1)=0.6 v(sns2)=0.6 v(vref)=1.2 v(ibias)=0.6 v(xx1.casc)=1.8

Note: Starting dynamic gmin stepping
Note: Dynamic gmin stepping completed
Warning : IC on non-existent node - xx1.casc, ignored
   Please check line .ic v(fb)=1.0 v(sns1)=0.6 v(sns2)=0.6 v(vref)=1.2 v(ibias)=0.6 v(xx1.casc)=1.8

Note: Starting dynamic gmin stepping
Note: Dynamic gmin stepping completed
Warning : IC on non-existent node - xx1.casc, ignored
   Please check line .ic v(fb)=1.0 v(sns1)=0.6 v(sns2)=0.6 v(vref)=1.2 v(ibias)=0.6 v(xx1.casc)=1.8

Note: Starting dynamic gmin stepping
Note: Dynamic gmin stepping completed
Warning : IC on non-existent node - xx1.casc, ignored
   Please check line .ic v(fb)=1.0 v(sns1)=0.6 v(sns2)=0.6 v(vref)=1.2 v(ibias)=0.6 v(xx1.casc)=1.8

Note: Starting dynamic gmin stepping
Note: Dynamic gmin stepping completed
Warning : IC on non-existent node - xx1.casc, ignored
   Please check line .ic v(fb)=1.0 v(sns1)=0.6 v(sns2)=0.6 v(vref)=1.2 v(ibias)=0.6 v(xx1.casc)=1.8

Note: Starting dynamic gmin stepping
Note: Dynamic gmin stepping completed
Warning : IC on non-existent node - xx1.casc, ignored
   Please check line .ic v(fb)=1.0 v(sns1)=0.6 v(sns2)=0.6 v(vref)=1.2 v(ibias)=0.6 v(xx1.casc)=1.8

Note: Starting dynamic gmin stepping
Note: Dynamic gmin stepping completed
Warning : IC on non-existent node - xx1.casc, ignored
   Please check line .ic v(fb)=1.0 v(sns1)=0.6 v(sns2)=0.6 v(vref)=1.2 v(ibias)=0.6 v(xx1.casc)=1.8

Note: Starting dynamic gmin stepping
Note: Dynamic gmin stepping completed
Warning : IC on non-existent node - xx1.casc, ignored
   Please check line .ic v(fb)=1.0 v(sns1)=0.6 v(sns2)=0.6 v(vref)=1.2 v(ibias)=0.6 v(xx1.casc)=1.8

Note: Starting dynamic gmin stepping
Note: Dynamic gmin stepping completed
Warning : IC on non-existent node - xx1.casc, ignored
   Please check line .ic v(fb)=1.0 v(sns1)=0.6 v(sns2)=0.6 v(vref)=1.2 v(ibias)=0.6 v(xx1.casc)=1.8

Note: Starting dynamic gmin stepping
Note: Dynamic gmin stepping completed
Warning : IC on non-existent node - xx1.casc, ignored
   Please check line .ic v(fb)=1.0 v(sns1)=0.6 v(sns2)=0.6 v(vref)=1.2 v(ibias)=0.6 v(xx1.casc)=1.8

Note: Starting dynamic gmin stepping
Note: Dynamic gmin stepping completed
Warning : IC on non-existent node - xx1.casc, ignored
   Please check line .ic v(fb)=1.0 v(sns1)=0.6 v(sns2)=0.6 v(vref)=1.2 v(ibias)=0.6 v(xx1.casc)=1.8

Note: Starting dynamic gmin stepping
Note: Dynamic gmin stepping completed
Warning : IC on non-existent node - xx1.casc, ignored
   Please check line .ic v(fb)=1.0 v(sns1)=0.6 v(sns2)=0.6 v(vref)=1.2 v(ibias)=0.6 v(xx1.casc)=1.8

Note: Starting dynamic gmin stepping
Note: Dynamic gmin stepping completed
Warning : IC on non-existent node - xx1.casc, ignored
   Please check line .ic v(fb)=1.0 v(sns1)=0.6 v(sns2)=0.6 v(vref)=1.2 v(ibias)=0.6 v(xx1.casc)=1.8

Note: Starting dynamic gmin stepping
Note: Dynamic gmin stepping completed
Warning : IC on non-existent node - xx1.casc, ignored
   Please check line .ic v(fb)=1.0 v(sns1)=0.6 v(sns2)=0.6 v(vref)=1.2 v(ibias)=0.6 v(xx1.casc)=1.8

Note: Starting dynamic gmin stepping
Note: Dynamic gmin stepping completed
Warning : IC on non-existent node - xx1.casc, ignored
   Please check line .ic v(fb)=1.0 v(sns1)=0.6 v(sns2)=0.6 v(vref)=1.2 v(ibias)=0.6 v(xx1.casc)=1.8

Note: Starting dynamic gmin stepping
Note: Dynamic gmin stepping completed
Warning : IC on non-existent node - xx1.casc, ignored
   Please check line .ic v(fb)=1.0 v(sns1)=0.6 v(sns2)=0.6 v(vref)=1.2 v(ibias)=0.6 v(xx1.casc)=1.8

Note: Starting dynamic gmin stepping
Note: Dynamic gmin stepping completed
Warning : IC on non-existent node - xx1.casc, ignored
   Please check line .ic v(fb)=1.0 v(sns1)=0.6 v(sns2)=0.6 v(vref)=1.2 v(ibias)=0.6 v(xx1.casc)=1.8

Note: Starting dynamic gmin stepping
Note: Dynamic gmin stepping completed
Warning : IC on non-existent node - xx1.casc, ignored
   Please check line .ic v(fb)=1.0 v(sns1)=0.6 v(sns2)=0.6 v(vref)=1.2 v(ibias)=0.6 v(xx1.casc)=1.8

Note: Starting dynamic gmin stepping
Note: Dynamic gmin stepping completed
Warning : IC on non-existent node - xx1.casc, ignored
   Please check line .ic v(fb)=1.0 v(sns1)=0.6 v(sns2)=0.6 v(vref)=1.2 v(ibias)=0.6 v(xx1.casc)=1.8

Note: Starting dynamic gmin stepping
Note: Dynamic gmin stepping completed
Warning : IC on non-existent node - xx1.casc, ignored
   Please check line .ic v(fb)=1.0 v(sns1)=0.6 v(sns2)=0.6 v(vref)=1.2 v(ibias)=0.6 v(xx1.casc)=1.8

Note: Starting dynamic gmin stepping
Note: Dynamic gmin stepping completed
Warning : IC on non-existent node - xx1.casc, ignored
   Please check line .ic v(fb)=1.0 v(sns1)=0.6 v(sns2)=0.6 v(vref)=1.2 v(ibias)=0.6 v(xx1.casc)=1.8

Note: Starting dynamic gmin stepping
Note: Dynamic gmin stepping completed
Warning : IC on non-existent node - xx1.casc, ignored
   Please check line .ic v(fb)=1.0 v(sns1)=0.6 v(sns2)=0.6 v(vref)=1.2 v(ibias)=0.6 v(xx1.casc)=1.8

Note: Starting dynamic gmin stepping
Note: Dynamic gmin stepping completed
Warning : IC on non-existent node - xx1.casc, ignored
   Please check line .ic v(fb)=1.0 v(sns1)=0.6 v(sns2)=0.6 v(vref)=1.2 v(ibias)=0.6 v(xx1.casc)=1.8

Note: Starting dynamic gmin stepping
Note: Dynamic gmin stepping completed
Warning : IC on non-existent node - xx1.casc, ignored
   Please check line .ic v(fb)=1.0 v(sns1)=0.6 v(sns2)=0.6 v(vref)=1.2 v(ibias)=0.6 v(xx1.casc)=1.8

Note: Starting dynamic gmin stepping
Note: Dynamic gmin stepping completed
Warning : IC on non-existent node - xx1.casc, ignored
   Please check line .ic v(fb)=1.0 v(sns1)=0.6 v(sns2)=0.6 v(vref)=1.2 v(ibias)=0.6 v(xx1.casc)=1.8

Note: Starting dynamic gmin stepping
Note: Dynamic gmin stepping completed
Warning : IC on non-existent node - xx1.casc, ignored
   Please check line .ic v(fb)=1.0 v(sns1)=0.6 v(sns2)=0.6 v(vref)=1.2 v(ibias)=0.6 v(xx1.casc)=1.8

Note: Starting dynamic gmin stepping
Note: Dynamic gmin stepping completed
Warning : IC on non-existent node - xx1.casc, ignored
   Please check line .ic v(fb)=1.0 v(sns1)=0.6 v(sns2)=0.6 v(vref)=1.2 v(ibias)=0.6 v(xx1.casc)=1.8

Note: Starting dynamic gmin stepping
Note: Dynamic gmin stepping completed
Warning : IC on non-existent node - xx1.casc, ignored
   Please check line .ic v(fb)=1.0 v(sns1)=0.6 v(sns2)=0.6 v(vref)=1.2 v(ibias)=0.6 v(xx1.casc)=1.8

Note: Starting dynamic gmin stepping
Note: Dynamic gmin stepping completed
Warning : IC on non-existent node - xx1.casc, ignored
   Please check line .ic v(fb)=1.0 v(sns1)=0.6 v(sns2)=0.6 v(vref)=1.2 v(ibias)=0.6 v(xx1.casc)=1.8

Note: Starting dynamic gmin stepping
Note: Dynamic gmin stepping completed
Warning : IC on non-existent node - xx1.casc, ignored
   Please check line .ic v(fb)=1.0 v(sns1)=0.6 v(sns2)=0.6 v(vref)=1.2 v(ibias)=0.6 v(xx1.casc)=1.8

Note: Starting dynamic gmin stepping
Note: Dynamic gmin stepping completed
Warning : IC on non-existent node - xx1.casc, ignored
   Please check line .ic v(fb)=1.0 v(sns1)=0.6 v(sns2)=0.6 v(vref)=1.2 v(ibias)=0.6 v(xx1.casc)=1.8

Note: Starting dynamic gmin stepping
Note: Dynamic gmin stepping completed
Warning : IC on non-existent node - xx1.casc, ignored
   Please check line .ic v(fb)=1.0 v(sns1)=0.6 v(sns2)=0.6 v(vref)=1.2 v(ibias)=0.6 v(xx1.casc)=1.8

Note: Starting dynamic gmin stepping
Note: Dynamic gmin stepping completed
Warning : IC on non-existent node - xx1.casc, ignored
   Please check line .ic v(fb)=1.0 v(sns1)=0.6 v(sns2)=0.6 v(vref)=1.2 v(ibias)=0.6 v(xx1.casc)=1.8

Note: Starting dynamic gmin stepping
Note: Dynamic gmin stepping completed
Warning : IC on non-existent node - xx1.casc, ignored
   Please check line .ic v(fb)=1.0 v(sns1)=0.6 v(sns2)=0.6 v(vref)=1.2 v(ibias)=0.6 v(xx1.casc)=1.8

Note: Starting dynamic gmin stepping
Note: Dynamic gmin stepping completed
Warning : IC on non-existent node - xx1.casc, ignored
   Please check line .ic v(fb)=1.0 v(sns1)=0.6 v(sns2)=0.6 v(vref)=1.2 v(ibias)=0.6 v(xx1.casc)=1.8

Note: Starting dynamic gmin stepping
Note: Dynamic gmin stepping completed
Warning : IC on non-existent node - xx1.casc, ignored
   Please check line .ic v(fb)=1.0 v(sns1)=0.6 v(sns2)=0.6 v(vref)=1.2 v(ibias)=0.6 v(xx1.casc)=1.8

Note: Starting dynamic gmin stepping
Note: Dynamic gmin stepping completed
Warning : IC on non-existent node - xx1.casc, ignored
   Please check line .ic v(fb)=1.0 v(sns1)=0.6 v(sns2)=0.6 v(vref)=1.2 v(ibias)=0.6 v(xx1.casc)=1.8

Note: Starting dynamic gmin stepping
Note: Dynamic gmin stepping completed
Warning : IC on non-existent node - xx1.casc, ignored
   Please check line .ic v(fb)=1.0 v(sns1)=0.6 v(sns2)=0.6 v(vref)=1.2 v(ibias)=0.6 v(xx1.casc)=1.8

Note: Starting dynamic gmin stepping
Note: Dynamic gmin stepping completed
Warning : IC on non-existent node - xx1.casc, ignored
   Please check line .ic v(fb)=1.0 v(sns1)=0.6 v(sns2)=0.6 v(vref)=1.2 v(ibias)=0.6 v(xx1.casc)=1.8

Note: Starting dynamic gmin stepping
Note: Dynamic gmin stepping completed
Warning : IC on non-existent node - xx1.casc, ignored
   Please check line .ic v(fb)=1.0 v(sns1)=0.6 v(sns2)=0.6 v(vref)=1.2 v(ibias)=0.6 v(xx1.casc)=1.8

Note: Starting dynamic gmin stepping
Note: Dynamic gmin stepping completed
Warning : IC on non-existent node - xx1.casc, ignored
   Please check line .ic v(fb)=1.0 v(sns1)=0.6 v(sns2)=0.6 v(vref)=1.2 v(ibias)=0.6 v(xx1.casc)=1.8

Note: Starting dynamic gmin stepping
Note: Dynamic gmin stepping completed
Warning : IC on non-existent node - xx1.casc, ignored
   Please check line .ic v(fb)=1.0 v(sns1)=0.6 v(sns2)=0.6 v(vref)=1.2 v(ibias)=0.6 v(xx1.casc)=1.8

Note: Starting dynamic gmin stepping
Note: Dynamic gmin stepping completed
Warning : IC on non-existent node - xx1.casc, ignored
   Please check line .ic v(fb)=1.0 v(sns1)=0.6 v(sns2)=0.6 v(vref)=1.2 v(ibias)=0.6 v(xx1.casc)=1.8

Note: Starting dynamic gmin stepping
Note: Dynamic gmin stepping completed
Warning : IC on non-existent node - xx1.casc, ignored
   Please check line .ic v(fb)=1.0 v(sns1)=0.6 v(sns2)=0.6 v(vref)=1.2 v(ibias)=0.6 v(xx1.casc)=1.8

Note: Starting dynamic gmin stepping
Note: Dynamic gmin stepping completed
Warning : IC on non-existent node - xx1.casc, ignored
   Please check line .ic v(fb)=1.0 v(sns1)=0.6 v(sns2)=0.6 v(vref)=1.2 v(ibias)=0.6 v(xx1.casc)=1.8

Note: Starting dynamic gmin stepping
Note: Dynamic gmin stepping completed
Warning : IC on non-existent node - xx1.casc, ignored
   Please check line .ic v(fb)=1.0 v(sns1)=0.6 v(sns2)=0.6 v(vref)=1.2 v(ibias)=0.6 v(xx1.casc)=1.8

Note: Starting dynamic gmin stepping
Note: Dynamic gmin stepping completed
Warning : IC on non-existent node - xx1.casc, ignored
   Please check line .ic v(fb)=1.0 v(sns1)=0.6 v(sns2)=0.6 v(vref)=1.2 v(ibias)=0.6 v(xx1.casc)=1.8

Note: Starting dynamic gmin stepping
Note: Dynamic gmin stepping completed
Warning : IC on non-existent node - xx1.casc, ignored
   Please check line .ic v(fb)=1.0 v(sns1)=0.6 v(sns2)=0.6 v(vref)=1.2 v(ibias)=0.6 v(xx1.casc)=1.8

Note: Starting dynamic gmin stepping
Note: Dynamic gmin stepping completed
Warning : IC on non-existent node - xx1.casc, ignored
   Please check line .ic v(fb)=1.0 v(sns1)=0.6 v(sns2)=0.6 v(vref)=1.2 v(ibias)=0.6 v(xx1.casc)=1.8

Note: Starting dynamic gmin stepping
Note: Dynamic gmin stepping completed
Warning : IC on non-existent node - xx1.casc, ignored
   Please check line .ic v(fb)=1.0 v(sns1)=0.6 v(sns2)=0.6 v(vref)=1.2 v(ibias)=0.6 v(xx1.casc)=1.8

Note: Starting dynamic gmin stepping
Note: Dynamic gmin stepping completed
Warning : IC on non-existent node - xx1.casc, ignored
   Please check line .ic v(fb)=1.0 v(sns1)=0.6 v(sns2)=0.6 v(vref)=1.2 v(ibias)=0.6 v(xx1.casc)=1.8

Note: Starting dynamic gmin stepping
Note: Dynamic gmin stepping completed
Warning : IC on non-existent node - xx1.casc, ignored
   Please check line .ic v(fb)=1.0 v(sns1)=0.6 v(sns2)=0.6 v(vref)=1.2 v(ibias)=0.6 v(xx1.casc)=1.8

Note: Starting dynamic gmin stepping
Note: Dynamic gmin stepping completed
Warning : IC on non-existent node - xx1.casc, ignored
   Please check line .ic v(fb)=1.0 v(sns1)=0.6 v(sns2)=0.6 v(vref)=1.2 v(ibias)=0.6 v(xx1.casc)=1.8

Note: Starting dynamic gmin stepping
Note: Dynamic gmin stepping completed
Warning : IC on non-existent node - xx1.casc, ignored
   Please check line .ic v(fb)=1.0 v(sns1)=0.6 v(sns2)=0.6 v(vref)=1.2 v(ibias)=0.6 v(xx1.casc)=1.8

Note: Starting dynamic gmin stepping
Note: Dynamic gmin stepping completed
Warning : IC on non-existent node - xx1.casc, ignored
   Please check line .ic v(fb)=1.0 v(sns1)=0.6 v(sns2)=0.6 v(vref)=1.2 v(ibias)=0.6 v(xx1.casc)=1.8

Note: Starting dynamic gmin stepping
Note: Dynamic gmin stepping completed
Warning : IC on non-existent node - xx1.casc, ignored
   Please check line .ic v(fb)=1.0 v(sns1)=0.6 v(sns2)=0.6 v(vref)=1.2 v(ibias)=0.6 v(xx1.casc)=1.8

Note: Starting dynamic gmin stepping
Note: Dynamic gmin stepping completed
Warning : IC on non-existent node - xx1.casc, ignored
   Please check line .ic v(fb)=1.0 v(sns1)=0.6 v(sns2)=0.6 v(vref)=1.2 v(ibias)=0.6 v(xx1.casc)=1.8

Note: Starting dynamic gmin stepping
Note: Dynamic gmin stepping completed
Warning : IC on non-existent node - xx1.casc, ignored
   Please check line .ic v(fb)=1.0 v(sns1)=0.6 v(sns2)=0.6 v(vref)=1.2 v(ibias)=0.6 v(xx1.casc)=1.8

Note: Starting dynamic gmin stepping
Note: Dynamic gmin stepping completed
Warning : IC on non-existent node - xx1.casc, ignored
   Please check line .ic v(fb)=1.0 v(sns1)=0.6 v(sns2)=0.6 v(vref)=1.2 v(ibias)=0.6 v(xx1.casc)=1.8

Note: Starting dynamic gmin stepping
Note: Dynamic gmin stepping completed
Warning : IC on non-existent node - xx1.casc, ignored
   Please check line .ic v(fb)=1.0 v(sns1)=0.6 v(sns2)=0.6 v(vref)=1.2 v(ibias)=0.6 v(xx1.casc)=1.8

Note: Starting dynamic gmin stepping
Note: Dynamic gmin stepping completed
Warning : IC on non-existent node - xx1.casc, ignored
   Please check line .ic v(fb)=1.0 v(sns1)=0.6 v(sns2)=0.6 v(vref)=1.2 v(ibias)=0.6 v(xx1.casc)=1.8

Note: Starting dynamic gmin stepping
Note: Dynamic gmin stepping completed
Warning : IC on non-existent node - xx1.casc, ignored
   Please check line .ic v(fb)=1.0 v(sns1)=0.6 v(sns2)=0.6 v(vref)=1.2 v(ibias)=0.6 v(xx1.casc)=1.8

Note: Starting dynamic gmin stepping
Note: Dynamic gmin stepping completed
Warning : IC on non-existent node - xx1.casc, ignored
   Please check line .ic v(fb)=1.0 v(sns1)=0.6 v(sns2)=0.6 v(vref)=1.2 v(ibias)=0.6 v(xx1.casc)=1.8

Note: Starting dynamic gmin stepping
Note: Dynamic gmin stepping completed
Warning : IC on non-existent node - xx1.casc, ignored
   Please check line .ic v(fb)=1.0 v(sns1)=0.6 v(sns2)=0.6 v(vref)=1.2 v(ibias)=0.6 v(xx1.casc)=1.8

Note: Starting dynamic gmin stepping
Note: Dynamic gmin stepping completed
Warning : IC on non-existent node - xx1.casc, ignored
   Please check line .ic v(fb)=1.0 v(sns1)=0.6 v(sns2)=0.6 v(vref)=1.2 v(ibias)=0.6 v(xx1.casc)=1.8

Note: Starting dynamic gmin stepping
Note: Dynamic gmin stepping completed
Warning : IC on non-existent node - xx1.casc, ignored
   Please check line .ic v(fb)=1.0 v(sns1)=0.6 v(sns2)=0.6 v(vref)=1.2 v(ibias)=0.6 v(xx1.casc)=1.8

Note: Starting dynamic gmin stepping
Note: Dynamic gmin stepping completed
Warning : IC on non-existent node - xx1.casc, ignored
   Please check line .ic v(fb)=1.0 v(sns1)=0.6 v(sns2)=0.6 v(vref)=1.2 v(ibias)=0.6 v(xx1.casc)=1.8

Note: Starting dynamic gmin stepping
Note: Dynamic gmin stepping completed
Warning : IC on non-existent node - xx1.casc, ignored
   Please check line .ic v(fb)=1.0 v(sns1)=0.6 v(sns2)=0.6 v(vref)=1.2 v(ibias)=0.6 v(xx1.casc)=1.8

Note: Starting dynamic gmin stepping
Note: Dynamic gmin stepping completed
Warning : IC on non-existent node - xx1.casc, ignored
   Please check line .ic v(fb)=1.0 v(sns1)=0.6 v(sns2)=0.6 v(vref)=1.2 v(ibias)=0.6 v(xx1.casc)=1.8

Note: Starting dynamic gmin stepping
Note: Dynamic gmin stepping completed
Warning : IC on non-existent node - xx1.casc, ignored
   Please check line .ic v(fb)=1.0 v(sns1)=0.6 v(sns2)=0.6 v(vref)=1.2 v(ibias)=0.6 v(xx1.casc)=1.8

Note: Starting dynamic gmin stepping
Note: Dynamic gmin stepping completed
Warning : IC on non-existent node - xx1.casc, ignored
   Please check line .ic v(fb)=1.0 v(sns1)=0.6 v(sns2)=0.6 v(vref)=1.2 v(ibias)=0.6 v(xx1.casc)=1.8

Note: Starting dynamic gmin stepping
Note: Dynamic gmin stepping completed
Warning : IC on non-existent node - xx1.casc, ignored
   Please check line .ic v(fb)=1.0 v(sns1)=0.6 v(sns2)=0.6 v(vref)=1.2 v(ibias)=0.6 v(xx1.casc)=1.8

Note: Starting dynamic gmin stepping
Note: Dynamic gmin stepping completed
Warning : IC on non-existent node - xx1.casc, ignored
   Please check line .ic v(fb)=1.0 v(sns1)=0.6 v(sns2)=0.6 v(vref)=1.2 v(ibias)=0.6 v(xx1.casc)=1.8

Note: Starting dynamic gmin stepping
Note: Dynamic gmin stepping completed
Warning : IC on non-existent node - xx1.casc, ignored
   Please check line .ic v(fb)=1.0 v(sns1)=0.6 v(sns2)=0.6 v(vref)=1.2 v(ibias)=0.6 v(xx1.casc)=1.8

Note: Starting dynamic gmin stepping
Note: Dynamic gmin stepping completed
Warning : IC on non-existent node - xx1.casc, ignored
   Please check line .ic v(fb)=1.0 v(sns1)=0.6 v(sns2)=0.6 v(vref)=1.2 v(ibias)=0.6 v(xx1.casc)=1.8

Note: Starting dynamic gmin stepping
Note: Dynamic gmin stepping completed
Warning : IC on non-existent node - xx1.casc, ignored
   Please check line .ic v(fb)=1.0 v(sns1)=0.6 v(sns2)=0.6 v(vref)=1.2 v(ibias)=0.6 v(xx1.casc)=1.8

Note: Starting dynamic gmin stepping
Note: Dynamic gmin stepping completed
Warning : IC on non-existent node - xx1.casc, ignored
   Please check line .ic v(fb)=1.0 v(sns1)=0.6 v(sns2)=0.6 v(vref)=1.2 v(ibias)=0.6 v(xx1.casc)=1.8

Note: Starting dynamic gmin stepping
Note: Dynamic gmin stepping completed
Warning : IC on non-existent node - xx1.casc, ignored
   Please check line .ic v(fb)=1.0 v(sns1)=0.6 v(sns2)=0.6 v(vref)=1.2 v(ibias)=0.6 v(xx1.casc)=1.8

Note: Starting dynamic gmin stepping
Note: Dynamic gmin stepping completed
Warning : IC on non-existent node - xx1.casc, ignored
   Please check line .ic v(fb)=1.0 v(sns1)=0.6 v(sns2)=0.6 v(vref)=1.2 v(ibias)=0.6 v(xx1.casc)=1.8

Note: Starting dynamic gmin stepping
Note: Dynamic gmin stepping completed
Warning : IC on non-existent node - xx1.casc, ignored
   Please check line .ic v(fb)=1.0 v(sns1)=0.6 v(sns2)=0.6 v(vref)=1.2 v(ibias)=0.6 v(xx1.casc)=1.8

Note: Starting dynamic gmin stepping
Note: Dynamic gmin stepping completed
Warning : IC on non-existent node - xx1.casc, ignored
   Please check line .ic v(fb)=1.0 v(sns1)=0.6 v(sns2)=0.6 v(vref)=1.2 v(ibias)=0.6 v(xx1.casc)=1.8

Note: Starting dynamic gmin stepping
Note: Dynamic gmin stepping completed
Warning : IC on non-existent node - xx1.casc, ignored
   Please check line .ic v(fb)=1.0 v(sns1)=0.6 v(sns2)=0.6 v(vref)=1.2 v(ibias)=0.6 v(xx1.casc)=1.8

Note: Starting dynamic gmin stepping
Note: Dynamic gmin stepping completed
Warning : IC on non-existent node - xx1.casc, ignored
   Please check line .ic v(fb)=1.0 v(sns1)=0.6 v(sns2)=0.6 v(vref)=1.2 v(ibias)=0.6 v(xx1.casc)=1.8

Note: Starting dynamic gmin stepping
Note: Dynamic gmin stepping completed
Warning : IC on non-existent node - xx1.casc, ignored
   Please check line .ic v(fb)=1.0 v(sns1)=0.6 v(sns2)=0.6 v(vref)=1.2 v(ibias)=0.6 v(xx1.casc)=1.8

Note: Starting dynamic gmin stepping
Note: Dynamic gmin stepping completed
Warning : IC on non-existent node - xx1.casc, ignored
   Please check line .ic v(fb)=1.0 v(sns1)=0.6 v(sns2)=0.6 v(vref)=1.2 v(ibias)=0.6 v(xx1.casc)=1.8

Note: Starting dynamic gmin stepping
Note: Dynamic gmin stepping completed
Warning : IC on non-existent node - xx1.casc, ignored
   Please check line .ic v(fb)=1.0 v(sns1)=0.6 v(sns2)=0.6 v(vref)=1.2 v(ibias)=0.6 v(xx1.casc)=1.8

Note: Starting dynamic gmin stepping
Note: Dynamic gmin stepping completed
Warning : IC on non-existent node - xx1.casc, ignored
   Please check line .ic v(fb)=1.0 v(sns1)=0.6 v(sns2)=0.6 v(vref)=1.2 v(ibias)=0.6 v(xx1.casc)=1.8

Note: Starting dynamic gmin stepping
Note: Dynamic gmin stepping completed
Warning : IC on non-existent node - xx1.casc, ignored
   Please check line .ic v(fb)=1.0 v(sns1)=0.6 v(sns2)=0.6 v(vref)=1.2 v(ibias)=0.6 v(xx1.casc)=1.8

Note: Starting dynamic gmin stepping
Note: Dynamic gmin stepping completed
Warning : IC on non-existent node - xx1.casc, ignored
   Please check line .ic v(fb)=1.0 v(sns1)=0.6 v(sns2)=0.6 v(vref)=1.2 v(ibias)=0.6 v(xx1.casc)=1.8

Note: Starting dynamic gmin stepping
Note: Dynamic gmin stepping completed
Warning : IC on non-existent node - xx1.casc, ignored
   Please check line .ic v(fb)=1.0 v(sns1)=0.6 v(sns2)=0.6 v(vref)=1.2 v(ibias)=0.6 v(xx1.casc)=1.8

Note: Starting dynamic gmin stepping
Note: Dynamic gmin stepping completed
Warning : IC on non-existent node - xx1.casc, ignored
   Please check line .ic v(fb)=1.0 v(sns1)=0.6 v(sns2)=0.6 v(vref)=1.2 v(ibias)=0.6 v(xx1.casc)=1.8

Note: Starting dynamic gmin stepping
Note: Dynamic gmin stepping completed
Warning : IC on non-existent node - xx1.casc, ignored
   Please check line .ic v(fb)=1.0 v(sns1)=0.6 v(sns2)=0.6 v(vref)=1.2 v(ibias)=0.6 v(xx1.casc)=1.8

Note: Starting dynamic gmin stepping
Note: Dynamic gmin stepping completed
Warning : IC on non-existent node - xx1.casc, ignored
   Please check line .ic v(fb)=1.0 v(sns1)=0.6 v(sns2)=0.6 v(vref)=1.2 v(ibias)=0.6 v(xx1.casc)=1.8

Note: Starting dynamic gmin stepping
Note: Dynamic gmin stepping completed
Warning : IC on non-existent node - xx1.casc, ignored
   Please check line .ic v(fb)=1.0 v(sns1)=0.6 v(sns2)=0.6 v(vref)=1.2 v(ibias)=0.6 v(xx1.casc)=1.8

Note: Starting dynamic gmin stepping
Note: Dynamic gmin stepping completed
Warning : IC on non-existent node - xx1.casc, ignored
   Please check line .ic v(fb)=1.0 v(sns1)=0.6 v(sns2)=0.6 v(vref)=1.2 v(ibias)=0.6 v(xx1.casc)=1.8

Note: Starting dynamic gmin stepping
Note: Dynamic gmin stepping completed
Warning : IC on non-existent node - xx1.casc, ignored
   Please check line .ic v(fb)=1.0 v(sns1)=0.6 v(sns2)=0.6 v(vref)=1.2 v(ibias)=0.6 v(xx1.casc)=1.8

Note: Starting dynamic gmin stepping
Note: Dynamic gmin stepping completed
Warning : IC on non-existent node - xx1.casc, ignored
   Please check line .ic v(fb)=1.0 v(sns1)=0.6 v(sns2)=0.6 v(vref)=1.2 v(ibias)=0.6 v(xx1.casc)=1.8

Note: Starting dynamic gmin stepping
Note: Dynamic gmin stepping completed
Warning : IC on non-existent node - xx1.casc, ignored
   Please check line .ic v(fb)=1.0 v(sns1)=0.6 v(sns2)=0.6 v(vref)=1.2 v(ibias)=0.6 v(xx1.casc)=1.8

Note: Starting dynamic gmin stepping
Note: Dynamic gmin stepping completed
Warning : IC on non-existent node - xx1.casc, ignored
   Please check line .ic v(fb)=1.0 v(sns1)=0.6 v(sns2)=0.6 v(vref)=1.2 v(ibias)=0.6 v(xx1.casc)=1.8

Note: Starting dynamic gmin stepping
Note: Dynamic gmin stepping completed
Warning : IC on non-existent node - xx1.casc, ignored
   Please check line .ic v(fb)=1.0 v(sns1)=0.6 v(sns2)=0.6 v(vref)=1.2 v(ibias)=0.6 v(xx1.casc)=1.8

Note: Starting dynamic gmin stepping
Note: Dynamic gmin stepping completed
Warning : IC on non-existent node - xx1.casc, ignored
   Please check line .ic v(fb)=1.0 v(sns1)=0.6 v(sns2)=0.6 v(vref)=1.2 v(ibias)=0.6 v(xx1.casc)=1.8

Note: Starting dynamic gmin stepping
Note: Dynamic gmin stepping completed
Warning : IC on non-existent node - xx1.casc, ignored
   Please check line .ic v(fb)=1.0 v(sns1)=0.6 v(sns2)=0.6 v(vref)=1.2 v(ibias)=0.6 v(xx1.casc)=1.8

Note: Starting dynamic gmin stepping
Note: Dynamic gmin stepping completed
Warning : IC on non-existent node - xx1.casc, ignored
   Please check line .ic v(fb)=1.0 v(sns1)=0.6 v(sns2)=0.6 v(vref)=1.2 v(ibias)=0.6 v(xx1.casc)=1.8

Note: Starting dynamic gmin stepping
Note: Dynamic gmin stepping completed
Warning : IC on non-existent node - xx1.casc, ignored
   Please check line .ic v(fb)=1.0 v(sns1)=0.6 v(sns2)=0.6 v(vref)=1.2 v(ibias)=0.6 v(xx1.casc)=1.8

Note: Starting dynamic gmin stepping
Note: Dynamic gmin stepping completed
Warning : IC on non-existent node - xx1.casc, ignored
   Please check line .ic v(fb)=1.0 v(sns1)=0.6 v(sns2)=0.6 v(vref)=1.2 v(ibias)=0.6 v(xx1.casc)=1.8

Note: Starting dynamic gmin stepping
Note: Dynamic gmin stepping completed
Warning : IC on non-existent node - xx1.casc, ignored
   Please check line .ic v(fb)=1.0 v(sns1)=0.6 v(sns2)=0.6 v(vref)=1.2 v(ibias)=0.6 v(xx1.casc)=1.8

Note: Starting dynamic gmin stepping
Note: Dynamic gmin stepping completed
Warning : IC on non-existent node - xx1.casc, ignored
   Please check line .ic v(fb)=1.0 v(sns1)=0.6 v(sns2)=0.6 v(vref)=1.2 v(ibias)=0.6 v(xx1.casc)=1.8

Note: Starting dynamic gmin stepping
Note: Dynamic gmin stepping completed
Warning : IC on non-existent node - xx1.casc, ignored
   Please check line .ic v(fb)=1.0 v(sns1)=0.6 v(sns2)=0.6 v(vref)=1.2 v(ibias)=0.6 v(xx1.casc)=1.8

Note: Starting dynamic gmin stepping
Note: Dynamic gmin stepping completed
Warning : IC on non-existent node - xx1.casc, ignored
   Please check line .ic v(fb)=1.0 v(sns1)=0.6 v(sns2)=0.6 v(vref)=1.2 v(ibias)=0.6 v(xx1.casc)=1.8

Warning : IC on non-existent node - xx1.casc, ignored
   Please check line .ic v(fb)=1.0 v(sns1)=0.6 v(sns2)=0.6 v(vref)=1.2 v(ibias)=0.6 v(xx1.casc)=1.8

Note: Starting dynamic gmin stepping
Note: Dynamic gmin stepping completed
Warning : IC on non-existent node - xx1.casc, ignored
   Please check line .ic v(fb)=1.0 v(sns1)=0.6 v(sns2)=0.6 v(vref)=1.2 v(ibias)=0.6 v(xx1.casc)=1.8

Note: Starting dynamic gmin stepping
Note: Dynamic gmin stepping completed
Warning : IC on non-existent node - xx1.casc, ignored
   Please check line .ic v(fb)=1.0 v(sns1)=0.6 v(sns2)=0.6 v(vref)=1.2 v(ibias)=0.6 v(xx1.casc)=1.8

Note: Starting dynamic gmin stepping
Note: Dynamic gmin stepping completed
Warning : IC on non-existent node - xx1.casc, ignored
   Please check line .ic v(fb)=1.0 v(sns1)=0.6 v(sns2)=0.6 v(vref)=1.2 v(ibias)=0.6 v(xx1.casc)=1.8

Note: Starting dynamic gmin stepping
Note: Dynamic gmin stepping completed
Warning : IC on non-existent node - xx1.casc, ignored
   Please check line .ic v(fb)=1.0 v(sns1)=0.6 v(sns2)=0.6 v(vref)=1.2 v(ibias)=0.6 v(xx1.casc)=1.8

Note: Starting dynamic gmin stepping
Note: Dynamic gmin stepping completed
Warning : IC on non-existent node - xx1.casc, ignored
   Please check line .ic v(fb)=1.0 v(sns1)=0.6 v(sns2)=0.6 v(vref)=1.2 v(ibias)=0.6 v(xx1.casc)=1.8

Note: Starting dynamic gmin stepping
Note: Dynamic gmin stepping completed
Warning : IC on non-existent node - xx1.casc, ignored
   Please check line .ic v(fb)=1.0 v(sns1)=0.6 v(sns2)=0.6 v(vref)=1.2 v(ibias)=0.6 v(xx1.casc)=1.8

Note: Starting dynamic gmin stepping
Note: Dynamic gmin stepping completed
Warning : IC on non-existent node - xx1.casc, ignored
   Please check line .ic v(fb)=1.0 v(sns1)=0.6 v(sns2)=0.6 v(vref)=1.2 v(ibias)=0.6 v(xx1.casc)=1.8

Note: Starting dynamic gmin stepping
Note: Dynamic gmin stepping completed
Warning : IC on non-existent node - xx1.casc, ignored
   Please check line .ic v(fb)=1.0 v(sns1)=0.6 v(sns2)=0.6 v(vref)=1.2 v(ibias)=0.6 v(xx1.casc)=1.8

Note: Starting dynamic gmin stepping
Note: Dynamic gmin stepping completed
Warning : IC on non-existent node - xx1.casc, ignored
   Please check line .ic v(fb)=1.0 v(sns1)=0.6 v(sns2)=0.6 v(vref)=1.2 v(ibias)=0.6 v(xx1.casc)=1.8

Note: Starting dynamic gmin stepping
Note: Dynamic gmin stepping completed
Warning : IC on non-existent node - xx1.casc, ignored
   Please check line .ic v(fb)=1.0 v(sns1)=0.6 v(sns2)=0.6 v(vref)=1.2 v(ibias)=0.6 v(xx1.casc)=1.8

Note: Starting dynamic gmin stepping
Note: Dynamic gmin stepping completed
Warning : IC on non-existent node - xx1.casc, ignored
   Please check line .ic v(fb)=1.0 v(sns1)=0.6 v(sns2)=0.6 v(vref)=1.2 v(ibias)=0.6 v(xx1.casc)=1.8

Note: Starting dynamic gmin stepping
Note: Dynamic gmin stepping completed
Warning : IC on non-existent node - xx1.casc, ignored
   Please check line .ic v(fb)=1.0 v(sns1)=0.6 v(sns2)=0.6 v(vref)=1.2 v(ibias)=0.6 v(xx1.casc)=1.8

Note: Starting dynamic gmin stepping
Note: Dynamic gmin stepping completed
Warning : IC on non-existent node - xx1.casc, ignored
   Please check line .ic v(fb)=1.0 v(sns1)=0.6 v(sns2)=0.6 v(vref)=1.2 v(ibias)=0.6 v(xx1.casc)=1.8

Note: Starting dynamic gmin stepping
Note: Dynamic gmin stepping completed
Warning : IC on non-existent node - xx1.casc, ignored
   Please check line .ic v(fb)=1.0 v(sns1)=0.6 v(sns2)=0.6 v(vref)=1.2 v(ibias)=0.6 v(xx1.casc)=1.8

Note: Starting dynamic gmin stepping
Note: Dynamic gmin stepping completed
Warning : IC on non-existent node - xx1.casc, ignored
   Please check line .ic v(fb)=1.0 v(sns1)=0.6 v(sns2)=0.6 v(vref)=1.2 v(ibias)=0.6 v(xx1.casc)=1.8

Note: Starting dynamic gmin stepping
Note: Dynamic gmin stepping completed
Warning : IC on non-existent node - xx1.casc, ignored
   Please check line .ic v(fb)=1.0 v(sns1)=0.6 v(sns2)=0.6 v(vref)=1.2 v(ibias)=0.6 v(xx1.casc)=1.8

Note: Starting dynamic gmin stepping
Note: Dynamic gmin stepping completed
Warning : IC on non-existent node - xx1.casc, ignored
   Please check line .ic v(fb)=1.0 v(sns1)=0.6 v(sns2)=0.6 v(vref)=1.2 v(ibias)=0.6 v(xx1.casc)=1.8

Note: Starting dynamic gmin stepping
Note: Dynamic gmin stepping completed
Warning : IC on non-existent node - xx1.casc, ignored
   Please check line .ic v(fb)=1.0 v(sns1)=0.6 v(sns2)=0.6 v(vref)=1.2 v(ibias)=0.6 v(xx1.casc)=1.8

Note: Starting dynamic gmin stepping
Note: Dynamic gmin stepping completed
Warning : IC on non-existent node - xx1.casc, ignored
   Please check line .ic v(fb)=1.0 v(sns1)=0.6 v(sns2)=0.6 v(vref)=1.2 v(ibias)=0.6 v(xx1.casc)=1.8

Note: Starting dynamic gmin stepping
Note: Dynamic gmin stepping completed
Warning : IC on non-existent node - xx1.casc, ignored
   Please check line .ic v(fb)=1.0 v(sns1)=0.6 v(sns2)=0.6 v(vref)=1.2 v(ibias)=0.6 v(xx1.casc)=1.8

Note: Starting dynamic gmin stepping
Note: Dynamic gmin stepping completed
Warning : IC on non-existent node - xx1.casc, ignored
   Please check line .ic v(fb)=1.0 v(sns1)=0.6 v(sns2)=0.6 v(vref)=1.2 v(ibias)=0.6 v(xx1.casc)=1.8

Note: Starting dynamic gmin stepping
Note: Dynamic gmin stepping completed
Warning : IC on non-existent node - xx1.casc, ignored
   Please check line .ic v(fb)=1.0 v(sns1)=0.6 v(sns2)=0.6 v(vref)=1.2 v(ibias)=0.6 v(xx1.casc)=1.8

Note: Starting dynamic gmin stepping
Note: Dynamic gmin stepping completed
Warning : IC on non-existent node - xx1.casc, ignored
   Please check line .ic v(fb)=1.0 v(sns1)=0.6 v(sns2)=0.6 v(vref)=1.2 v(ibias)=0.6 v(xx1.casc)=1.8

Note: Starting dynamic gmin stepping
Note: Dynamic gmin stepping completed
Warning : IC on non-existent node - xx1.casc, ignored
   Please check line .ic v(fb)=1.0 v(sns1)=0.6 v(sns2)=0.6 v(vref)=1.2 v(ibias)=0.6 v(xx1.casc)=1.8

Note: Starting dynamic gmin stepping
Note: Dynamic gmin stepping completed
Warning : IC on non-existent node - xx1.casc, ignored
   Please check line .ic v(fb)=1.0 v(sns1)=0.6 v(sns2)=0.6 v(vref)=1.2 v(ibias)=0.6 v(xx1.casc)=1.8

Note: Starting dynamic gmin stepping
Note: Dynamic gmin stepping completed
Warning : IC on non-existent node - xx1.casc, ignored
   Please check line .ic v(fb)=1.0 v(sns1)=0.6 v(sns2)=0.6 v(vref)=1.2 v(ibias)=0.6 v(xx1.casc)=1.8

Note: Starting dynamic gmin stepping
Note: Dynamic gmin stepping completed
Warning : IC on non-existent node - xx1.casc, ignored
   Please check line .ic v(fb)=1.0 v(sns1)=0.6 v(sns2)=0.6 v(vref)=1.2 v(ibias)=0.6 v(xx1.casc)=1.8

Note: Starting dynamic gmin stepping
Note: Dynamic gmin stepping completed
Warning : IC on non-existent node - xx1.casc, ignored
   Please check line .ic v(fb)=1.0 v(sns1)=0.6 v(sns2)=0.6 v(vref)=1.2 v(ibias)=0.6 v(xx1.casc)=1.8

Note: Starting dynamic gmin stepping
Note: Dynamic gmin stepping completed
Warning : IC on non-existent node - xx1.casc, ignored
   Please check line .ic v(fb)=1.0 v(sns1)=0.6 v(sns2)=0.6 v(vref)=1.2 v(ibias)=0.6 v(xx1.casc)=1.8

Note: Starting dynamic gmin stepping
Note: Dynamic gmin stepping completed
