* ====================================================================
* record-id  : 20260816-142716-1ca1c95
* testbench  : tb_mc_untrimmed.spice
* group      : mm_fetbjt (MOS+BJT mismatch only (native PDK models))
* temp       : 27 C
* supply     : 3.30v (fixed nominal -- mismatch claim, no supply sweep)
* sw_stat_mismatch : 1
* dut variant : baseline
* pdk        : gf180mcuD (/Users/rwalters/.volare/gf180mcuD)
* ngspice    : ngspice-47 : Circuit level simulation program
* run (UTC)  : 2026-08-16T14:27:16Z
* ====================================================================

Note: Compatibility modes selected: hs a


Circuit: * tb_mc_untrimmed.spice -- issue #13 monte carlo mismatch analysis for the

Reset re-loads circuit * tb_mc_untrimmed.spice -- issue #13 monte carlo mismatch analysis for the

Circuit: * tb_mc_untrimmed.spice -- issue #13 monte carlo mismatch analysis for the

Doing analysis at TEMP = 27.000000 and TNOM = 27.000000

Using SPARSE 1.3 as Direct Linear Solver
 Reference value :  0.00000e+00
No. of Data Rows : 1
vref_val = 1.196204e+00
ibias_val = 7.105449e-01
isup_val = 2.072383e-05
Reset re-loads circuit * tb_mc_untrimmed.spice -- issue #13 monte carlo mismatch analysis for the

Circuit: * tb_mc_untrimmed.spice -- issue #13 monte carlo mismatch analysis for the

Doing analysis at TEMP = 27.000000 and TNOM = 27.000000

Using SPARSE 1.3 as Direct Linear Solver

No. of Data Rows : 1
vref_val = 1.198961e+00
ibias_val = 7.089003e-01
isup_val = 2.069430e-05
Reset re-loads circuit * tb_mc_untrimmed.spice -- issue #13 monte carlo mismatch analysis for the

Circuit: * tb_mc_untrimmed.spice -- issue #13 monte carlo mismatch analysis for the

Doing analysis at TEMP = 27.000000 and TNOM = 27.000000

Using SPARSE 1.3 as Direct Linear Solver
 Reference value :  0.00000e+00
No. of Data Rows : 1
vref_val = 1.202012e+00
ibias_val = 7.129242e-01
isup_val = 2.098794e-05
Reset re-loads circuit * tb_mc_untrimmed.spice -- issue #13 monte carlo mismatch analysis for the

Circuit: * tb_mc_untrimmed.spice -- issue #13 monte carlo mismatch analysis for the

Doing analysis at TEMP = 27.000000 and TNOM = 27.000000

Using SPARSE 1.3 as Direct Linear Solver

No. of Data Rows : 1
vref_val = 1.200806e+00
ibias_val = 7.110384e-01
isup_val = 2.087551e-05
Reset re-loads circuit * tb_mc_untrimmed.spice -- issue #13 monte carlo mismatch analysis for the

Circuit: * tb_mc_untrimmed.spice -- issue #13 monte carlo mismatch analysis for the

Doing analysis at TEMP = 27.000000 and TNOM = 27.000000

Using SPARSE 1.3 as Direct Linear Solver
 Reference value :  0.00000e+00
No. of Data Rows : 1
vref_val = 1.197148e+00
ibias_val = 7.073040e-01
isup_val = 2.059599e-05
Reset re-loads circuit * tb_mc_untrimmed.spice -- issue #13 monte carlo mismatch analysis for the

Circuit: * tb_mc_untrimmed.spice -- issue #13 monte carlo mismatch analysis for the

Doing analysis at TEMP = 27.000000 and TNOM = 27.000000

Using SPARSE 1.3 as Direct Linear Solver

No. of Data Rows : 1
vref_val = 1.200648e+00
ibias_val = 7.079426e-01
isup_val = 2.077022e-05
Reset re-loads circuit * tb_mc_untrimmed.spice -- issue #13 monte carlo mismatch analysis for the

Circuit: * tb_mc_untrimmed.spice -- issue #13 monte carlo mismatch analysis for the

Doing analysis at TEMP = 27.000000 and TNOM = 27.000000

Using SPARSE 1.3 as Direct Linear Solver
 Reference value :  0.00000e+00
No. of Data Rows : 1
vref_val = 1.197643e+00
ibias_val = 7.100923e-01
isup_val = 2.077817e-05
Reset re-loads circuit * tb_mc_untrimmed.spice -- issue #13 monte carlo mismatch analysis for the

Circuit: * tb_mc_untrimmed.spice -- issue #13 monte carlo mismatch analysis for the

Doing analysis at TEMP = 27.000000 and TNOM = 27.000000

Using SPARSE 1.3 as Direct Linear Solver

No. of Data Rows : 1
vref_val = 1.201706e+00
ibias_val = 7.062583e-01
isup_val = 2.055287e-05
Reset re-loads circuit * tb_mc_untrimmed.spice -- issue #13 monte carlo mismatch analysis for the

Circuit: * tb_mc_untrimmed.spice -- issue #13 monte carlo mismatch analysis for the

Doing analysis at TEMP = 27.000000 and TNOM = 27.000000

Using SPARSE 1.3 as Direct Linear Solver
 Reference value :  0.00000e+00
No. of Data Rows : 1
vref_val = 1.201839e+00
ibias_val = 7.064744e-01
isup_val = 2.069852e-05
Reset re-loads circuit * tb_mc_untrimmed.spice -- issue #13 monte carlo mismatch analysis for the

Circuit: * tb_mc_untrimmed.spice -- issue #13 monte carlo mismatch analysis for the

Doing analysis at TEMP = 27.000000 and TNOM = 27.000000

Using SPARSE 1.3 as Direct Linear Solver

No. of Data Rows : 1
vref_val = 1.202220e+00
ibias_val = 7.115598e-01
isup_val = 2.088085e-05
Reset re-loads circuit * tb_mc_untrimmed.spice -- issue #13 monte carlo mismatch analysis for the

Circuit: * tb_mc_untrimmed.spice -- issue #13 monte carlo mismatch analysis for the

Doing analysis at TEMP = 27.000000 and TNOM = 27.000000

Using SPARSE 1.3 as Direct Linear Solver
 Reference value :  0.00000e+00
No. of Data Rows : 1
vref_val = 1.194948e+00
ibias_val = 7.114574e-01
isup_val = 2.069921e-05
Reset re-loads circuit * tb_mc_untrimmed.spice -- issue #13 monte carlo mismatch analysis for the

Circuit: * tb_mc_untrimmed.spice -- issue #13 monte carlo mismatch analysis for the

Doing analysis at TEMP = 27.000000 and TNOM = 27.000000

Using SPARSE 1.3 as Direct Linear Solver

No. of Data Rows : 1
vref_val = 1.204934e+00
ibias_val = 7.086907e-01
isup_val = 2.083589e-05
Reset re-loads circuit * tb_mc_untrimmed.spice -- issue #13 monte carlo mismatch analysis for the

Circuit: * tb_mc_untrimmed.spice -- issue #13 monte carlo mismatch analysis for the

Doing analysis at TEMP = 27.000000 and TNOM = 27.000000

Using SPARSE 1.3 as Direct Linear Solver
 Reference value :  0.00000e+00
No. of Data Rows : 1
vref_val = 1.190583e+00
ibias_val = 7.103669e-01
isup_val = 2.057904e-05
Reset re-loads circuit * tb_mc_untrimmed.spice -- issue #13 monte carlo mismatch analysis for the

Circuit: * tb_mc_untrimmed.spice -- issue #13 monte carlo mismatch analysis for the

Doing analysis at TEMP = 27.000000 and TNOM = 27.000000

Using SPARSE 1.3 as Direct Linear Solver

No. of Data Rows : 1
vref_val = 1.196637e+00
ibias_val = 7.109385e-01
isup_val = 2.077595e-05
Reset re-loads circuit * tb_mc_untrimmed.spice -- issue #13 monte carlo mismatch analysis for the

Circuit: * tb_mc_untrimmed.spice -- issue #13 monte carlo mismatch analysis for the

Doing analysis at TEMP = 27.000000 and TNOM = 27.000000

Using SPARSE 1.3 as Direct Linear Solver
 Reference value :  0.00000e+00
No. of Data Rows : 1
vref_val = 1.197764e+00
ibias_val = 7.075481e-01
isup_val = 2.059639e-05
Reset re-loads circuit * tb_mc_untrimmed.spice -- issue #13 monte carlo mismatch analysis for the

Circuit: * tb_mc_untrimmed.spice -- issue #13 monte carlo mismatch analysis for the

Doing analysis at TEMP = 27.000000 and TNOM = 27.000000

Using SPARSE 1.3 as Direct Linear Solver

No. of Data Rows : 1
vref_val = 1.201008e+00
ibias_val = 7.104933e-01
isup_val = 2.087002e-05
Reset re-loads circuit * tb_mc_untrimmed.spice -- issue #13 monte carlo mismatch analysis for the

Circuit: * tb_mc_untrimmed.spice -- issue #13 monte carlo mismatch analysis for the

Doing analysis at TEMP = 27.000000 and TNOM = 27.000000

Using SPARSE 1.3 as Direct Linear Solver
 Reference value :  0.00000e+00
No. of Data Rows : 1
vref_val = 1.197854e+00
ibias_val = 7.093529e-01
isup_val = 2.072266e-05
Reset re-loads circuit * tb_mc_untrimmed.spice -- issue #13 monte carlo mismatch analysis for the

Circuit: * tb_mc_untrimmed.spice -- issue #13 monte carlo mismatch analysis for the

Doing analysis at TEMP = 27.000000 and TNOM = 27.000000

Using SPARSE 1.3 as Direct Linear Solver

No. of Data Rows : 1
vref_val = 1.197738e+00
ibias_val = 7.089317e-01
isup_val = 2.063129e-05
Reset re-loads circuit * tb_mc_untrimmed.spice -- issue #13 monte carlo mismatch analysis for the

Circuit: * tb_mc_untrimmed.spice -- issue #13 monte carlo mismatch analysis for the

Doing analysis at TEMP = 27.000000 and TNOM = 27.000000

Using SPARSE 1.3 as Direct Linear Solver
 Reference value :  0.00000e+00
No. of Data Rows : 1
vref_val = 1.200175e+00
ibias_val = 7.091496e-01
isup_val = 2.073850e-05
Reset re-loads circuit * tb_mc_untrimmed.spice -- issue #13 monte carlo mismatch analysis for the

Circuit: * tb_mc_untrimmed.spice -- issue #13 monte carlo mismatch analysis for the

Doing analysis at TEMP = 27.000000 and TNOM = 27.000000

Using SPARSE 1.3 as Direct Linear Solver

No. of Data Rows : 1
vref_val = 1.194932e+00
ibias_val = 7.090504e-01
isup_val = 2.068416e-05
Reset re-loads circuit * tb_mc_untrimmed.spice -- issue #13 monte carlo mismatch analysis for the

Circuit: * tb_mc_untrimmed.spice -- issue #13 monte carlo mismatch analysis for the

Doing analysis at TEMP = 27.000000 and TNOM = 27.000000

Using SPARSE 1.3 as Direct Linear Solver
 Reference value :  0.00000e+00
No. of Data Rows : 1
vref_val = 1.201615e+00
ibias_val = 7.123423e-01
isup_val = 2.099750e-05
Reset re-loads circuit * tb_mc_untrimmed.spice -- issue #13 monte carlo mismatch analysis for the

Circuit: * tb_mc_untrimmed.spice -- issue #13 monte carlo mismatch analysis for the

Doing analysis at TEMP = 27.000000 and TNOM = 27.000000

Using SPARSE 1.3 as Direct Linear Solver
 Reference value :  0.00000e+00
No. of Data Rows : 1
vref_val = 1.195014e+00
ibias_val = 7.083427e-01
isup_val = 2.057005e-05
Reset re-loads circuit * tb_mc_untrimmed.spice -- issue #13 monte carlo mismatch analysis for the

Circuit: * tb_mc_untrimmed.spice -- issue #13 monte carlo mismatch analysis for the

Doing analysis at TEMP = 27.000000 and TNOM = 27.000000

Using SPARSE 1.3 as Direct Linear Solver
 Reference value :  0.00000e+00
No. of Data Rows : 1
vref_val = 1.200905e+00
ibias_val = 7.110035e-01
isup_val = 2.088907e-05
Reset re-loads circuit * tb_mc_untrimmed.spice -- issue #13 monte carlo mismatch analysis for the

Circuit: * tb_mc_untrimmed.spice -- issue #13 monte carlo mismatch analysis for the

Doing analysis at TEMP = 27.000000 and TNOM = 27.000000

Using SPARSE 1.3 as Direct Linear Solver

No. of Data Rows : 1
vref_val = 1.194754e+00
ibias_val = 7.086991e-01
isup_val = 2.061583e-05
Reset re-loads circuit * tb_mc_untrimmed.spice -- issue #13 monte carlo mismatch analysis for the

Circuit: * tb_mc_untrimmed.spice -- issue #13 monte carlo mismatch analysis for the

Doing analysis at TEMP = 27.000000 and TNOM = 27.000000

Using SPARSE 1.3 as Direct Linear Solver
 Reference value :  0.00000e+00
No. of Data Rows : 1
vref_val = 1.198971e+00
ibias_val = 7.088284e-01
isup_val = 2.072641e-05
Reset re-loads circuit * tb_mc_untrimmed.spice -- issue #13 monte carlo mismatch analysis for the

Circuit: * tb_mc_untrimmed.spice -- issue #13 monte carlo mismatch analysis for the

Doing analysis at TEMP = 27.000000 and TNOM = 27.000000

Using SPARSE 1.3 as Direct Linear Solver
 Reference value :  0.00000e+00
No. of Data Rows : 1
vref_val = 1.205113e+00
ibias_val = 7.080605e-01
isup_val = 2.086406e-05
Reset re-loads circuit * tb_mc_untrimmed.spice -- issue #13 monte carlo mismatch analysis for the

Circuit: * tb_mc_untrimmed.spice -- issue #13 monte carlo mismatch analysis for the

Doing analysis at TEMP = 27.000000 and TNOM = 27.000000

Using SPARSE 1.3 as Direct Linear Solver
 Reference value :  0.00000e+00
No. of Data Rows : 1
vref_val = 1.202793e+00
ibias_val = 7.140611e-01
isup_val = 2.109218e-05
Reset re-loads circuit * tb_mc_untrimmed.spice -- issue #13 monte carlo mismatch analysis for the

Circuit: * tb_mc_untrimmed.spice -- issue #13 monte carlo mismatch analysis for the

Doing analysis at TEMP = 27.000000 and TNOM = 27.000000

Using SPARSE 1.3 as Direct Linear Solver

No. of Data Rows : 1
vref_val = 1.198389e+00
ibias_val = 7.126239e-01
isup_val = 2.090628e-05
Reset re-loads circuit * tb_mc_untrimmed.spice -- issue #13 monte carlo mismatch analysis for the

Circuit: * tb_mc_untrimmed.spice -- issue #13 monte carlo mismatch analysis for the

Doing analysis at TEMP = 27.000000 and TNOM = 27.000000

Using SPARSE 1.3 as Direct Linear Solver
 Reference value :  0.00000e+00
No. of Data Rows : 1
vref_val = 1.201336e+00
ibias_val = 7.056344e-01
isup_val = 2.063843e-05
Reset re-loads circuit * tb_mc_untrimmed.spice -- issue #13 monte carlo mismatch analysis for the

Circuit: * tb_mc_untrimmed.spice -- issue #13 monte carlo mismatch analysis for the

Doing analysis at TEMP = 27.000000 and TNOM = 27.000000

Using SPARSE 1.3 as Direct Linear Solver

No. of Data Rows : 1
vref_val = 1.201593e+00
ibias_val = 7.101246e-01
isup_val = 2.086656e-05
Reset re-loads circuit * tb_mc_untrimmed.spice -- issue #13 monte carlo mismatch analysis for the

Circuit: * tb_mc_untrimmed.spice -- issue #13 monte carlo mismatch analysis for the

Doing analysis at TEMP = 27.000000 and TNOM = 27.000000

Using SPARSE 1.3 as Direct Linear Solver
 Reference value :  0.00000e+00
No. of Data Rows : 1
vref_val = 1.196288e+00
ibias_val = 7.114583e-01
isup_val = 2.068871e-05
Reset re-loads circuit * tb_mc_untrimmed.spice -- issue #13 monte carlo mismatch analysis for the

Circuit: * tb_mc_untrimmed.spice -- issue #13 monte carlo mismatch analysis for the

Doing analysis at TEMP = 27.000000 and TNOM = 27.000000

Using SPARSE 1.3 as Direct Linear Solver

No. of Data Rows : 1
vref_val = 1.199353e+00
ibias_val = 7.107473e-01
isup_val = 2.078063e-05
Reset re-loads circuit * tb_mc_untrimmed.spice -- issue #13 monte carlo mismatch analysis for the

Circuit: * tb_mc_untrimmed.spice -- issue #13 monte carlo mismatch analysis for the

Doing analysis at TEMP = 27.000000 and TNOM = 27.000000

Using SPARSE 1.3 as Direct Linear Solver
 Reference value :  0.00000e+00
No. of Data Rows : 1
vref_val = 1.202497e+00
ibias_val = 7.097621e-01
isup_val = 2.088140e-05
Reset re-loads circuit * tb_mc_untrimmed.spice -- issue #13 monte carlo mismatch analysis for the

Circuit: * tb_mc_untrimmed.spice -- issue #13 monte carlo mismatch analysis for the

Doing analysis at TEMP = 27.000000 and TNOM = 27.000000

Using SPARSE 1.3 as Direct Linear Solver
 Reference value :  0.00000e+00
No. of Data Rows : 1
vref_val = 1.198871e+00
ibias_val = 7.110986e-01
isup_val = 2.077635e-05
Reset re-loads circuit * tb_mc_untrimmed.spice -- issue #13 monte carlo mismatch analysis for the

Circuit: * tb_mc_untrimmed.spice -- issue #13 monte carlo mismatch analysis for the

Doing analysis at TEMP = 27.000000 and TNOM = 27.000000

Using SPARSE 1.3 as Direct Linear Solver
 Reference value :  0.00000e+00
No. of Data Rows : 1
vref_val = 1.199727e+00
ibias_val = 7.103243e-01
isup_val = 2.085537e-05
Reset re-loads circuit * tb_mc_untrimmed.spice -- issue #13 monte carlo mismatch analysis for the

Circuit: * tb_mc_untrimmed.spice -- issue #13 monte carlo mismatch analysis for the

Doing analysis at TEMP = 27.000000 and TNOM = 27.000000

Using SPARSE 1.3 as Direct Linear Solver

No. of Data Rows : 1
vref_val = 1.199739e+00
ibias_val = 7.118641e-01
isup_val = 2.090963e-05
Reset re-loads circuit * tb_mc_untrimmed.spice -- issue #13 monte carlo mismatch analysis for the

Circuit: * tb_mc_untrimmed.spice -- issue #13 monte carlo mismatch analysis for the

Doing analysis at TEMP = 27.000000 and TNOM = 27.000000

Using SPARSE 1.3 as Direct Linear Solver
 Reference value :  0.00000e+00
No. of Data Rows : 1
vref_val = 1.199176e+00
ibias_val = 7.120245e-01
isup_val = 2.094272e-05
Reset re-loads circuit * tb_mc_untrimmed.spice -- issue #13 monte carlo mismatch analysis for the

Circuit: * tb_mc_untrimmed.spice -- issue #13 monte carlo mismatch analysis for the

Doing analysis at TEMP = 27.000000 and TNOM = 27.000000

Using SPARSE 1.3 as Direct Linear Solver

No. of Data Rows : 1
vref_val = 1.197764e+00
ibias_val = 7.081690e-01
isup_val = 2.061461e-05
Reset re-loads circuit * tb_mc_untrimmed.spice -- issue #13 monte carlo mismatch analysis for the

Circuit: * tb_mc_untrimmed.spice -- issue #13 monte carlo mismatch analysis for the

Doing analysis at TEMP = 27.000000 and TNOM = 27.000000

Using SPARSE 1.3 as Direct Linear Solver
 Reference value :  0.00000e+00
No. of Data Rows : 1
vref_val = 1.196108e+00
ibias_val = 7.124744e-01
isup_val = 2.091218e-05
Reset re-loads circuit * tb_mc_untrimmed.spice -- issue #13 monte carlo mismatch analysis for the

Circuit: * tb_mc_untrimmed.spice -- issue #13 monte carlo mismatch analysis for the

Doing analysis at TEMP = 27.000000 and TNOM = 27.000000

Using SPARSE 1.3 as Direct Linear Solver

No. of Data Rows : 1
vref_val = 1.198397e+00
ibias_val = 7.107296e-01
isup_val = 2.080229e-05
Reset re-loads circuit * tb_mc_untrimmed.spice -- issue #13 monte carlo mismatch analysis for the

Circuit: * tb_mc_untrimmed.spice -- issue #13 monte carlo mismatch analysis for the

Doing analysis at TEMP = 27.000000 and TNOM = 27.000000

Using SPARSE 1.3 as Direct Linear Solver
 Reference value :  0.00000e+00
No. of Data Rows : 1
vref_val = 1.203436e+00
ibias_val = 7.062925e-01
isup_val = 2.077434e-05
Reset re-loads circuit * tb_mc_untrimmed.spice -- issue #13 monte carlo mismatch analysis for the

Circuit: * tb_mc_untrimmed.spice -- issue #13 monte carlo mismatch analysis for the

Doing analysis at TEMP = 27.000000 and TNOM = 27.000000

Using SPARSE 1.3 as Direct Linear Solver
 Reference value :  0.00000e+00
No. of Data Rows : 1
vref_val = 1.195089e+00
ibias_val = 7.064626e-01
isup_val = 2.047490e-05
Reset re-loads circuit * tb_mc_untrimmed.spice -- issue #13 monte carlo mismatch analysis for the

Circuit: * tb_mc_untrimmed.spice -- issue #13 monte carlo mismatch analysis for the

Doing analysis at TEMP = 27.000000 and TNOM = 27.000000

Using SPARSE 1.3 as Direct Linear Solver
 Reference value :  0.00000e+00
No. of Data Rows : 1
vref_val = 1.199531e+00
ibias_val = 7.123529e-01
isup_val = 2.093335e-05
Reset re-loads circuit * tb_mc_untrimmed.spice -- issue #13 monte carlo mismatch analysis for the

Circuit: * tb_mc_untrimmed.spice -- issue #13 monte carlo mismatch analysis for the

Doing analysis at TEMP = 27.000000 and TNOM = 27.000000

Using SPARSE 1.3 as Direct Linear Solver
 Reference value :  0.00000e+00
No. of Data Rows : 1
vref_val = 1.197634e+00
ibias_val = 7.072281e-01
isup_val = 2.063182e-05
Reset re-loads circuit * tb_mc_untrimmed.spice -- issue #13 monte carlo mismatch analysis for the

Circuit: * tb_mc_untrimmed.spice -- issue #13 monte carlo mismatch analysis for the

Doing analysis at TEMP = 27.000000 and TNOM = 27.000000

Using SPARSE 1.3 as Direct Linear Solver

No. of Data Rows : 1
vref_val = 1.202766e+00
ibias_val = 7.127263e-01
isup_val = 2.101973e-05
Reset re-loads circuit * tb_mc_untrimmed.spice -- issue #13 monte carlo mismatch analysis for the

Circuit: * tb_mc_untrimmed.spice -- issue #13 monte carlo mismatch analysis for the

Doing analysis at TEMP = 27.000000 and TNOM = 27.000000

Using SPARSE 1.3 as Direct Linear Solver
 Reference value :  0.00000e+00
No. of Data Rows : 1
vref_val = 1.201701e+00
ibias_val = 7.110909e-01
isup_val = 2.090857e-05
Reset re-loads circuit * tb_mc_untrimmed.spice -- issue #13 monte carlo mismatch analysis for the

Circuit: * tb_mc_untrimmed.spice -- issue #13 monte carlo mismatch analysis for the

Doing analysis at TEMP = 27.000000 and TNOM = 27.000000

Using SPARSE 1.3 as Direct Linear Solver

No. of Data Rows : 1
vref_val = 1.202978e+00
ibias_val = 7.073925e-01
isup_val = 2.073237e-05
Reset re-loads circuit * tb_mc_untrimmed.spice -- issue #13 monte carlo mismatch analysis for the

Circuit: * tb_mc_untrimmed.spice -- issue #13 monte carlo mismatch analysis for the

Doing analysis at TEMP = 27.000000 and TNOM = 27.000000

Using SPARSE 1.3 as Direct Linear Solver
 Reference value :  0.00000e+00
No. of Data Rows : 1
vref_val = 1.197331e+00
ibias_val = 7.105784e-01
isup_val = 2.073173e-05
Reset re-loads circuit * tb_mc_untrimmed.spice -- issue #13 monte carlo mismatch analysis for the

Circuit: * tb_mc_untrimmed.spice -- issue #13 monte carlo mismatch analysis for the

Doing analysis at TEMP = 27.000000 and TNOM = 27.000000

Using SPARSE 1.3 as Direct Linear Solver
 Reference value :  0.00000e+00
No. of Data Rows : 1
vref_val = 1.199590e+00
ibias_val = 7.102491e-01
isup_val = 2.071482e-05
Reset re-loads circuit * tb_mc_untrimmed.spice -- issue #13 monte carlo mismatch analysis for the

Circuit: * tb_mc_untrimmed.spice -- issue #13 monte carlo mismatch analysis for the

Doing analysis at TEMP = 27.000000 and TNOM = 27.000000

Using SPARSE 1.3 as Direct Linear Solver
 Reference value :  0.00000e+00
No. of Data Rows : 1
vref_val = 1.204526e+00
ibias_val = 7.114692e-01
isup_val = 2.106733e-05
Reset re-loads circuit * tb_mc_untrimmed.spice -- issue #13 monte carlo mismatch analysis for the

Circuit: * tb_mc_untrimmed.spice -- issue #13 monte carlo mismatch analysis for the

Doing analysis at TEMP = 27.000000 and TNOM = 27.000000

Using SPARSE 1.3 as Direct Linear Solver
 Reference value :  0.00000e+00
No. of Data Rows : 1
vref_val = 1.202870e+00
ibias_val = 7.119330e-01
isup_val = 2.094105e-05
Reset re-loads circuit * tb_mc_untrimmed.spice -- issue #13 monte carlo mismatch analysis for the

Circuit: * tb_mc_untrimmed.spice -- issue #13 monte carlo mismatch analysis for the

Doing analysis at TEMP = 27.000000 and TNOM = 27.000000

Using SPARSE 1.3 as Direct Linear Solver
 Reference value :  0.00000e+00
No. of Data Rows : 1
vref_val = 1.194025e+00
ibias_val = 7.098896e-01
isup_val = 2.063851e-05
Reset re-loads circuit * tb_mc_untrimmed.spice -- issue #13 monte carlo mismatch analysis for the

Circuit: * tb_mc_untrimmed.spice -- issue #13 monte carlo mismatch analysis for the

Doing analysis at TEMP = 27.000000 and TNOM = 27.000000

Using SPARSE 1.3 as Direct Linear Solver

No. of Data Rows : 1
vref_val = 1.196243e+00
ibias_val = 7.080614e-01
isup_val = 2.063254e-05
Reset re-loads circuit * tb_mc_untrimmed.spice -- issue #13 monte carlo mismatch analysis for the

Circuit: * tb_mc_untrimmed.spice -- issue #13 monte carlo mismatch analysis for the

Doing analysis at TEMP = 27.000000 and TNOM = 27.000000

Using SPARSE 1.3 as Direct Linear Solver
 Reference value :  0.00000e+00
No. of Data Rows : 1
vref_val = 1.195531e+00
ibias_val = 7.092856e-01
isup_val = 2.063325e-05
Reset re-loads circuit * tb_mc_untrimmed.spice -- issue #13 monte carlo mismatch analysis for the

Circuit: * tb_mc_untrimmed.spice -- issue #13 monte carlo mismatch analysis for the

Doing analysis at TEMP = 27.000000 and TNOM = 27.000000

Using SPARSE 1.3 as Direct Linear Solver

No. of Data Rows : 1
vref_val = 1.194727e+00
ibias_val = 7.074472e-01
isup_val = 2.052244e-05
Reset re-loads circuit * tb_mc_untrimmed.spice -- issue #13 monte carlo mismatch analysis for the

Circuit: * tb_mc_untrimmed.spice -- issue #13 monte carlo mismatch analysis for the

Doing analysis at TEMP = 27.000000 and TNOM = 27.000000

Using SPARSE 1.3 as Direct Linear Solver
 Reference value :  0.00000e+00
No. of Data Rows : 1
vref_val = 1.194250e+00
ibias_val = 7.079967e-01
isup_val = 2.048625e-05
Reset re-loads circuit * tb_mc_untrimmed.spice -- issue #13 monte carlo mismatch analysis for the

Circuit: * tb_mc_untrimmed.spice -- issue #13 monte carlo mismatch analysis for the

Doing analysis at TEMP = 27.000000 and TNOM = 27.000000

Using SPARSE 1.3 as Direct Linear Solver
 Reference value :  0.00000e+00
No. of Data Rows : 1
vref_val = 1.198761e+00
ibias_val = 7.065342e-01
isup_val = 2.059340e-05
Reset re-loads circuit * tb_mc_untrimmed.spice -- issue #13 monte carlo mismatch analysis for the

Circuit: * tb_mc_untrimmed.spice -- issue #13 monte carlo mismatch analysis for the

Doing analysis at TEMP = 27.000000 and TNOM = 27.000000

Using SPARSE 1.3 as Direct Linear Solver
 Reference value :  0.00000e+00
No. of Data Rows : 1
vref_val = 1.190286e+00
ibias_val = 7.060762e-01
isup_val = 2.024716e-05
Reset re-loads circuit * tb_mc_untrimmed.spice -- issue #13 monte carlo mismatch analysis for the

Circuit: * tb_mc_untrimmed.spice -- issue #13 monte carlo mismatch analysis for the

Doing analysis at TEMP = 27.000000 and TNOM = 27.000000

Using SPARSE 1.3 as Direct Linear Solver
 Reference value :  0.00000e+00
No. of Data Rows : 1
vref_val = 1.195468e+00
ibias_val = 7.135785e-01
isup_val = 2.086674e-05
Reset re-loads circuit * tb_mc_untrimmed.spice -- issue #13 monte carlo mismatch analysis for the

Circuit: * tb_mc_untrimmed.spice -- issue #13 monte carlo mismatch analysis for the

Doing analysis at TEMP = 27.000000 and TNOM = 27.000000

Using SPARSE 1.3 as Direct Linear Solver
 Reference value :  0.00000e+00
No. of Data Rows : 1
vref_val = 1.195998e+00
ibias_val = 7.068010e-01
isup_val = 2.051169e-05
Reset re-loads circuit * tb_mc_untrimmed.spice -- issue #13 monte carlo mismatch analysis for the

Circuit: * tb_mc_untrimmed.spice -- issue #13 monte carlo mismatch analysis for the

Doing analysis at TEMP = 27.000000 and TNOM = 27.000000

Using SPARSE 1.3 as Direct Linear Solver
 Reference value :  0.00000e+00
No. of Data Rows : 1
vref_val = 1.207617e+00
ibias_val = 7.117901e-01
isup_val = 2.115381e-05
Reset re-loads circuit * tb_mc_untrimmed.spice -- issue #13 monte carlo mismatch analysis for the

Circuit: * tb_mc_untrimmed.spice -- issue #13 monte carlo mismatch analysis for the

Doing analysis at TEMP = 27.000000 and TNOM = 27.000000

Using SPARSE 1.3 as Direct Linear Solver
 Reference value :  0.00000e+00
No. of Data Rows : 1
vref_val = 1.202161e+00
ibias_val = 7.076893e-01
isup_val = 2.075054e-05
Reset re-loads circuit * tb_mc_untrimmed.spice -- issue #13 monte carlo mismatch analysis for the

Circuit: * tb_mc_untrimmed.spice -- issue #13 monte carlo mismatch analysis for the

Doing analysis at TEMP = 27.000000 and TNOM = 27.000000

Using SPARSE 1.3 as Direct Linear Solver

No. of Data Rows : 1
vref_val = 1.194743e+00
ibias_val = 7.101851e-01
isup_val = 2.065427e-05
Reset re-loads circuit * tb_mc_untrimmed.spice -- issue #13 monte carlo mismatch analysis for the

Circuit: * tb_mc_untrimmed.spice -- issue #13 monte carlo mismatch analysis for the

Doing analysis at TEMP = 27.000000 and TNOM = 27.000000

Using SPARSE 1.3 as Direct Linear Solver
 Reference value :  0.00000e+00
No. of Data Rows : 1
vref_val = 1.191677e+00
ibias_val = 7.080501e-01
isup_val = 2.043502e-05
Reset re-loads circuit * tb_mc_untrimmed.spice -- issue #13 monte carlo mismatch analysis for the

Circuit: * tb_mc_untrimmed.spice -- issue #13 monte carlo mismatch analysis for the

Doing analysis at TEMP = 27.000000 and TNOM = 27.000000

Using SPARSE 1.3 as Direct Linear Solver
 Reference value :  0.00000e+00
No. of Data Rows : 1
vref_val = 1.199671e+00
ibias_val = 7.113950e-01
isup_val = 2.085653e-05
Reset re-loads circuit * tb_mc_untrimmed.spice -- issue #13 monte carlo mismatch analysis for the

Circuit: * tb_mc_untrimmed.spice -- issue #13 monte carlo mismatch analysis for the

Doing analysis at TEMP = 27.000000 and TNOM = 27.000000

Using SPARSE 1.3 as Direct Linear Solver

No. of Data Rows : 1
vref_val = 1.194643e+00
ibias_val = 7.088974e-01
isup_val = 2.056031e-05
Reset re-loads circuit * tb_mc_untrimmed.spice -- issue #13 monte carlo mismatch analysis for the

Circuit: * tb_mc_untrimmed.spice -- issue #13 monte carlo mismatch analysis for the

Doing analysis at TEMP = 27.000000 and TNOM = 27.000000

Using SPARSE 1.3 as Direct Linear Solver
 Reference value :  0.00000e+00
No. of Data Rows : 1
vref_val = 1.198518e+00
ibias_val = 7.102267e-01
isup_val = 2.072202e-05
Reset re-loads circuit * tb_mc_untrimmed.spice -- issue #13 monte carlo mismatch analysis for the

Circuit: * tb_mc_untrimmed.spice -- issue #13 monte carlo mismatch analysis for the

Doing analysis at TEMP = 27.000000 and TNOM = 27.000000

Using SPARSE 1.3 as Direct Linear Solver

No. of Data Rows : 1
vref_val = 1.198712e+00
ibias_val = 7.109918e-01
isup_val = 2.081509e-05
Reset re-loads circuit * tb_mc_untrimmed.spice -- issue #13 monte carlo mismatch analysis for the

Circuit: * tb_mc_untrimmed.spice -- issue #13 monte carlo mismatch analysis for the

Doing analysis at TEMP = 27.000000 and TNOM = 27.000000

Using SPARSE 1.3 as Direct Linear Solver
 Reference value :  0.00000e+00
No. of Data Rows : 1
vref_val = 1.197264e+00
ibias_val = 7.086098e-01
isup_val = 2.060407e-05
Reset re-loads circuit * tb_mc_untrimmed.spice -- issue #13 monte carlo mismatch analysis for the

Circuit: * tb_mc_untrimmed.spice -- issue #13 monte carlo mismatch analysis for the

Doing analysis at TEMP = 27.000000 and TNOM = 27.000000

Using SPARSE 1.3 as Direct Linear Solver
 Reference value :  0.00000e+00
No. of Data Rows : 1
vref_val = 1.201669e+00
ibias_val = 7.145732e-01
isup_val = 2.112755e-05
Reset re-loads circuit * tb_mc_untrimmed.spice -- issue #13 monte carlo mismatch analysis for the

Circuit: * tb_mc_untrimmed.spice -- issue #13 monte carlo mismatch analysis for the

Doing analysis at TEMP = 27.000000 and TNOM = 27.000000

Using SPARSE 1.3 as Direct Linear Solver
 Reference value :  0.00000e+00
No. of Data Rows : 1
vref_val = 1.195643e+00
ibias_val = 7.072463e-01
isup_val = 2.044503e-05
Reset re-loads circuit * tb_mc_untrimmed.spice -- issue #13 monte carlo mismatch analysis for the

Circuit: * tb_mc_untrimmed.spice -- issue #13 monte carlo mismatch analysis for the

Doing analysis at TEMP = 27.000000 and TNOM = 27.000000

Using SPARSE 1.3 as Direct Linear Solver
 Reference value :  0.00000e+00
No. of Data Rows : 1
vref_val = 1.194298e+00
ibias_val = 7.074274e-01
isup_val = 2.054006e-05
Reset re-loads circuit * tb_mc_untrimmed.spice -- issue #13 monte carlo mismatch analysis for the

Circuit: * tb_mc_untrimmed.spice -- issue #13 monte carlo mismatch analysis for the

Doing analysis at TEMP = 27.000000 and TNOM = 27.000000

Using SPARSE 1.3 as Direct Linear Solver
 Reference value :  0.00000e+00
No. of Data Rows : 1
vref_val = 1.203519e+00
ibias_val = 7.065241e-01
isup_val = 2.070640e-05
Reset re-loads circuit * tb_mc_untrimmed.spice -- issue #13 monte carlo mismatch analysis for the

Circuit: * tb_mc_untrimmed.spice -- issue #13 monte carlo mismatch analysis for the

Doing analysis at TEMP = 27.000000 and TNOM = 27.000000

Using SPARSE 1.3 as Direct Linear Solver
 Reference value :  0.00000e+00
No. of Data Rows : 1
vref_val = 1.198230e+00
ibias_val = 7.095705e-01
isup_val = 2.068806e-05
Reset re-loads circuit * tb_mc_untrimmed.spice -- issue #13 monte carlo mismatch analysis for the

Circuit: * tb_mc_untrimmed.spice -- issue #13 monte carlo mismatch analysis for the

Doing analysis at TEMP = 27.000000 and TNOM = 27.000000

Using SPARSE 1.3 as Direct Linear Solver
 Reference value :  0.00000e+00
No. of Data Rows : 1
vref_val = 1.198793e+00
ibias_val = 7.083224e-01
isup_val = 2.068334e-05
Reset re-loads circuit * tb_mc_untrimmed.spice -- issue #13 monte carlo mismatch analysis for the

Circuit: * tb_mc_untrimmed.spice -- issue #13 monte carlo mismatch analysis for the

Doing analysis at TEMP = 27.000000 and TNOM = 27.000000

Using SPARSE 1.3 as Direct Linear Solver
 Reference value :  0.00000e+00
No. of Data Rows : 1
vref_val = 1.196888e+00
ibias_val = 7.120555e-01
isup_val = 2.080738e-05
Reset re-loads circuit * tb_mc_untrimmed.spice -- issue #13 monte carlo mismatch analysis for the

Circuit: * tb_mc_untrimmed.spice -- issue #13 monte carlo mismatch analysis for the

Doing analysis at TEMP = 27.000000 and TNOM = 27.000000

Using SPARSE 1.3 as Direct Linear Solver

No. of Data Rows : 1
vref_val = 1.200322e+00
ibias_val = 7.086743e-01
isup_val = 2.078597e-05
Reset re-loads circuit * tb_mc_untrimmed.spice -- issue #13 monte carlo mismatch analysis for the

Circuit: * tb_mc_untrimmed.spice -- issue #13 monte carlo mismatch analysis for the

Doing analysis at TEMP = 27.000000 and TNOM = 27.000000

Using SPARSE 1.3 as Direct Linear Solver
 Reference value :  0.00000e+00
No. of Data Rows : 1
vref_val = 1.192815e+00
ibias_val = 7.063216e-01
isup_val = 2.032303e-05
Reset re-loads circuit * tb_mc_untrimmed.spice -- issue #13 monte carlo mismatch analysis for the

Circuit: * tb_mc_untrimmed.spice -- issue #13 monte carlo mismatch analysis for the

Doing analysis at TEMP = 27.000000 and TNOM = 27.000000

Using SPARSE 1.3 as Direct Linear Solver

No. of Data Rows : 1
vref_val = 1.195970e+00
ibias_val = 7.134735e-01
isup_val = 2.082688e-05
Reset re-loads circuit * tb_mc_untrimmed.spice -- issue #13 monte carlo mismatch analysis for the

Circuit: * tb_mc_untrimmed.spice -- issue #13 monte carlo mismatch analysis for the

Doing analysis at TEMP = 27.000000 and TNOM = 27.000000

Using SPARSE 1.3 as Direct Linear Solver
 Reference value :  0.00000e+00
No. of Data Rows : 1
vref_val = 1.201132e+00
ibias_val = 7.087647e-01
isup_val = 2.087351e-05
Reset re-loads circuit * tb_mc_untrimmed.spice -- issue #13 monte carlo mismatch analysis for the

Circuit: * tb_mc_untrimmed.spice -- issue #13 monte carlo mismatch analysis for the

Doing analysis at TEMP = 27.000000 and TNOM = 27.000000

Using SPARSE 1.3 as Direct Linear Solver
 Reference value :  0.00000e+00
No. of Data Rows : 1
vref_val = 1.203140e+00
ibias_val = 7.091470e-01
isup_val = 2.084561e-05
Reset re-loads circuit * tb_mc_untrimmed.spice -- issue #13 monte carlo mismatch analysis for the

Circuit: * tb_mc_untrimmed.spice -- issue #13 monte carlo mismatch analysis for the

Doing analysis at TEMP = 27.000000 and TNOM = 27.000000

Using SPARSE 1.3 as Direct Linear Solver
 Reference value :  0.00000e+00
No. of Data Rows : 1
vref_val = 1.192182e+00
ibias_val = 7.068068e-01
isup_val = 2.041753e-05
Reset re-loads circuit * tb_mc_untrimmed.spice -- issue #13 monte carlo mismatch analysis for the

Circuit: * tb_mc_untrimmed.spice -- issue #13 monte carlo mismatch analysis for the

Doing analysis at TEMP = 27.000000 and TNOM = 27.000000

Using SPARSE 1.3 as Direct Linear Solver
 Reference value :  0.00000e+00
No. of Data Rows : 1
vref_val = 1.199225e+00
ibias_val = 7.089876e-01
isup_val = 2.075046e-05
Reset re-loads circuit * tb_mc_untrimmed.spice -- issue #13 monte carlo mismatch analysis for the

Circuit: * tb_mc_untrimmed.spice -- issue #13 monte carlo mismatch analysis for the

Doing analysis at TEMP = 27.000000 and TNOM = 27.000000

Using SPARSE 1.3 as Direct Linear Solver
 Reference value :  0.00000e+00
No. of Data Rows : 1
vref_val = 1.198229e+00
ibias_val = 7.048445e-01
isup_val = 2.045872e-05
Reset re-loads circuit * tb_mc_untrimmed.spice -- issue #13 monte carlo mismatch analysis for the

Circuit: * tb_mc_untrimmed.spice -- issue #13 monte carlo mismatch analysis for the

Doing analysis at TEMP = 27.000000 and TNOM = 27.000000

Using SPARSE 1.3 as Direct Linear Solver
 Reference value :  0.00000e+00
No. of Data Rows : 1
vref_val = 1.193399e+00
ibias_val = 7.112417e-01
isup_val = 2.072006e-05
Reset re-loads circuit * tb_mc_untrimmed.spice -- issue #13 monte carlo mismatch analysis for the

Circuit: * tb_mc_untrimmed.spice -- issue #13 monte carlo mismatch analysis for the

Doing analysis at TEMP = 27.000000 and TNOM = 27.000000

Using SPARSE 1.3 as Direct Linear Solver
 Reference value :  0.00000e+00
No. of Data Rows : 1
vref_val = 1.198492e+00
ibias_val = 7.149236e-01
isup_val = 2.100084e-05
Reset re-loads circuit * tb_mc_untrimmed.spice -- issue #13 monte carlo mismatch analysis for the

Circuit: * tb_mc_untrimmed.spice -- issue #13 monte carlo mismatch analysis for the

Doing analysis at TEMP = 27.000000 and TNOM = 27.000000

Using SPARSE 1.3 as Direct Linear Solver
 Reference value :  0.00000e+00
No. of Data Rows : 1
vref_val = 1.199705e+00
ibias_val = 7.088669e-01
isup_val = 2.068217e-05
Reset re-loads circuit * tb_mc_untrimmed.spice -- issue #13 monte carlo mismatch analysis for the

Circuit: * tb_mc_untrimmed.spice -- issue #13 monte carlo mismatch analysis for the

Doing analysis at TEMP = 27.000000 and TNOM = 27.000000

Using SPARSE 1.3 as Direct Linear Solver
 Reference value :  0.00000e+00
No. of Data Rows : 1
vref_val = 1.190194e+00
ibias_val = 7.097421e-01
isup_val = 2.052797e-05
Reset re-loads circuit * tb_mc_untrimmed.spice -- issue #13 monte carlo mismatch analysis for the

Circuit: * tb_mc_untrimmed.spice -- issue #13 monte carlo mismatch analysis for the

Doing analysis at TEMP = 27.000000 and TNOM = 27.000000

Using SPARSE 1.3 as Direct Linear Solver
 Reference value :  0.00000e+00
No. of Data Rows : 1
vref_val = 1.200721e+00
ibias_val = 7.108601e-01
isup_val = 2.086329e-05
Reset re-loads circuit * tb_mc_untrimmed.spice -- issue #13 monte carlo mismatch analysis for the

Circuit: * tb_mc_untrimmed.spice -- issue #13 monte carlo mismatch analysis for the

Doing analysis at TEMP = 27.000000 and TNOM = 27.000000

Using SPARSE 1.3 as Direct Linear Solver
 Reference value :  0.00000e+00
No. of Data Rows : 1
vref_val = 1.193310e+00
ibias_val = 7.106217e-01
isup_val = 2.056537e-05
Reset re-loads circuit * tb_mc_untrimmed.spice -- issue #13 monte carlo mismatch analysis for the

Circuit: * tb_mc_untrimmed.spice -- issue #13 monte carlo mismatch analysis for the

Doing analysis at TEMP = 27.000000 and TNOM = 27.000000

Using SPARSE 1.3 as Direct Linear Solver
 Reference value :  0.00000e+00
No. of Data Rows : 1
vref_val = 1.202009e+00
ibias_val = 7.069575e-01
isup_val = 2.075901e-05
Reset re-loads circuit * tb_mc_untrimmed.spice -- issue #13 monte carlo mismatch analysis for the

Circuit: * tb_mc_untrimmed.spice -- issue #13 monte carlo mismatch analysis for the

Doing analysis at TEMP = 27.000000 and TNOM = 27.000000

Using SPARSE 1.3 as Direct Linear Solver
 Reference value :  0.00000e+00
No. of Data Rows : 1
vref_val = 1.200963e+00
ibias_val = 7.084808e-01
isup_val = 2.069669e-05
Reset re-loads circuit * tb_mc_untrimmed.spice -- issue #13 monte carlo mismatch analysis for the

Circuit: * tb_mc_untrimmed.spice -- issue #13 monte carlo mismatch analysis for the

Doing analysis at TEMP = 27.000000 and TNOM = 27.000000

Using SPARSE 1.3 as Direct Linear Solver
 Reference value :  0.00000e+00
No. of Data Rows : 1
vref_val = 1.194512e+00
ibias_val = 7.073283e-01
isup_val = 2.045387e-05
Reset re-loads circuit * tb_mc_untrimmed.spice -- issue #13 monte carlo mismatch analysis for the

Circuit: * tb_mc_untrimmed.spice -- issue #13 monte carlo mismatch analysis for the

Doing analysis at TEMP = 27.000000 and TNOM = 27.000000

Using SPARSE 1.3 as Direct Linear Solver
 Reference value :  0.00000e+00
No. of Data Rows : 1
vref_val = 1.195184e+00
ibias_val = 7.090379e-01
isup_val = 2.057643e-05
Reset re-loads circuit * tb_mc_untrimmed.spice -- issue #13 monte carlo mismatch analysis for the

Circuit: * tb_mc_untrimmed.spice -- issue #13 monte carlo mismatch analysis for the

Doing analysis at TEMP = 27.000000 and TNOM = 27.000000

Using SPARSE 1.3 as Direct Linear Solver
 Reference value :  0.00000e+00
No. of Data Rows : 1
vref_val = 1.196929e+00
ibias_val = 7.079570e-01
isup_val = 2.062846e-05
Reset re-loads circuit * tb_mc_untrimmed.spice -- issue #13 monte carlo mismatch analysis for the

Circuit: * tb_mc_untrimmed.spice -- issue #13 monte carlo mismatch analysis for the

Doing analysis at TEMP = 27.000000 and TNOM = 27.000000

Using SPARSE 1.3 as Direct Linear Solver

No. of Data Rows : 1
vref_val = 1.202341e+00
ibias_val = 7.113194e-01
isup_val = 2.088775e-05
Reset re-loads circuit * tb_mc_untrimmed.spice -- issue #13 monte carlo mismatch analysis for the

Circuit: * tb_mc_untrimmed.spice -- issue #13 monte carlo mismatch analysis for the

Doing analysis at TEMP = 27.000000 and TNOM = 27.000000

Using SPARSE 1.3 as Direct Linear Solver
 Reference value :  0.00000e+00
No. of Data Rows : 1
vref_val = 1.204000e+00
ibias_val = 7.113616e-01
isup_val = 2.098399e-05
Reset re-loads circuit * tb_mc_untrimmed.spice -- issue #13 monte carlo mismatch analysis for the

Circuit: * tb_mc_untrimmed.spice -- issue #13 monte carlo mismatch analysis for the

Doing analysis at TEMP = 27.000000 and TNOM = 27.000000

Using SPARSE 1.3 as Direct Linear Solver
 Reference value :  0.00000e+00
No. of Data Rows : 1
vref_val = 1.196511e+00
ibias_val = 7.146685e-01
isup_val = 2.082450e-05
Reset re-loads circuit * tb_mc_untrimmed.spice -- issue #13 monte carlo mismatch analysis for the

Circuit: * tb_mc_untrimmed.spice -- issue #13 monte carlo mismatch analysis for the

Doing analysis at TEMP = 27.000000 and TNOM = 27.000000

Using SPARSE 1.3 as Direct Linear Solver
 Reference value :  0.00000e+00
No. of Data Rows : 1
vref_val = 1.200118e+00
ibias_val = 7.124810e-01
isup_val = 2.089105e-05
Reset re-loads circuit * tb_mc_untrimmed.spice -- issue #13 monte carlo mismatch analysis for the

Circuit: * tb_mc_untrimmed.spice -- issue #13 monte carlo mismatch analysis for the

Doing analysis at TEMP = 27.000000 and TNOM = 27.000000

Using SPARSE 1.3 as Direct Linear Solver
 Reference value :  0.00000e+00
No. of Data Rows : 1
vref_val = 1.194787e+00
ibias_val = 7.096620e-01
isup_val = 2.060004e-05
Reset re-loads circuit * tb_mc_untrimmed.spice -- issue #13 monte carlo mismatch analysis for the

Circuit: * tb_mc_untrimmed.spice -- issue #13 monte carlo mismatch analysis for the

Doing analysis at TEMP = 27.000000 and TNOM = 27.000000

Using SPARSE 1.3 as Direct Linear Solver
 Reference value :  0.00000e+00
No. of Data Rows : 1
vref_val = 1.200314e+00
ibias_val = 7.100141e-01
isup_val = 2.084087e-05
Reset re-loads circuit * tb_mc_untrimmed.spice -- issue #13 monte carlo mismatch analysis for the

Circuit: * tb_mc_untrimmed.spice -- issue #13 monte carlo mismatch analysis for the

Doing analysis at TEMP = 27.000000 and TNOM = 27.000000

Using SPARSE 1.3 as Direct Linear Solver
 Reference value :  0.00000e+00
No. of Data Rows : 1
vref_val = 1.202792e+00
ibias_val = 7.108184e-01
isup_val = 2.094172e-05
Reset re-loads circuit * tb_mc_untrimmed.spice -- issue #13 monte carlo mismatch analysis for the

Circuit: * tb_mc_untrimmed.spice -- issue #13 monte carlo mismatch analysis for the

Doing analysis at TEMP = 27.000000 and TNOM = 27.000000

Using SPARSE 1.3 as Direct Linear Solver
 Reference value :  0.00000e+00
No. of Data Rows : 1
vref_val = 1.195413e+00
ibias_val = 7.069897e-01
isup_val = 2.046974e-05
Reset re-loads circuit * tb_mc_untrimmed.spice -- issue #13 monte carlo mismatch analysis for the

Circuit: * tb_mc_untrimmed.spice -- issue #13 monte carlo mismatch analysis for the

Doing analysis at TEMP = 27.000000 and TNOM = 27.000000

Using SPARSE 1.3 as Direct Linear Solver
 Reference value :  0.00000e+00
No. of Data Rows : 1
vref_val = 1.201246e+00
ibias_val = 7.101475e-01
isup_val = 2.080090e-05
Reset re-loads circuit * tb_mc_untrimmed.spice -- issue #13 monte carlo mismatch analysis for the

Circuit: * tb_mc_untrimmed.spice -- issue #13 monte carlo mismatch analysis for the

Doing analysis at TEMP = 27.000000 and TNOM = 27.000000

Using SPARSE 1.3 as Direct Linear Solver
 Reference value :  0.00000e+00
No. of Data Rows : 1
vref_val = 1.204492e+00
ibias_val = 7.070575e-01
isup_val = 2.078732e-05
Reset re-loads circuit * tb_mc_untrimmed.spice -- issue #13 monte carlo mismatch analysis for the

Circuit: * tb_mc_untrimmed.spice -- issue #13 monte carlo mismatch analysis for the

Doing analysis at TEMP = 27.000000 and TNOM = 27.000000

Using SPARSE 1.3 as Direct Linear Solver
 Reference value :  0.00000e+00
No. of Data Rows : 1
vref_val = 1.202356e+00
ibias_val = 7.085276e-01
isup_val = 2.080130e-05
Reset re-loads circuit * tb_mc_untrimmed.spice -- issue #13 monte carlo mismatch analysis for the

Circuit: * tb_mc_untrimmed.spice -- issue #13 monte carlo mismatch analysis for the

Doing analysis at TEMP = 27.000000 and TNOM = 27.000000

Using SPARSE 1.3 as Direct Linear Solver
 Reference value :  0.00000e+00
No. of Data Rows : 1
vref_val = 1.196249e+00
ibias_val = 7.155188e-01
isup_val = 2.096472e-05
Reset re-loads circuit * tb_mc_untrimmed.spice -- issue #13 monte carlo mismatch analysis for the

Circuit: * tb_mc_untrimmed.spice -- issue #13 monte carlo mismatch analysis for the

Doing analysis at TEMP = 27.000000 and TNOM = 27.000000

Using SPARSE 1.3 as Direct Linear Solver
 Reference value :  0.00000e+00
No. of Data Rows : 1
vref_val = 1.198691e+00
ibias_val = 7.098442e-01
isup_val = 2.077268e-05
Reset re-loads circuit * tb_mc_untrimmed.spice -- issue #13 monte carlo mismatch analysis for the

Circuit: * tb_mc_untrimmed.spice -- issue #13 monte carlo mismatch analysis for the

Doing analysis at TEMP = 27.000000 and TNOM = 27.000000

Using SPARSE 1.3 as Direct Linear Solver
 Reference value :  0.00000e+00
No. of Data Rows : 1
vref_val = 1.194052e+00
ibias_val = 7.099537e-01
isup_val = 2.063142e-05
Reset re-loads circuit * tb_mc_untrimmed.spice -- issue #13 monte carlo mismatch analysis for the

Circuit: * tb_mc_untrimmed.spice -- issue #13 monte carlo mismatch analysis for the

Doing analysis at TEMP = 27.000000 and TNOM = 27.000000

Using SPARSE 1.3 as Direct Linear Solver
 Reference value :  0.00000e+00
No. of Data Rows : 1
vref_val = 1.201742e+00
ibias_val = 7.069498e-01
isup_val = 2.066750e-05
Reset re-loads circuit * tb_mc_untrimmed.spice -- issue #13 monte carlo mismatch analysis for the

Circuit: * tb_mc_untrimmed.spice -- issue #13 monte carlo mismatch analysis for the

Doing analysis at TEMP = 27.000000 and TNOM = 27.000000

Using SPARSE 1.3 as Direct Linear Solver
 Reference value :  0.00000e+00
No. of Data Rows : 1
vref_val = 1.197027e+00
ibias_val = 7.100286e-01
isup_val = 2.067943e-05
Reset re-loads circuit * tb_mc_untrimmed.spice -- issue #13 monte carlo mismatch analysis for the

Circuit: * tb_mc_untrimmed.spice -- issue #13 monte carlo mismatch analysis for the

Doing analysis at TEMP = 27.000000 and TNOM = 27.000000

Using SPARSE 1.3 as Direct Linear Solver
 Reference value :  0.00000e+00
No. of Data Rows : 1
vref_val = 1.197409e+00
ibias_val = 7.084803e-01
isup_val = 2.071369e-05
Reset re-loads circuit * tb_mc_untrimmed.spice -- issue #13 monte carlo mismatch analysis for the

Circuit: * tb_mc_untrimmed.spice -- issue #13 monte carlo mismatch analysis for the

Doing analysis at TEMP = 27.000000 and TNOM = 27.000000

Using SPARSE 1.3 as Direct Linear Solver
 Reference value :  0.00000e+00
No. of Data Rows : 1
vref_val = 1.194858e+00
ibias_val = 7.077937e-01
isup_val = 2.063346e-05
Reset re-loads circuit * tb_mc_untrimmed.spice -- issue #13 monte carlo mismatch analysis for the

Circuit: * tb_mc_untrimmed.spice -- issue #13 monte carlo mismatch analysis for the

Doing analysis at TEMP = 27.000000 and TNOM = 27.000000

Using SPARSE 1.3 as Direct Linear Solver
 Reference value :  0.00000e+00
No. of Data Rows : 1
vref_val = 1.204725e+00
ibias_val = 7.096485e-01
isup_val = 2.093780e-05
Reset re-loads circuit * tb_mc_untrimmed.spice -- issue #13 monte carlo mismatch analysis for the

Circuit: * tb_mc_untrimmed.spice -- issue #13 monte carlo mismatch analysis for the

Doing analysis at TEMP = 27.000000 and TNOM = 27.000000

Using SPARSE 1.3 as Direct Linear Solver
 Reference value :  0.00000e+00
No. of Data Rows : 1
vref_val = 1.200412e+00
ibias_val = 7.108313e-01
isup_val = 2.082452e-05
Reset re-loads circuit * tb_mc_untrimmed.spice -- issue #13 monte carlo mismatch analysis for the

Circuit: * tb_mc_untrimmed.spice -- issue #13 monte carlo mismatch analysis for the

Doing analysis at TEMP = 27.000000 and TNOM = 27.000000

Using SPARSE 1.3 as Direct Linear Solver
 Reference value :  0.00000e+00
No. of Data Rows : 1
vref_val = 1.207683e+00
ibias_val = 7.083569e-01
isup_val = 2.094151e-05
Reset re-loads circuit * tb_mc_untrimmed.spice -- issue #13 monte carlo mismatch analysis for the

Circuit: * tb_mc_untrimmed.spice -- issue #13 monte carlo mismatch analysis for the

Doing analysis at TEMP = 27.000000 and TNOM = 27.000000

Using SPARSE 1.3 as Direct Linear Solver
 Reference value :  0.00000e+00
No. of Data Rows : 1
vref_val = 1.202130e+00
ibias_val = 7.052856e-01
isup_val = 2.066414e-05
Reset re-loads circuit * tb_mc_untrimmed.spice -- issue #13 monte carlo mismatch analysis for the

Circuit: * tb_mc_untrimmed.spice -- issue #13 monte carlo mismatch analysis for the

Doing analysis at TEMP = 27.000000 and TNOM = 27.000000

Using SPARSE 1.3 as Direct Linear Solver
 Reference value :  0.00000e+00
No. of Data Rows : 1
vref_val = 1.195902e+00
ibias_val = 7.120618e-01
isup_val = 2.074023e-05
Reset re-loads circuit * tb_mc_untrimmed.spice -- issue #13 monte carlo mismatch analysis for the

Circuit: * tb_mc_untrimmed.spice -- issue #13 monte carlo mismatch analysis for the

Doing analysis at TEMP = 27.000000 and TNOM = 27.000000

Using SPARSE 1.3 as Direct Linear Solver
 Reference value :  0.00000e+00
No. of Data Rows : 1
vref_val = 1.204188e+00
ibias_val = 7.117118e-01
isup_val = 2.101851e-05
Reset re-loads circuit * tb_mc_untrimmed.spice -- issue #13 monte carlo mismatch analysis for the

Circuit: * tb_mc_untrimmed.spice -- issue #13 monte carlo mismatch analysis for the

Doing analysis at TEMP = 27.000000 and TNOM = 27.000000

Using SPARSE 1.3 as Direct Linear Solver
 Reference value :  0.00000e+00
No. of Data Rows : 1
vref_val = 1.199624e+00
ibias_val = 7.096715e-01
isup_val = 2.071144e-05
Reset re-loads circuit * tb_mc_untrimmed.spice -- issue #13 monte carlo mismatch analysis for the

Circuit: * tb_mc_untrimmed.spice -- issue #13 monte carlo mismatch analysis for the

Doing analysis at TEMP = 27.000000 and TNOM = 27.000000

Using SPARSE 1.3 as Direct Linear Solver
 Reference value :  0.00000e+00
No. of Data Rows : 1
vref_val = 1.197830e+00
ibias_val = 7.050138e-01
isup_val = 2.045383e-05
Reset re-loads circuit * tb_mc_untrimmed.spice -- issue #13 monte carlo mismatch analysis for the

Circuit: * tb_mc_untrimmed.spice -- issue #13 monte carlo mismatch analysis for the

Doing analysis at TEMP = 27.000000 and TNOM = 27.000000

Using SPARSE 1.3 as Direct Linear Solver
 Reference value :  0.00000e+00
No. of Data Rows : 1
vref_val = 1.199939e+00
ibias_val = 7.107571e-01
isup_val = 2.084490e-05
Reset re-loads circuit * tb_mc_untrimmed.spice -- issue #13 monte carlo mismatch analysis for the

Circuit: * tb_mc_untrimmed.spice -- issue #13 monte carlo mismatch analysis for the

Doing analysis at TEMP = 27.000000 and TNOM = 27.000000

Using SPARSE 1.3 as Direct Linear Solver
 Reference value :  0.00000e+00
No. of Data Rows : 1
vref_val = 1.202217e+00
ibias_val = 7.095859e-01
isup_val = 2.086398e-05
Reset re-loads circuit * tb_mc_untrimmed.spice -- issue #13 monte carlo mismatch analysis for the

Circuit: * tb_mc_untrimmed.spice -- issue #13 monte carlo mismatch analysis for the

Doing analysis at TEMP = 27.000000 and TNOM = 27.000000

Using SPARSE 1.3 as Direct Linear Solver
 Reference value :  0.00000e+00
No. of Data Rows : 1
vref_val = 1.203399e+00
ibias_val = 7.082822e-01
isup_val = 2.070660e-05
Reset re-loads circuit * tb_mc_untrimmed.spice -- issue #13 monte carlo mismatch analysis for the

Circuit: * tb_mc_untrimmed.spice -- issue #13 monte carlo mismatch analysis for the

Doing analysis at TEMP = 27.000000 and TNOM = 27.000000

Using SPARSE 1.3 as Direct Linear Solver

No. of Data Rows : 1
vref_val = 1.204539e+00
ibias_val = 7.103426e-01
isup_val = 2.099338e-05
Reset re-loads circuit * tb_mc_untrimmed.spice -- issue #13 monte carlo mismatch analysis for the

Circuit: * tb_mc_untrimmed.spice -- issue #13 monte carlo mismatch analysis for the

Doing analysis at TEMP = 27.000000 and TNOM = 27.000000

Using SPARSE 1.3 as Direct Linear Solver
 Reference value :  0.00000e+00
No. of Data Rows : 1
vref_val = 1.198721e+00
ibias_val = 7.106456e-01
isup_val = 2.079148e-05
Reset re-loads circuit * tb_mc_untrimmed.spice -- issue #13 monte carlo mismatch analysis for the

Circuit: * tb_mc_untrimmed.spice -- issue #13 monte carlo mismatch analysis for the

Doing analysis at TEMP = 27.000000 and TNOM = 27.000000

Using SPARSE 1.3 as Direct Linear Solver
 Reference value :  0.00000e+00
No. of Data Rows : 1
vref_val = 1.199030e+00
ibias_val = 7.072334e-01
isup_val = 2.064088e-05
Reset re-loads circuit * tb_mc_untrimmed.spice -- issue #13 monte carlo mismatch analysis for the

Circuit: * tb_mc_untrimmed.spice -- issue #13 monte carlo mismatch analysis for the

Doing analysis at TEMP = 27.000000 and TNOM = 27.000000

Using SPARSE 1.3 as Direct Linear Solver
 Reference value :  0.00000e+00
No. of Data Rows : 1
vref_val = 1.197962e+00
ibias_val = 7.126901e-01
isup_val = 2.086381e-05
Reset re-loads circuit * tb_mc_untrimmed.spice -- issue #13 monte carlo mismatch analysis for the

Circuit: * tb_mc_untrimmed.spice -- issue #13 monte carlo mismatch analysis for the

Doing analysis at TEMP = 27.000000 and TNOM = 27.000000

Using SPARSE 1.3 as Direct Linear Solver
 Reference value :  0.00000e+00
No. of Data Rows : 1
vref_val = 1.201960e+00
ibias_val = 7.098528e-01
isup_val = 2.081423e-05
Reset re-loads circuit * tb_mc_untrimmed.spice -- issue #13 monte carlo mismatch analysis for the

Circuit: * tb_mc_untrimmed.spice -- issue #13 monte carlo mismatch analysis for the

Doing analysis at TEMP = 27.000000 and TNOM = 27.000000

Using SPARSE 1.3 as Direct Linear Solver
 Reference value :  0.00000e+00
No. of Data Rows : 1
vref_val = 1.202132e+00
ibias_val = 7.137162e-01
isup_val = 2.108231e-05
Reset re-loads circuit * tb_mc_untrimmed.spice -- issue #13 monte carlo mismatch analysis for the

Circuit: * tb_mc_untrimmed.spice -- issue #13 monte carlo mismatch analysis for the

Doing analysis at TEMP = 27.000000 and TNOM = 27.000000

Using SPARSE 1.3 as Direct Linear Solver
 Reference value :  0.00000e+00
No. of Data Rows : 1
vref_val = 1.201716e+00
ibias_val = 7.103339e-01
isup_val = 2.087149e-05
Reset re-loads circuit * tb_mc_untrimmed.spice -- issue #13 monte carlo mismatch analysis for the

Circuit: * tb_mc_untrimmed.spice -- issue #13 monte carlo mismatch analysis for the

Doing analysis at TEMP = 27.000000 and TNOM = 27.000000

Using SPARSE 1.3 as Direct Linear Solver
 Reference value :  0.00000e+00
No. of Data Rows : 1
vref_val = 1.199482e+00
ibias_val = 7.131543e-01
isup_val = 2.096753e-05
Reset re-loads circuit * tb_mc_untrimmed.spice -- issue #13 monte carlo mismatch analysis for the

Circuit: * tb_mc_untrimmed.spice -- issue #13 monte carlo mismatch analysis for the

Doing analysis at TEMP = 27.000000 and TNOM = 27.000000

Using SPARSE 1.3 as Direct Linear Solver
 Reference value :  0.00000e+00
No. of Data Rows : 1
vref_val = 1.199651e+00
ibias_val = 7.129269e-01
isup_val = 2.095742e-05
Reset re-loads circuit * tb_mc_untrimmed.spice -- issue #13 monte carlo mismatch analysis for the

Circuit: * tb_mc_untrimmed.spice -- issue #13 monte carlo mismatch analysis for the

Doing analysis at TEMP = 27.000000 and TNOM = 27.000000

Using SPARSE 1.3 as Direct Linear Solver
 Reference value :  0.00000e+00
No. of Data Rows : 1
vref_val = 1.197384e+00
ibias_val = 7.117531e-01
isup_val = 2.080038e-05
Reset re-loads circuit * tb_mc_untrimmed.spice -- issue #13 monte carlo mismatch analysis for the

Circuit: * tb_mc_untrimmed.spice -- issue #13 monte carlo mismatch analysis for the

Doing analysis at TEMP = 27.000000 and TNOM = 27.000000

Using SPARSE 1.3 as Direct Linear Solver
 Reference value :  0.00000e+00
No. of Data Rows : 1
vref_val = 1.198668e+00
ibias_val = 7.087479e-01
isup_val = 2.064184e-05
Reset re-loads circuit * tb_mc_untrimmed.spice -- issue #13 monte carlo mismatch analysis for the

Circuit: * tb_mc_untrimmed.spice -- issue #13 monte carlo mismatch analysis for the

Doing analysis at TEMP = 27.000000 and TNOM = 27.000000

Using SPARSE 1.3 as Direct Linear Solver
 Reference value :  0.00000e+00
No. of Data Rows : 1
vref_val = 1.199364e+00
ibias_val = 7.099307e-01
isup_val = 2.076109e-05
Reset re-loads circuit * tb_mc_untrimmed.spice -- issue #13 monte carlo mismatch analysis for the

Circuit: * tb_mc_untrimmed.spice -- issue #13 monte carlo mismatch analysis for the

Doing analysis at TEMP = 27.000000 and TNOM = 27.000000

Using SPARSE 1.3 as Direct Linear Solver
 Reference value :  0.00000e+00
No. of Data Rows : 1
vref_val = 1.202755e+00
ibias_val = 7.055077e-01
isup_val = 2.063378e-05
Reset re-loads circuit * tb_mc_untrimmed.spice -- issue #13 monte carlo mismatch analysis for the

Circuit: * tb_mc_untrimmed.spice -- issue #13 monte carlo mismatch analysis for the

Doing analysis at TEMP = 27.000000 and TNOM = 27.000000

Using SPARSE 1.3 as Direct Linear Solver
 Reference value :  0.00000e+00
No. of Data Rows : 1
vref_val = 1.196136e+00
ibias_val = 7.094217e-01
isup_val = 2.064626e-05
Reset re-loads circuit * tb_mc_untrimmed.spice -- issue #13 monte carlo mismatch analysis for the

Circuit: * tb_mc_untrimmed.spice -- issue #13 monte carlo mismatch analysis for the

Doing analysis at TEMP = 27.000000 and TNOM = 27.000000

Using SPARSE 1.3 as Direct Linear Solver
 Reference value :  0.00000e+00
No. of Data Rows : 1
vref_val = 1.200937e+00
ibias_val = 7.090284e-01
isup_val = 2.078581e-05
Reset re-loads circuit * tb_mc_untrimmed.spice -- issue #13 monte carlo mismatch analysis for the

Circuit: * tb_mc_untrimmed.spice -- issue #13 monte carlo mismatch analysis for the

Doing analysis at TEMP = 27.000000 and TNOM = 27.000000

Using SPARSE 1.3 as Direct Linear Solver
 Reference value :  0.00000e+00
No. of Data Rows : 1
vref_val = 1.201994e+00
ibias_val = 7.146257e-01
isup_val = 2.102106e-05
Reset re-loads circuit * tb_mc_untrimmed.spice -- issue #13 monte carlo mismatch analysis for the

Circuit: * tb_mc_untrimmed.spice -- issue #13 monte carlo mismatch analysis for the

Doing analysis at TEMP = 27.000000 and TNOM = 27.000000

Using SPARSE 1.3 as Direct Linear Solver
 Reference value :  0.00000e+00
No. of Data Rows : 1
vref_val = 1.201452e+00
ibias_val = 7.075726e-01
isup_val = 2.076139e-05
Reset re-loads circuit * tb_mc_untrimmed.spice -- issue #13 monte carlo mismatch analysis for the

Circuit: * tb_mc_untrimmed.spice -- issue #13 monte carlo mismatch analysis for the

Doing analysis at TEMP = 27.000000 and TNOM = 27.000000

Using SPARSE 1.3 as Direct Linear Solver
 Reference value :  0.00000e+00
No. of Data Rows : 1
vref_val = 1.198334e+00
ibias_val = 7.112370e-01
isup_val = 2.080578e-05
Reset re-loads circuit * tb_mc_untrimmed.spice -- issue #13 monte carlo mismatch analysis for the

Circuit: * tb_mc_untrimmed.spice -- issue #13 monte carlo mismatch analysis for the

Doing analysis at TEMP = 27.000000 and TNOM = 27.000000

Using SPARSE 1.3 as Direct Linear Solver
 Reference value :  0.00000e+00
No. of Data Rows : 1
vref_val = 1.193711e+00
ibias_val = 7.049896e-01
isup_val = 2.046744e-05
Reset re-loads circuit * tb_mc_untrimmed.spice -- issue #13 monte carlo mismatch analysis for the

Circuit: * tb_mc_untrimmed.spice -- issue #13 monte carlo mismatch analysis for the

Doing analysis at TEMP = 27.000000 and TNOM = 27.000000

Using SPARSE 1.3 as Direct Linear Solver
 Reference value :  0.00000e+00
No. of Data Rows : 1
vref_val = 1.197452e+00
ibias_val = 7.087704e-01
isup_val = 2.067725e-05
Reset re-loads circuit * tb_mc_untrimmed.spice -- issue #13 monte carlo mismatch analysis for the

Circuit: * tb_mc_untrimmed.spice -- issue #13 monte carlo mismatch analysis for the

Doing analysis at TEMP = 27.000000 and TNOM = 27.000000

Using SPARSE 1.3 as Direct Linear Solver
 Reference value :  0.00000e+00
No. of Data Rows : 1
vref_val = 1.199044e+00
ibias_val = 7.086563e-01
isup_val = 2.066702e-05
Reset re-loads circuit * tb_mc_untrimmed.spice -- issue #13 monte carlo mismatch analysis for the

Circuit: * tb_mc_untrimmed.spice -- issue #13 monte carlo mismatch analysis for the

Doing analysis at TEMP = 27.000000 and TNOM = 27.000000

Using SPARSE 1.3 as Direct Linear Solver
 Reference value :  0.00000e+00
No. of Data Rows : 1
vref_val = 1.200983e+00
ibias_val = 7.100823e-01
isup_val = 2.080249e-05
Reset re-loads circuit * tb_mc_untrimmed.spice -- issue #13 monte carlo mismatch analysis for the

Circuit: * tb_mc_untrimmed.spice -- issue #13 monte carlo mismatch analysis for the

Doing analysis at TEMP = 27.000000 and TNOM = 27.000000

Using SPARSE 1.3 as Direct Linear Solver
 Reference value :  0.00000e+00
No. of Data Rows : 1
vref_val = 1.199831e+00
ibias_val = 7.052778e-01
isup_val = 2.061432e-05
Reset re-loads circuit * tb_mc_untrimmed.spice -- issue #13 monte carlo mismatch analysis for the

Circuit: * tb_mc_untrimmed.spice -- issue #13 monte carlo mismatch analysis for the

Doing analysis at TEMP = 27.000000 and TNOM = 27.000000

Using SPARSE 1.3 as Direct Linear Solver
 Reference value :  0.00000e+00
No. of Data Rows : 1
vref_val = 1.202581e+00
ibias_val = 7.066740e-01
isup_val = 2.065763e-05
Reset re-loads circuit * tb_mc_untrimmed.spice -- issue #13 monte carlo mismatch analysis for the

Circuit: * tb_mc_untrimmed.spice -- issue #13 monte carlo mismatch analysis for the

Doing analysis at TEMP = 27.000000 and TNOM = 27.000000

Using SPARSE 1.3 as Direct Linear Solver
 Reference value :  0.00000e+00
No. of Data Rows : 1
vref_val = 1.196162e+00
ibias_val = 7.080832e-01
isup_val = 2.053146e-05
Reset re-loads circuit * tb_mc_untrimmed.spice -- issue #13 monte carlo mismatch analysis for the

Circuit: * tb_mc_untrimmed.spice -- issue #13 monte carlo mismatch analysis for the

Doing analysis at TEMP = 27.000000 and TNOM = 27.000000

Using SPARSE 1.3 as Direct Linear Solver
 Reference value :  0.00000e+00
No. of Data Rows : 1
vref_val = 1.198144e+00
ibias_val = 7.090316e-01
isup_val = 2.077906e-05
Reset re-loads circuit * tb_mc_untrimmed.spice -- issue #13 monte carlo mismatch analysis for the

Circuit: * tb_mc_untrimmed.spice -- issue #13 monte carlo mismatch analysis for the

Doing analysis at TEMP = 27.000000 and TNOM = 27.000000

Using SPARSE 1.3 as Direct Linear Solver
 Reference value :  0.00000e+00
No. of Data Rows : 1
vref_val = 1.199056e+00
ibias_val = 7.097550e-01
isup_val = 2.085577e-05
Reset re-loads circuit * tb_mc_untrimmed.spice -- issue #13 monte carlo mismatch analysis for the

Circuit: * tb_mc_untrimmed.spice -- issue #13 monte carlo mismatch analysis for the

Doing analysis at TEMP = 27.000000 and TNOM = 27.000000

Using SPARSE 1.3 as Direct Linear Solver
 Reference value :  0.00000e+00
No. of Data Rows : 1
vref_val = 1.191083e+00
ibias_val = 7.054763e-01
isup_val = 2.033750e-05
Reset re-loads circuit * tb_mc_untrimmed.spice -- issue #13 monte carlo mismatch analysis for the

Circuit: * tb_mc_untrimmed.spice -- issue #13 monte carlo mismatch analysis for the

Doing analysis at TEMP = 27.000000 and TNOM = 27.000000

Using SPARSE 1.3 as Direct Linear Solver
 Reference value :  0.00000e+00
No. of Data Rows : 1
vref_val = 1.198109e+00
ibias_val = 7.126625e-01
isup_val = 2.085572e-05
Reset re-loads circuit * tb_mc_untrimmed.spice -- issue #13 monte carlo mismatch analysis for the

Circuit: * tb_mc_untrimmed.spice -- issue #13 monte carlo mismatch analysis for the

Doing analysis at TEMP = 27.000000 and TNOM = 27.000000

Using SPARSE 1.3 as Direct Linear Solver
 Reference value :  0.00000e+00
No. of Data Rows : 1
vref_val = 1.199268e+00
ibias_val = 7.059356e-01
isup_val = 2.061293e-05
Reset re-loads circuit * tb_mc_untrimmed.spice -- issue #13 monte carlo mismatch analysis for the

Circuit: * tb_mc_untrimmed.spice -- issue #13 monte carlo mismatch analysis for the

Doing analysis at TEMP = 27.000000 and TNOM = 27.000000

Using SPARSE 1.3 as Direct Linear Solver
 Reference value :  0.00000e+00
No. of Data Rows : 1
vref_val = 1.199651e+00
ibias_val = 7.090520e-01
isup_val = 2.082706e-05
Reset re-loads circuit * tb_mc_untrimmed.spice -- issue #13 monte carlo mismatch analysis for the

Circuit: * tb_mc_untrimmed.spice -- issue #13 monte carlo mismatch analysis for the

Doing analysis at TEMP = 27.000000 and TNOM = 27.000000

Using SPARSE 1.3 as Direct Linear Solver
 Reference value :  0.00000e+00
No. of Data Rows : 1
vref_val = 1.201208e+00
ibias_val = 7.074759e-01
isup_val = 2.074820e-05
Reset re-loads circuit * tb_mc_untrimmed.spice -- issue #13 monte carlo mismatch analysis for the

Circuit: * tb_mc_untrimmed.spice -- issue #13 monte carlo mismatch analysis for the

Doing analysis at TEMP = 27.000000 and TNOM = 27.000000

Using SPARSE 1.3 as Direct Linear Solver
 Reference value :  0.00000e+00
No. of Data Rows : 1
vref_val = 1.193939e+00
ibias_val = 7.094594e-01
isup_val = 2.058097e-05
Reset re-loads circuit * tb_mc_untrimmed.spice -- issue #13 monte carlo mismatch analysis for the

Circuit: * tb_mc_untrimmed.spice -- issue #13 monte carlo mismatch analysis for the

Doing analysis at TEMP = 27.000000 and TNOM = 27.000000

Using SPARSE 1.3 as Direct Linear Solver
 Reference value :  0.00000e+00
No. of Data Rows : 1
vref_val = 1.201181e+00
ibias_val = 7.096733e-01
isup_val = 2.083514e-05
Reset re-loads circuit * tb_mc_untrimmed.spice -- issue #13 monte carlo mismatch analysis for the

Circuit: * tb_mc_untrimmed.spice -- issue #13 monte carlo mismatch analysis for the

Doing analysis at TEMP = 27.000000 and TNOM = 27.000000

Using SPARSE 1.3 as Direct Linear Solver
 Reference value :  0.00000e+00
No. of Data Rows : 1
vref_val = 1.199587e+00
ibias_val = 7.101734e-01
isup_val = 2.077672e-05
Reset re-loads circuit * tb_mc_untrimmed.spice -- issue #13 monte carlo mismatch analysis for the

Circuit: * tb_mc_untrimmed.spice -- issue #13 monte carlo mismatch analysis for the

Doing analysis at TEMP = 27.000000 and TNOM = 27.000000

Using SPARSE 1.3 as Direct Linear Solver
 Reference value :  0.00000e+00
No. of Data Rows : 1
vref_val = 1.203929e+00
ibias_val = 7.106284e-01
isup_val = 2.098582e-05
Reset re-loads circuit * tb_mc_untrimmed.spice -- issue #13 monte carlo mismatch analysis for the

Circuit: * tb_mc_untrimmed.spice -- issue #13 monte carlo mismatch analysis for the

Doing analysis at TEMP = 27.000000 and TNOM = 27.000000

Using SPARSE 1.3 as Direct Linear Solver
 Reference value :  0.00000e+00
No. of Data Rows : 1
vref_val = 1.199414e+00
ibias_val = 7.068992e-01
isup_val = 2.067600e-05
Reset re-loads circuit * tb_mc_untrimmed.spice -- issue #13 monte carlo mismatch analysis for the

Circuit: * tb_mc_untrimmed.spice -- issue #13 monte carlo mismatch analysis for the

Doing analysis at TEMP = 27.000000 and TNOM = 27.000000

Using SPARSE 1.3 as Direct Linear Solver
 Reference value :  0.00000e+00
No. of Data Rows : 1
vref_val = 1.202787e+00
ibias_val = 7.044358e-01
isup_val = 2.062918e-05
Reset re-loads circuit * tb_mc_untrimmed.spice -- issue #13 monte carlo mismatch analysis for the

Circuit: * tb_mc_untrimmed.spice -- issue #13 monte carlo mismatch analysis for the

Doing analysis at TEMP = 27.000000 and TNOM = 27.000000

Using SPARSE 1.3 as Direct Linear Solver
 Reference value :  0.00000e+00
No. of Data Rows : 1
vref_val = 1.194790e+00
ibias_val = 7.092231e-01
isup_val = 2.063814e-05
Reset re-loads circuit * tb_mc_untrimmed.spice -- issue #13 monte carlo mismatch analysis for the

Circuit: * tb_mc_untrimmed.spice -- issue #13 monte carlo mismatch analysis for the

Doing analysis at TEMP = 27.000000 and TNOM = 27.000000

Using SPARSE 1.3 as Direct Linear Solver
 Reference value :  0.00000e+00
No. of Data Rows : 1
vref_val = 1.199866e+00
ibias_val = 7.089427e-01
isup_val = 2.074642e-05
Reset re-loads circuit * tb_mc_untrimmed.spice -- issue #13 monte carlo mismatch analysis for the

Circuit: * tb_mc_untrimmed.spice -- issue #13 monte carlo mismatch analysis for the

Doing analysis at TEMP = 27.000000 and TNOM = 27.000000

Using SPARSE 1.3 as Direct Linear Solver
 Reference value :  0.00000e+00
No. of Data Rows : 1
vref_val = 1.195829e+00
ibias_val = 7.138901e-01
isup_val = 2.086487e-05
Reset re-loads circuit * tb_mc_untrimmed.spice -- issue #13 monte carlo mismatch analysis for the

Circuit: * tb_mc_untrimmed.spice -- issue #13 monte carlo mismatch analysis for the

Doing analysis at TEMP = 27.000000 and TNOM = 27.000000

Using SPARSE 1.3 as Direct Linear Solver
 Reference value :  0.00000e+00
No. of Data Rows : 1
vref_val = 1.193485e+00
ibias_val = 7.106109e-01
isup_val = 2.064097e-05
Reset re-loads circuit * tb_mc_untrimmed.spice -- issue #13 monte carlo mismatch analysis for the

Circuit: * tb_mc_untrimmed.spice -- issue #13 monte carlo mismatch analysis for the

Doing analysis at TEMP = 27.000000 and TNOM = 27.000000

Using SPARSE 1.3 as Direct Linear Solver
 Reference value :  0.00000e+00
No. of Data Rows : 1
vref_val = 1.203530e+00
ibias_val = 7.113196e-01
isup_val = 2.097698e-05
Reset re-loads circuit * tb_mc_untrimmed.spice -- issue #13 monte carlo mismatch analysis for the

Circuit: * tb_mc_untrimmed.spice -- issue #13 monte carlo mismatch analysis for the

Doing analysis at TEMP = 27.000000 and TNOM = 27.000000

Using SPARSE 1.3 as Direct Linear Solver
 Reference value :  0.00000e+00
No. of Data Rows : 1
vref_val = 1.203379e+00
ibias_val = 7.126229e-01
isup_val = 2.110926e-05
Reset re-loads circuit * tb_mc_untrimmed.spice -- issue #13 monte carlo mismatch analysis for the

Circuit: * tb_mc_untrimmed.spice -- issue #13 monte carlo mismatch analysis for the

Doing analysis at TEMP = 27.000000 and TNOM = 27.000000

Using SPARSE 1.3 as Direct Linear Solver
 Reference value :  0.00000e+00
No. of Data Rows : 1
vref_val = 1.201500e+00
ibias_val = 7.121347e-01
isup_val = 2.102716e-05
Reset re-loads circuit * tb_mc_untrimmed.spice -- issue #13 monte carlo mismatch analysis for the

Circuit: * tb_mc_untrimmed.spice -- issue #13 monte carlo mismatch analysis for the

Doing analysis at TEMP = 27.000000 and TNOM = 27.000000

Using SPARSE 1.3 as Direct Linear Solver
 Reference value :  0.00000e+00
No. of Data Rows : 1
vref_val = 1.194913e+00
ibias_val = 7.074903e-01
isup_val = 2.052154e-05
Reset re-loads circuit * tb_mc_untrimmed.spice -- issue #13 monte carlo mismatch analysis for the

Circuit: * tb_mc_untrimmed.spice -- issue #13 monte carlo mismatch analysis for the

Doing analysis at TEMP = 27.000000 and TNOM = 27.000000

Using SPARSE 1.3 as Direct Linear Solver
 Reference value :  0.00000e+00
No. of Data Rows : 1
vref_val = 1.203212e+00
ibias_val = 7.131234e-01
isup_val = 2.111798e-05
Reset re-loads circuit * tb_mc_untrimmed.spice -- issue #13 monte carlo mismatch analysis for the

Circuit: * tb_mc_untrimmed.spice -- issue #13 monte carlo mismatch analysis for the

Doing analysis at TEMP = 27.000000 and TNOM = 27.000000

Using SPARSE 1.3 as Direct Linear Solver
 Reference value :  0.00000e+00
No. of Data Rows : 1
vref_val = 1.198714e+00
ibias_val = 7.091944e-01
isup_val = 2.068197e-05
Reset re-loads circuit * tb_mc_untrimmed.spice -- issue #13 monte carlo mismatch analysis for the

Circuit: * tb_mc_untrimmed.spice -- issue #13 monte carlo mismatch analysis for the

Doing analysis at TEMP = 27.000000 and TNOM = 27.000000

Using SPARSE 1.3 as Direct Linear Solver
 Reference value :  0.00000e+00
No. of Data Rows : 1
vref_val = 1.203419e+00
ibias_val = 7.069332e-01
isup_val = 2.065530e-05
Reset re-loads circuit * tb_mc_untrimmed.spice -- issue #13 monte carlo mismatch analysis for the

Circuit: * tb_mc_untrimmed.spice -- issue #13 monte carlo mismatch analysis for the

Doing analysis at TEMP = 27.000000 and TNOM = 27.000000

Using SPARSE 1.3 as Direct Linear Solver
 Reference value :  0.00000e+00
No. of Data Rows : 1
vref_val = 1.198369e+00
ibias_val = 7.085519e-01
isup_val = 2.066621e-05
Reset re-loads circuit * tb_mc_untrimmed.spice -- issue #13 monte carlo mismatch analysis for the

Circuit: * tb_mc_untrimmed.spice -- issue #13 monte carlo mismatch analysis for the

Doing analysis at TEMP = 27.000000 and TNOM = 27.000000

Using SPARSE 1.3 as Direct Linear Solver
 Reference value :  0.00000e+00
No. of Data Rows : 1
vref_val = 1.188118e+00
ibias_val = 7.093837e-01
isup_val = 2.048854e-05
Reset re-loads circuit * tb_mc_untrimmed.spice -- issue #13 monte carlo mismatch analysis for the

Circuit: * tb_mc_untrimmed.spice -- issue #13 monte carlo mismatch analysis for the

Doing analysis at TEMP = 27.000000 and TNOM = 27.000000

Using SPARSE 1.3 as Direct Linear Solver
 Reference value :  0.00000e+00
No. of Data Rows : 1
vref_val = 1.197236e+00
ibias_val = 7.101719e-01
isup_val = 2.076433e-05
Reset re-loads circuit * tb_mc_untrimmed.spice -- issue #13 monte carlo mismatch analysis for the

Circuit: * tb_mc_untrimmed.spice -- issue #13 monte carlo mismatch analysis for the

Doing analysis at TEMP = 27.000000 and TNOM = 27.000000

Using SPARSE 1.3 as Direct Linear Solver
 Reference value :  0.00000e+00
No. of Data Rows : 1
vref_val = 1.201140e+00
ibias_val = 7.046977e-01
isup_val = 2.054785e-05
Reset re-loads circuit * tb_mc_untrimmed.spice -- issue #13 monte carlo mismatch analysis for the

Circuit: * tb_mc_untrimmed.spice -- issue #13 monte carlo mismatch analysis for the

Doing analysis at TEMP = 27.000000 and TNOM = 27.000000

Using SPARSE 1.3 as Direct Linear Solver
 Reference value :  0.00000e+00
No. of Data Rows : 1
vref_val = 1.197022e+00
ibias_val = 7.137127e-01
isup_val = 2.083178e-05
Reset re-loads circuit * tb_mc_untrimmed.spice -- issue #13 monte carlo mismatch analysis for the

Circuit: * tb_mc_untrimmed.spice -- issue #13 monte carlo mismatch analysis for the

Doing analysis at TEMP = 27.000000 and TNOM = 27.000000

Using SPARSE 1.3 as Direct Linear Solver
 Reference value :  0.00000e+00
No. of Data Rows : 1
vref_val = 1.195035e+00
ibias_val = 7.102745e-01
isup_val = 2.071681e-05
Reset re-loads circuit * tb_mc_untrimmed.spice -- issue #13 monte carlo mismatch analysis for the

Circuit: * tb_mc_untrimmed.spice -- issue #13 monte carlo mismatch analysis for the

Doing analysis at TEMP = 27.000000 and TNOM = 27.000000

Using SPARSE 1.3 as Direct Linear Solver
 Reference value :  0.00000e+00
No. of Data Rows : 1
vref_val = 1.203460e+00
ibias_val = 7.106804e-01
isup_val = 2.094428e-05
Reset re-loads circuit * tb_mc_untrimmed.spice -- issue #13 monte carlo mismatch analysis for the

Circuit: * tb_mc_untrimmed.spice -- issue #13 monte carlo mismatch analysis for the

Doing analysis at TEMP = 27.000000 and TNOM = 27.000000

Using SPARSE 1.3 as Direct Linear Solver
 Reference value :  0.00000e+00
No. of Data Rows : 1
vref_val = 1.193538e+00
ibias_val = 7.082885e-01
isup_val = 2.054335e-05
Reset re-loads circuit * tb_mc_untrimmed.spice -- issue #13 monte carlo mismatch analysis for the

Circuit: * tb_mc_untrimmed.spice -- issue #13 monte carlo mismatch analysis for the

Doing analysis at TEMP = 27.000000 and TNOM = 27.000000

Using SPARSE 1.3 as Direct Linear Solver
 Reference value :  0.00000e+00
No. of Data Rows : 1
vref_val = 1.200965e+00
ibias_val = 7.070929e-01
isup_val = 2.070845e-05
Reset re-loads circuit * tb_mc_untrimmed.spice -- issue #13 monte carlo mismatch analysis for the

Circuit: * tb_mc_untrimmed.spice -- issue #13 monte carlo mismatch analysis for the

Doing analysis at TEMP = 27.000000 and TNOM = 27.000000

Using SPARSE 1.3 as Direct Linear Solver
 Reference value :  0.00000e+00
No. of Data Rows : 1
vref_val = 1.199238e+00
ibias_val = 7.099989e-01
isup_val = 2.075610e-05
Reset re-loads circuit * tb_mc_untrimmed.spice -- issue #13 monte carlo mismatch analysis for the

Circuit: * tb_mc_untrimmed.spice -- issue #13 monte carlo mismatch analysis for the

Doing analysis at TEMP = 27.000000 and TNOM = 27.000000

Using SPARSE 1.3 as Direct Linear Solver
 Reference value :  0.00000e+00
No. of Data Rows : 1
vref_val = 1.201887e+00
ibias_val = 7.103546e-01
isup_val = 2.091866e-05
Reset re-loads circuit * tb_mc_untrimmed.spice -- issue #13 monte carlo mismatch analysis for the

Circuit: * tb_mc_untrimmed.spice -- issue #13 monte carlo mismatch analysis for the

Doing analysis at TEMP = 27.000000 and TNOM = 27.000000

Using SPARSE 1.3 as Direct Linear Solver
 Reference value :  0.00000e+00
No. of Data Rows : 1
vref_val = 1.203732e+00
ibias_val = 7.074817e-01
isup_val = 2.073474e-05
Reset re-loads circuit * tb_mc_untrimmed.spice -- issue #13 monte carlo mismatch analysis for the

Circuit: * tb_mc_untrimmed.spice -- issue #13 monte carlo mismatch analysis for the

Doing analysis at TEMP = 27.000000 and TNOM = 27.000000

Using SPARSE 1.3 as Direct Linear Solver
 Reference value :  0.00000e+00
No. of Data Rows : 1
vref_val = 1.198422e+00
ibias_val = 7.041241e-01
isup_val = 2.049295e-05
Reset re-loads circuit * tb_mc_untrimmed.spice -- issue #13 monte carlo mismatch analysis for the

Circuit: * tb_mc_untrimmed.spice -- issue #13 monte carlo mismatch analysis for the

Doing analysis at TEMP = 27.000000 and TNOM = 27.000000

Using SPARSE 1.3 as Direct Linear Solver
 Reference value :  0.00000e+00
No. of Data Rows : 1
vref_val = 1.197317e+00
ibias_val = 7.127444e-01
isup_val = 2.082375e-05
Reset re-loads circuit * tb_mc_untrimmed.spice -- issue #13 monte carlo mismatch analysis for the

Circuit: * tb_mc_untrimmed.spice -- issue #13 monte carlo mismatch analysis for the

Doing analysis at TEMP = 27.000000 and TNOM = 27.000000

Using SPARSE 1.3 as Direct Linear Solver
 Reference value :  0.00000e+00
No. of Data Rows : 1
vref_val = 1.198452e+00
ibias_val = 7.119340e-01
isup_val = 2.088808e-05
Reset re-loads circuit * tb_mc_untrimmed.spice -- issue #13 monte carlo mismatch analysis for the

Circuit: * tb_mc_untrimmed.spice -- issue #13 monte carlo mismatch analysis for the

Doing analysis at TEMP = 27.000000 and TNOM = 27.000000

Using SPARSE 1.3 as Direct Linear Solver
 Reference value :  0.00000e+00
No. of Data Rows : 1
vref_val = 1.209355e+00
ibias_val = 7.144771e-01
isup_val = 2.135693e-05
Reset re-loads circuit * tb_mc_untrimmed.spice -- issue #13 monte carlo mismatch analysis for the

Circuit: * tb_mc_untrimmed.spice -- issue #13 monte carlo mismatch analysis for the

Doing analysis at TEMP = 27.000000 and TNOM = 27.000000

Using SPARSE 1.3 as Direct Linear Solver
 Reference value :  0.00000e+00
No. of Data Rows : 1
vref_val = 1.191821e+00
ibias_val = 7.116601e-01
isup_val = 2.065746e-05
Reset re-loads circuit * tb_mc_untrimmed.spice -- issue #13 monte carlo mismatch analysis for the

Circuit: * tb_mc_untrimmed.spice -- issue #13 monte carlo mismatch analysis for the

Doing analysis at TEMP = 27.000000 and TNOM = 27.000000

Using SPARSE 1.3 as Direct Linear Solver
 Reference value :  0.00000e+00
No. of Data Rows : 1
vref_val = 1.203952e+00
ibias_val = 7.072818e-01
isup_val = 2.073796e-05
Reset re-loads circuit * tb_mc_untrimmed.spice -- issue #13 monte carlo mismatch analysis for the

Circuit: * tb_mc_untrimmed.spice -- issue #13 monte carlo mismatch analysis for the

Doing analysis at TEMP = 27.000000 and TNOM = 27.000000

Using SPARSE 1.3 as Direct Linear Solver
 Reference value :  0.00000e+00
No. of Data Rows : 1
vref_val = 1.203704e+00
ibias_val = 7.105280e-01
isup_val = 2.092402e-05
Reset re-loads circuit * tb_mc_untrimmed.spice -- issue #13 monte carlo mismatch analysis for the

Circuit: * tb_mc_untrimmed.spice -- issue #13 monte carlo mismatch analysis for the

Doing analysis at TEMP = 27.000000 and TNOM = 27.000000

Using SPARSE 1.3 as Direct Linear Solver
 Reference value :  0.00000e+00
No. of Data Rows : 1
vref_val = 1.199658e+00
ibias_val = 7.127981e-01
isup_val = 2.095622e-05
Reset re-loads circuit * tb_mc_untrimmed.spice -- issue #13 monte carlo mismatch analysis for the

Circuit: * tb_mc_untrimmed.spice -- issue #13 monte carlo mismatch analysis for the

Doing analysis at TEMP = 27.000000 and TNOM = 27.000000

Using SPARSE 1.3 as Direct Linear Solver
 Reference value :  0.00000e+00
No. of Data Rows : 1
vref_val = 1.204207e+00
ibias_val = 7.104626e-01
isup_val = 2.091211e-05
Reset re-loads circuit * tb_mc_untrimmed.spice -- issue #13 monte carlo mismatch analysis for the

Circuit: * tb_mc_untrimmed.spice -- issue #13 monte carlo mismatch analysis for the

Doing analysis at TEMP = 27.000000 and TNOM = 27.000000

Using SPARSE 1.3 as Direct Linear Solver
 Reference value :  0.00000e+00
No. of Data Rows : 1
vref_val = 1.196772e+00
ibias_val = 7.075679e-01
isup_val = 2.065457e-05
Reset re-loads circuit * tb_mc_untrimmed.spice -- issue #13 monte carlo mismatch analysis for the

Circuit: * tb_mc_untrimmed.spice -- issue #13 monte carlo mismatch analysis for the

Doing analysis at TEMP = 27.000000 and TNOM = 27.000000

Using SPARSE 1.3 as Direct Linear Solver
 Reference value :  0.00000e+00
No. of Data Rows : 1
vref_val = 1.197176e+00
ibias_val = 7.101834e-01
isup_val = 2.067099e-05
Reset re-loads circuit * tb_mc_untrimmed.spice -- issue #13 monte carlo mismatch analysis for the

Circuit: * tb_mc_untrimmed.spice -- issue #13 monte carlo mismatch analysis for the

Doing analysis at TEMP = 27.000000 and TNOM = 27.000000

Using SPARSE 1.3 as Direct Linear Solver
 Reference value :  0.00000e+00
No. of Data Rows : 1
vref_val = 1.197289e+00
ibias_val = 7.068625e-01
isup_val = 2.062158e-05
Reset re-loads circuit * tb_mc_untrimmed.spice -- issue #13 monte carlo mismatch analysis for the

Circuit: * tb_mc_untrimmed.spice -- issue #13 monte carlo mismatch analysis for the

Doing analysis at TEMP = 27.000000 and TNOM = 27.000000

Using SPARSE 1.3 as Direct Linear Solver
 Reference value :  0.00000e+00
No. of Data Rows : 1
vref_val = 1.199454e+00
ibias_val = 7.077166e-01
isup_val = 2.078297e-05
Reset re-loads circuit * tb_mc_untrimmed.spice -- issue #13 monte carlo mismatch analysis for the

Circuit: * tb_mc_untrimmed.spice -- issue #13 monte carlo mismatch analysis for the

Doing analysis at TEMP = 27.000000 and TNOM = 27.000000

Using SPARSE 1.3 as Direct Linear Solver
 Reference value :  0.00000e+00
No. of Data Rows : 1
vref_val = 1.197323e+00
ibias_val = 7.099500e-01
isup_val = 2.071211e-05
Reset re-loads circuit * tb_mc_untrimmed.spice -- issue #13 monte carlo mismatch analysis for the

Circuit: * tb_mc_untrimmed.spice -- issue #13 monte carlo mismatch analysis for the

Doing analysis at TEMP = 27.000000 and TNOM = 27.000000

Using SPARSE 1.3 as Direct Linear Solver
 Reference value :  0.00000e+00
No. of Data Rows : 1
vref_val = 1.200376e+00
ibias_val = 7.118385e-01
isup_val = 2.093554e-05
Reset re-loads circuit * tb_mc_untrimmed.spice -- issue #13 monte carlo mismatch analysis for the

Circuit: * tb_mc_untrimmed.spice -- issue #13 monte carlo mismatch analysis for the

Doing analysis at TEMP = 27.000000 and TNOM = 27.000000

Using SPARSE 1.3 as Direct Linear Solver
 Reference value :  0.00000e+00
No. of Data Rows : 1
vref_val = 1.198654e+00
ibias_val = 7.101704e-01
isup_val = 2.075321e-05
Reset re-loads circuit * tb_mc_untrimmed.spice -- issue #13 monte carlo mismatch analysis for the

Circuit: * tb_mc_untrimmed.spice -- issue #13 monte carlo mismatch analysis for the

Doing analysis at TEMP = 27.000000 and TNOM = 27.000000

Using SPARSE 1.3 as Direct Linear Solver
 Reference value :  0.00000e+00
No. of Data Rows : 1
vref_val = 1.203595e+00
ibias_val = 7.110329e-01
isup_val = 2.103252e-05
Reset re-loads circuit * tb_mc_untrimmed.spice -- issue #13 monte carlo mismatch analysis for the

Circuit: * tb_mc_untrimmed.spice -- issue #13 monte carlo mismatch analysis for the

Doing analysis at TEMP = 27.000000 and TNOM = 27.000000

Using SPARSE 1.3 as Direct Linear Solver
 Reference value :  0.00000e+00
No. of Data Rows : 1
vref_val = 1.205263e+00
ibias_val = 7.083060e-01
isup_val = 2.088471e-05
Reset re-loads circuit * tb_mc_untrimmed.spice -- issue #13 monte carlo mismatch analysis for the

Circuit: * tb_mc_untrimmed.spice -- issue #13 monte carlo mismatch analysis for the

Doing analysis at TEMP = 27.000000 and TNOM = 27.000000

Using SPARSE 1.3 as Direct Linear Solver
 Reference value :  0.00000e+00
No. of Data Rows : 1
vref_val = 1.200604e+00
ibias_val = 7.133904e-01
isup_val = 2.095258e-05
Reset re-loads circuit * tb_mc_untrimmed.spice -- issue #13 monte carlo mismatch analysis for the

Circuit: * tb_mc_untrimmed.spice -- issue #13 monte carlo mismatch analysis for the

Doing analysis at TEMP = 27.000000 and TNOM = 27.000000

Using SPARSE 1.3 as Direct Linear Solver
 Reference value :  0.00000e+00
No. of Data Rows : 1
vref_val = 1.198972e+00
ibias_val = 7.121998e-01
isup_val = 2.089910e-05
Reset re-loads circuit * tb_mc_untrimmed.spice -- issue #13 monte carlo mismatch analysis for the

Circuit: * tb_mc_untrimmed.spice -- issue #13 monte carlo mismatch analysis for the

Doing analysis at TEMP = 27.000000 and TNOM = 27.000000

Using SPARSE 1.3 as Direct Linear Solver
 Reference value :  0.00000e+00
No. of Data Rows : 1
vref_val = 1.206381e+00
ibias_val = 7.072547e-01
isup_val = 2.087853e-05
Reset re-loads circuit * tb_mc_untrimmed.spice -- issue #13 monte carlo mismatch analysis for the

Circuit: * tb_mc_untrimmed.spice -- issue #13 monte carlo mismatch analysis for the

Doing analysis at TEMP = 27.000000 and TNOM = 27.000000

Using SPARSE 1.3 as Direct Linear Solver
 Reference value :  0.00000e+00
No. of Data Rows : 1
vref_val = 1.195199e+00
ibias_val = 7.109753e-01
isup_val = 2.071693e-05
Reset re-loads circuit * tb_mc_untrimmed.spice -- issue #13 monte carlo mismatch analysis for the

Circuit: * tb_mc_untrimmed.spice -- issue #13 monte carlo mismatch analysis for the

Doing analysis at TEMP = 27.000000 and TNOM = 27.000000

Using SPARSE 1.3 as Direct Linear Solver
 Reference value :  0.00000e+00
No. of Data Rows : 1
vref_val = 1.201019e+00
ibias_val = 7.100074e-01
isup_val = 2.082785e-05
Reset re-loads circuit * tb_mc_untrimmed.spice -- issue #13 monte carlo mismatch analysis for the

Circuit: * tb_mc_untrimmed.spice -- issue #13 monte carlo mismatch analysis for the

Doing analysis at TEMP = 27.000000 and TNOM = 27.000000

Using SPARSE 1.3 as Direct Linear Solver
 Reference value :  0.00000e+00
No. of Data Rows : 1
vref_val = 1.196742e+00
ibias_val = 7.086760e-01
isup_val = 2.064017e-05
Reset re-loads circuit * tb_mc_untrimmed.spice -- issue #13 monte carlo mismatch analysis for the

Circuit: * tb_mc_untrimmed.spice -- issue #13 monte carlo mismatch analysis for the

Doing analysis at TEMP = 27.000000 and TNOM = 27.000000

Using SPARSE 1.3 as Direct Linear Solver
 Reference value :  0.00000e+00
No. of Data Rows : 1
vref_val = 1.193905e+00
ibias_val = 7.035288e-01
isup_val = 2.021114e-05
Reset re-loads circuit * tb_mc_untrimmed.spice -- issue #13 monte carlo mismatch analysis for the

Circuit: * tb_mc_untrimmed.spice -- issue #13 monte carlo mismatch analysis for the

Doing analysis at TEMP = 27.000000 and TNOM = 27.000000

Using SPARSE 1.3 as Direct Linear Solver
 Reference value :  0.00000e+00
No. of Data Rows : 1
vref_val = 1.198348e+00
ibias_val = 7.103813e-01
isup_val = 2.086040e-05
Reset re-loads circuit * tb_mc_untrimmed.spice -- issue #13 monte carlo mismatch analysis for the

Circuit: * tb_mc_untrimmed.spice -- issue #13 monte carlo mismatch analysis for the

Doing analysis at TEMP = 27.000000 and TNOM = 27.000000

Using SPARSE 1.3 as Direct Linear Solver
 Reference value :  0.00000e+00
No. of Data Rows : 1
vref_val = 1.190885e+00
ibias_val = 7.074680e-01
isup_val = 2.036305e-05
Reset re-loads circuit * tb_mc_untrimmed.spice -- issue #13 monte carlo mismatch analysis for the

Circuit: * tb_mc_untrimmed.spice -- issue #13 monte carlo mismatch analysis for the

Doing analysis at TEMP = 27.000000 and TNOM = 27.000000

Using SPARSE 1.3 as Direct Linear Solver
 Reference value :  0.00000e+00
No. of Data Rows : 1
vref_val = 1.198278e+00
ibias_val = 7.071023e-01
isup_val = 2.075159e-05
Reset re-loads circuit * tb_mc_untrimmed.spice -- issue #13 monte carlo mismatch analysis for the

Circuit: * tb_mc_untrimmed.spice -- issue #13 monte carlo mismatch analysis for the

Doing analysis at TEMP = 27.000000 and TNOM = 27.000000

Using SPARSE 1.3 as Direct Linear Solver
 Reference value :  0.00000e+00
No. of Data Rows : 1
vref_val = 1.199677e+00
ibias_val = 7.070842e-01
isup_val = 2.062667e-05
Reset re-loads circuit * tb_mc_untrimmed.spice -- issue #13 monte carlo mismatch analysis for the

Circuit: * tb_mc_untrimmed.spice -- issue #13 monte carlo mismatch analysis for the

Doing analysis at TEMP = 27.000000 and TNOM = 27.000000

Using SPARSE 1.3 as Direct Linear Solver
 Reference value :  0.00000e+00
No. of Data Rows : 1
vref_val = 1.199553e+00
ibias_val = 7.055220e-01
isup_val = 2.065219e-05
Reset re-loads circuit * tb_mc_untrimmed.spice -- issue #13 monte carlo mismatch analysis for the

Circuit: * tb_mc_untrimmed.spice -- issue #13 monte carlo mismatch analysis for the

Doing analysis at TEMP = 27.000000 and TNOM = 27.000000

Using SPARSE 1.3 as Direct Linear Solver
 Reference value :  0.00000e+00
No. of Data Rows : 1
vref_val = 1.197396e+00
ibias_val = 7.082839e-01
isup_val = 2.070770e-05
Reset re-loads circuit * tb_mc_untrimmed.spice -- issue #13 monte carlo mismatch analysis for the

Circuit: * tb_mc_untrimmed.spice -- issue #13 monte carlo mismatch analysis for the

Doing analysis at TEMP = 27.000000 and TNOM = 27.000000

Using SPARSE 1.3 as Direct Linear Solver
 Reference value :  0.00000e+00
No. of Data Rows : 1
vref_val = 1.202475e+00
ibias_val = 7.114566e-01
isup_val = 2.095986e-05
Reset re-loads circuit * tb_mc_untrimmed.spice -- issue #13 monte carlo mismatch analysis for the

Circuit: * tb_mc_untrimmed.spice -- issue #13 monte carlo mismatch analysis for the

Doing analysis at TEMP = 27.000000 and TNOM = 27.000000

Using SPARSE 1.3 as Direct Linear Solver
 Reference value :  0.00000e+00
No. of Data Rows : 1
vref_val = 1.196042e+00
ibias_val = 7.127156e-01
isup_val = 2.075574e-05
Reset re-loads circuit * tb_mc_untrimmed.spice -- issue #13 monte carlo mismatch analysis for the

Circuit: * tb_mc_untrimmed.spice -- issue #13 monte carlo mismatch analysis for the

Doing analysis at TEMP = 27.000000 and TNOM = 27.000000

Using SPARSE 1.3 as Direct Linear Solver
 Reference value :  0.00000e+00
No. of Data Rows : 1
vref_val = 1.188881e+00
ibias_val = 7.078192e-01
isup_val = 2.037672e-05
Reset re-loads circuit * tb_mc_untrimmed.spice -- issue #13 monte carlo mismatch analysis for the

Circuit: * tb_mc_untrimmed.spice -- issue #13 monte carlo mismatch analysis for the

Doing analysis at TEMP = 27.000000 and TNOM = 27.000000

Using SPARSE 1.3 as Direct Linear Solver
 Reference value :  0.00000e+00
No. of Data Rows : 1
vref_val = 1.201494e+00
ibias_val = 7.112711e-01
isup_val = 2.091544e-05
Reset re-loads circuit * tb_mc_untrimmed.spice -- issue #13 monte carlo mismatch analysis for the

Circuit: * tb_mc_untrimmed.spice -- issue #13 monte carlo mismatch analysis for the

Doing analysis at TEMP = 27.000000 and TNOM = 27.000000

Using SPARSE 1.3 as Direct Linear Solver
 Reference value :  0.00000e+00
No. of Data Rows : 1
vref_val = 1.200102e+00
ibias_val = 7.079036e-01
isup_val = 2.065585e-05
Reset re-loads circuit * tb_mc_untrimmed.spice -- issue #13 monte carlo mismatch analysis for the

Circuit: * tb_mc_untrimmed.spice -- issue #13 monte carlo mismatch analysis for the

Doing analysis at TEMP = 27.000000 and TNOM = 27.000000

Using SPARSE 1.3 as Direct Linear Solver
 Reference value :  0.00000e+00
No. of Data Rows : 1
vref_val = 1.201578e+00
ibias_val = 7.104949e-01
isup_val = 2.090052e-05
Reset re-loads circuit * tb_mc_untrimmed.spice -- issue #13 monte carlo mismatch analysis for the

Circuit: * tb_mc_untrimmed.spice -- issue #13 monte carlo mismatch analysis for the

Doing analysis at TEMP = 27.000000 and TNOM = 27.000000

Using SPARSE 1.3 as Direct Linear Solver
 Reference value :  0.00000e+00
No. of Data Rows : 1
vref_val = 1.199042e+00
ibias_val = 7.069039e-01
isup_val = 2.063282e-05
Reset re-loads circuit * tb_mc_untrimmed.spice -- issue #13 monte carlo mismatch analysis for the

Circuit: * tb_mc_untrimmed.spice -- issue #13 monte carlo mismatch analysis for the

Doing analysis at TEMP = 27.000000 and TNOM = 27.000000

Using SPARSE 1.3 as Direct Linear Solver
 Reference value :  0.00000e+00
No. of Data Rows : 1
vref_val = 1.205217e+00
ibias_val = 7.139746e-01
isup_val = 2.111669e-05
Reset re-loads circuit * tb_mc_untrimmed.spice -- issue #13 monte carlo mismatch analysis for the

Circuit: * tb_mc_untrimmed.spice -- issue #13 monte carlo mismatch analysis for the

Doing analysis at TEMP = 27.000000 and TNOM = 27.000000

Using SPARSE 1.3 as Direct Linear Solver
 Reference value :  0.00000e+00
No. of Data Rows : 1
vref_val = 1.200632e+00
ibias_val = 7.084130e-01
isup_val = 2.073498e-05
Reset re-loads circuit * tb_mc_untrimmed.spice -- issue #13 monte carlo mismatch analysis for the

Circuit: * tb_mc_untrimmed.spice -- issue #13 monte carlo mismatch analysis for the

Doing analysis at TEMP = 27.000000 and TNOM = 27.000000

Using SPARSE 1.3 as Direct Linear Solver
 Reference value :  0.00000e+00
No. of Data Rows : 1
vref_val = 1.196400e+00
ibias_val = 7.136177e-01
isup_val = 2.085474e-05
Reset re-loads circuit * tb_mc_untrimmed.spice -- issue #13 monte carlo mismatch analysis for the

Circuit: * tb_mc_untrimmed.spice -- issue #13 monte carlo mismatch analysis for the

Doing analysis at TEMP = 27.000000 and TNOM = 27.000000

Using SPARSE 1.3 as Direct Linear Solver
 Reference value :  0.00000e+00
No. of Data Rows : 1
vref_val = 1.201227e+00
ibias_val = 7.085238e-01
isup_val = 2.075912e-05
Reset re-loads circuit * tb_mc_untrimmed.spice -- issue #13 monte carlo mismatch analysis for the

Circuit: * tb_mc_untrimmed.spice -- issue #13 monte carlo mismatch analysis for the

Doing analysis at TEMP = 27.000000 and TNOM = 27.000000

Using SPARSE 1.3 as Direct Linear Solver
 Reference value :  0.00000e+00
No. of Data Rows : 1
vref_val = 1.198168e+00
ibias_val = 7.115769e-01
isup_val = 2.076263e-05
Reset re-loads circuit * tb_mc_untrimmed.spice -- issue #13 monte carlo mismatch analysis for the

Circuit: * tb_mc_untrimmed.spice -- issue #13 monte carlo mismatch analysis for the

Doing analysis at TEMP = 27.000000 and TNOM = 27.000000

Using SPARSE 1.3 as Direct Linear Solver
 Reference value :  0.00000e+00
No. of Data Rows : 1
vref_val = 1.197175e+00
ibias_val = 7.067763e-01
isup_val = 2.056402e-05
Reset re-loads circuit * tb_mc_untrimmed.spice -- issue #13 monte carlo mismatch analysis for the

Circuit: * tb_mc_untrimmed.spice -- issue #13 monte carlo mismatch analysis for the

Doing analysis at TEMP = 27.000000 and TNOM = 27.000000

Using SPARSE 1.3 as Direct Linear Solver
 Reference value :  0.00000e+00
No. of Data Rows : 1
vref_val = 1.193982e+00
ibias_val = 7.140244e-01
isup_val = 2.081032e-05
Reset re-loads circuit * tb_mc_untrimmed.spice -- issue #13 monte carlo mismatch analysis for the

Circuit: * tb_mc_untrimmed.spice -- issue #13 monte carlo mismatch analysis for the

Doing analysis at TEMP = 27.000000 and TNOM = 27.000000

Using SPARSE 1.3 as Direct Linear Solver
 Reference value :  0.00000e+00
No. of Data Rows : 1
vref_val = 1.196060e+00
ibias_val = 7.079073e-01
isup_val = 2.060164e-05
Reset re-loads circuit * tb_mc_untrimmed.spice -- issue #13 monte carlo mismatch analysis for the

Circuit: * tb_mc_untrimmed.spice -- issue #13 monte carlo mismatch analysis for the

Doing analysis at TEMP = 27.000000 and TNOM = 27.000000

Using SPARSE 1.3 as Direct Linear Solver
 Reference value :  0.00000e+00
No. of Data Rows : 1
vref_val = 1.195207e+00
ibias_val = 7.061816e-01
isup_val = 2.040659e-05
Reset re-loads circuit * tb_mc_untrimmed.spice -- issue #13 monte carlo mismatch analysis for the

Circuit: * tb_mc_untrimmed.spice -- issue #13 monte carlo mismatch analysis for the

Doing analysis at TEMP = 27.000000 and TNOM = 27.000000

Using SPARSE 1.3 as Direct Linear Solver
 Reference value :  0.00000e+00
No. of Data Rows : 1
vref_val = 1.198879e+00
ibias_val = 7.097021e-01
isup_val = 2.073539e-05
Reset re-loads circuit * tb_mc_untrimmed.spice -- issue #13 monte carlo mismatch analysis for the

Circuit: * tb_mc_untrimmed.spice -- issue #13 monte carlo mismatch analysis for the

Doing analysis at TEMP = 27.000000 and TNOM = 27.000000

Using SPARSE 1.3 as Direct Linear Solver
 Reference value :  0.00000e+00
No. of Data Rows : 1
vref_val = 1.196594e+00
ibias_val = 7.088903e-01
isup_val = 2.065052e-05
Reset re-loads circuit * tb_mc_untrimmed.spice -- issue #13 monte carlo mismatch analysis for the

Circuit: * tb_mc_untrimmed.spice -- issue #13 monte carlo mismatch analysis for the

Doing analysis at TEMP = 27.000000 and TNOM = 27.000000

Using SPARSE 1.3 as Direct Linear Solver
 Reference value :  0.00000e+00
No. of Data Rows : 1
vref_val = 1.194460e+00
ibias_val = 7.127474e-01
isup_val = 2.069522e-05
Reset re-loads circuit * tb_mc_untrimmed.spice -- issue #13 monte carlo mismatch analysis for the

Circuit: * tb_mc_untrimmed.spice -- issue #13 monte carlo mismatch analysis for the

Doing analysis at TEMP = 27.000000 and TNOM = 27.000000

Using SPARSE 1.3 as Direct Linear Solver
 Reference value :  0.00000e+00
No. of Data Rows : 1
vref_val = 1.199996e+00
ibias_val = 7.126094e-01
isup_val = 2.085822e-05
Reset re-loads circuit * tb_mc_untrimmed.spice -- issue #13 monte carlo mismatch analysis for the

Circuit: * tb_mc_untrimmed.spice -- issue #13 monte carlo mismatch analysis for the

Doing analysis at TEMP = 27.000000 and TNOM = 27.000000

Using SPARSE 1.3 as Direct Linear Solver
 Reference value :  0.00000e+00
No. of Data Rows : 1
vref_val = 1.200039e+00
ibias_val = 7.073751e-01
isup_val = 2.069298e-05
Reset re-loads circuit * tb_mc_untrimmed.spice -- issue #13 monte carlo mismatch analysis for the

Circuit: * tb_mc_untrimmed.spice -- issue #13 monte carlo mismatch analysis for the

Doing analysis at TEMP = 27.000000 and TNOM = 27.000000

Using SPARSE 1.3 as Direct Linear Solver
 Reference value :  0.00000e+00
No. of Data Rows : 1
vref_val = 1.195462e+00
ibias_val = 7.052512e-01
isup_val = 2.039393e-05
Reset re-loads circuit * tb_mc_untrimmed.spice -- issue #13 monte carlo mismatch analysis for the

Circuit: * tb_mc_untrimmed.spice -- issue #13 monte carlo mismatch analysis for the

Doing analysis at TEMP = 27.000000 and TNOM = 27.000000

Using SPARSE 1.3 as Direct Linear Solver
 Reference value :  0.00000e+00
No. of Data Rows : 1
vref_val = 1.203221e+00
ibias_val = 7.084692e-01
isup_val = 2.079930e-05
Reset re-loads circuit * tb_mc_untrimmed.spice -- issue #13 monte carlo mismatch analysis for the

Circuit: * tb_mc_untrimmed.spice -- issue #13 monte carlo mismatch analysis for the

Doing analysis at TEMP = 27.000000 and TNOM = 27.000000

Using SPARSE 1.3 as Direct Linear Solver
 Reference value :  0.00000e+00
No. of Data Rows : 1
vref_val = 1.204515e+00
ibias_val = 7.130703e-01
isup_val = 2.100840e-05
Reset re-loads circuit * tb_mc_untrimmed.spice -- issue #13 monte carlo mismatch analysis for the

Circuit: * tb_mc_untrimmed.spice -- issue #13 monte carlo mismatch analysis for the

Doing analysis at TEMP = 27.000000 and TNOM = 27.000000

Using SPARSE 1.3 as Direct Linear Solver
 Reference value :  0.00000e+00
No. of Data Rows : 1
vref_val = 1.193146e+00
ibias_val = 7.057543e-01
isup_val = 2.041645e-05
Reset re-loads circuit * tb_mc_untrimmed.spice -- issue #13 monte carlo mismatch analysis for the

Circuit: * tb_mc_untrimmed.spice -- issue #13 monte carlo mismatch analysis for the

Doing analysis at TEMP = 27.000000 and TNOM = 27.000000

Using SPARSE 1.3 as Direct Linear Solver
 Reference value :  0.00000e+00
No. of Data Rows : 1
vref_val = 1.198246e+00
ibias_val = 7.060504e-01
isup_val = 2.051381e-05
Reset re-loads circuit * tb_mc_untrimmed.spice -- issue #13 monte carlo mismatch analysis for the

Circuit: * tb_mc_untrimmed.spice -- issue #13 monte carlo mismatch analysis for the

Doing analysis at TEMP = 27.000000 and TNOM = 27.000000

Using SPARSE 1.3 as Direct Linear Solver
 Reference value :  0.00000e+00
No. of Data Rows : 1
vref_val = 1.198545e+00
ibias_val = 7.079647e-01
isup_val = 2.068388e-05
Reset re-loads circuit * tb_mc_untrimmed.spice -- issue #13 monte carlo mismatch analysis for the

Circuit: * tb_mc_untrimmed.spice -- issue #13 monte carlo mismatch analysis for the

Doing analysis at TEMP = 27.000000 and TNOM = 27.000000

Using SPARSE 1.3 as Direct Linear Solver
 Reference value :  0.00000e+00
No. of Data Rows : 1
vref_val = 1.196596e+00
ibias_val = 7.109405e-01
isup_val = 2.074063e-05
Reset re-loads circuit * tb_mc_untrimmed.spice -- issue #13 monte carlo mismatch analysis for the

Circuit: * tb_mc_untrimmed.spice -- issue #13 monte carlo mismatch analysis for the

Doing analysis at TEMP = 27.000000 and TNOM = 27.000000

Using SPARSE 1.3 as Direct Linear Solver
 Reference value :  0.00000e+00
No. of Data Rows : 1
vref_val = 1.200107e+00
ibias_val = 7.083595e-01
isup_val = 2.080147e-05
Reset re-loads circuit * tb_mc_untrimmed.spice -- issue #13 monte carlo mismatch analysis for the

Circuit: * tb_mc_untrimmed.spice -- issue #13 monte carlo mismatch analysis for the

Doing analysis at TEMP = 27.000000 and TNOM = 27.000000

Using SPARSE 1.3 as Direct Linear Solver
 Reference value :  0.00000e+00
No. of Data Rows : 1
vref_val = 1.198511e+00
ibias_val = 7.085965e-01
isup_val = 2.072888e-05
Reset re-loads circuit * tb_mc_untrimmed.spice -- issue #13 monte carlo mismatch analysis for the

Circuit: * tb_mc_untrimmed.spice -- issue #13 monte carlo mismatch analysis for the

Doing analysis at TEMP = 27.000000 and TNOM = 27.000000

Using SPARSE 1.3 as Direct Linear Solver
 Reference value :  0.00000e+00
No. of Data Rows : 1
vref_val = 1.198693e+00
ibias_val = 7.069217e-01
isup_val = 2.058870e-05
Reset re-loads circuit * tb_mc_untrimmed.spice -- issue #13 monte carlo mismatch analysis for the

Circuit: * tb_mc_untrimmed.spice -- issue #13 monte carlo mismatch analysis for the

Doing analysis at TEMP = 27.000000 and TNOM = 27.000000

Using SPARSE 1.3 as Direct Linear Solver
 Reference value :  0.00000e+00
No. of Data Rows : 1
vref_val = 1.202929e+00
ibias_val = 7.104169e-01
isup_val = 2.095242e-05
Reset re-loads circuit * tb_mc_untrimmed.spice -- issue #13 monte carlo mismatch analysis for the

Circuit: * tb_mc_untrimmed.spice -- issue #13 monte carlo mismatch analysis for the

Doing analysis at TEMP = 27.000000 and TNOM = 27.000000

Using SPARSE 1.3 as Direct Linear Solver
 Reference value :  0.00000e+00
No. of Data Rows : 1
vref_val = 1.198763e+00
ibias_val = 7.063941e-01
isup_val = 2.058914e-05
Reset re-loads circuit * tb_mc_untrimmed.spice -- issue #13 monte carlo mismatch analysis for the

Circuit: * tb_mc_untrimmed.spice -- issue #13 monte carlo mismatch analysis for the

Doing analysis at TEMP = 27.000000 and TNOM = 27.000000

Using SPARSE 1.3 as Direct Linear Solver
 Reference value :  0.00000e+00
No. of Data Rows : 1
vref_val = 1.193491e+00
ibias_val = 7.088405e-01
isup_val = 2.051973e-05
Reset re-loads circuit * tb_mc_untrimmed.spice -- issue #13 monte carlo mismatch analysis for the

Circuit: * tb_mc_untrimmed.spice -- issue #13 monte carlo mismatch analysis for the

Doing analysis at TEMP = 27.000000 and TNOM = 27.000000

Using SPARSE 1.3 as Direct Linear Solver
 Reference value :  0.00000e+00
No. of Data Rows : 1
vref_val = 1.195609e+00
ibias_val = 7.057874e-01
isup_val = 2.038496e-05
Reset re-loads circuit * tb_mc_untrimmed.spice -- issue #13 monte carlo mismatch analysis for the

Circuit: * tb_mc_untrimmed.spice -- issue #13 monte carlo mismatch analysis for the

Doing analysis at TEMP = 27.000000 and TNOM = 27.000000

Using SPARSE 1.3 as Direct Linear Solver
 Reference value :  0.00000e+00
No. of Data Rows : 1
vref_val = 1.197691e+00
ibias_val = 7.106341e-01
isup_val = 2.080963e-05
Reset re-loads circuit * tb_mc_untrimmed.spice -- issue #13 monte carlo mismatch analysis for the

Circuit: * tb_mc_untrimmed.spice -- issue #13 monte carlo mismatch analysis for the

Doing analysis at TEMP = 27.000000 and TNOM = 27.000000

Using SPARSE 1.3 as Direct Linear Solver
 Reference value :  0.00000e+00
No. of Data Rows : 1
vref_val = 1.195826e+00
ibias_val = 7.070389e-01
isup_val = 2.055501e-05
Reset re-loads circuit * tb_mc_untrimmed.spice -- issue #13 monte carlo mismatch analysis for the

Circuit: * tb_mc_untrimmed.spice -- issue #13 monte carlo mismatch analysis for the

Doing analysis at TEMP = 27.000000 and TNOM = 27.000000

Using SPARSE 1.3 as Direct Linear Solver
 Reference value :  0.00000e+00
No. of Data Rows : 1
vref_val = 1.201175e+00
ibias_val = 7.109520e-01
isup_val = 2.084713e-05
Reset re-loads circuit * tb_mc_untrimmed.spice -- issue #13 monte carlo mismatch analysis for the

Circuit: * tb_mc_untrimmed.spice -- issue #13 monte carlo mismatch analysis for the

Doing analysis at TEMP = 27.000000 and TNOM = 27.000000

Using SPARSE 1.3 as Direct Linear Solver
 Reference value :  0.00000e+00
No. of Data Rows : 1
vref_val = 1.199954e+00
ibias_val = 7.064337e-01
isup_val = 2.061869e-05
Reset re-loads circuit * tb_mc_untrimmed.spice -- issue #13 monte carlo mismatch analysis for the

Circuit: * tb_mc_untrimmed.spice -- issue #13 monte carlo mismatch analysis for the

Doing analysis at TEMP = 27.000000 and TNOM = 27.000000

Using SPARSE 1.3 as Direct Linear Solver
 Reference value :  0.00000e+00
No. of Data Rows : 1
vref_val = 1.207261e+00
ibias_val = 7.095495e-01
isup_val = 2.102575e-05
Reset re-loads circuit * tb_mc_untrimmed.spice -- issue #13 monte carlo mismatch analysis for the

Circuit: * tb_mc_untrimmed.spice -- issue #13 monte carlo mismatch analysis for the

Doing analysis at TEMP = 27.000000 and TNOM = 27.000000

Using SPARSE 1.3 as Direct Linear Solver
 Reference value :  0.00000e+00
No. of Data Rows : 1
vref_val = 1.201066e+00
ibias_val = 7.102554e-01
isup_val = 2.095473e-05
Reset re-loads circuit * tb_mc_untrimmed.spice -- issue #13 monte carlo mismatch analysis for the

Circuit: * tb_mc_untrimmed.spice -- issue #13 monte carlo mismatch analysis for the

Doing analysis at TEMP = 27.000000 and TNOM = 27.000000

Using SPARSE 1.3 as Direct Linear Solver
 Reference value :  0.00000e+00
No. of Data Rows : 1
vref_val = 1.200904e+00
ibias_val = 7.098440e-01
isup_val = 2.086171e-05
Reset re-loads circuit * tb_mc_untrimmed.spice -- issue #13 monte carlo mismatch analysis for the

Circuit: * tb_mc_untrimmed.spice -- issue #13 monte carlo mismatch analysis for the

Doing analysis at TEMP = 27.000000 and TNOM = 27.000000

Using SPARSE 1.3 as Direct Linear Solver
 Reference value :  0.00000e+00
No. of Data Rows : 1
vref_val = 1.199525e+00
ibias_val = 7.058351e-01
isup_val = 2.060244e-05
Reset re-loads circuit * tb_mc_untrimmed.spice -- issue #13 monte carlo mismatch analysis for the

Circuit: * tb_mc_untrimmed.spice -- issue #13 monte carlo mismatch analysis for the

Doing analysis at TEMP = 27.000000 and TNOM = 27.000000

Using SPARSE 1.3 as Direct Linear Solver
 Reference value :  0.00000e+00
No. of Data Rows : 1
vref_val = 1.199181e+00
ibias_val = 7.086233e-01
isup_val = 2.073801e-05
Reset re-loads circuit * tb_mc_untrimmed.spice -- issue #13 monte carlo mismatch analysis for the

Circuit: * tb_mc_untrimmed.spice -- issue #13 monte carlo mismatch analysis for the

Doing analysis at TEMP = 27.000000 and TNOM = 27.000000

Using SPARSE 1.3 as Direct Linear Solver
 Reference value :  0.00000e+00
No. of Data Rows : 1
vref_val = 1.192721e+00
ibias_val = 7.092844e-01
isup_val = 2.051658e-05
Reset re-loads circuit * tb_mc_untrimmed.spice -- issue #13 monte carlo mismatch analysis for the

Circuit: * tb_mc_untrimmed.spice -- issue #13 monte carlo mismatch analysis for the

Doing analysis at TEMP = 27.000000 and TNOM = 27.000000

Using SPARSE 1.3 as Direct Linear Solver
 Reference value :  0.00000e+00
No. of Data Rows : 1
vref_val = 1.195760e+00
ibias_val = 7.084239e-01
isup_val = 2.060901e-05
Reset re-loads circuit * tb_mc_untrimmed.spice -- issue #13 monte carlo mismatch analysis for the

Circuit: * tb_mc_untrimmed.spice -- issue #13 monte carlo mismatch analysis for the

Doing analysis at TEMP = 27.000000 and TNOM = 27.000000

Using SPARSE 1.3 as Direct Linear Solver
 Reference value :  0.00000e+00
No. of Data Rows : 1
vref_val = 1.208042e+00
ibias_val = 7.078898e-01
isup_val = 2.094787e-05
Reset re-loads circuit * tb_mc_untrimmed.spice -- issue #13 monte carlo mismatch analysis for the

Circuit: * tb_mc_untrimmed.spice -- issue #13 monte carlo mismatch analysis for the

Doing analysis at TEMP = 27.000000 and TNOM = 27.000000

Using SPARSE 1.3 as Direct Linear Solver
 Reference value :  0.00000e+00
No. of Data Rows : 1
vref_val = 1.201158e+00
ibias_val = 7.122628e-01
isup_val = 2.092911e-05
Reset re-loads circuit * tb_mc_untrimmed.spice -- issue #13 monte carlo mismatch analysis for the

Circuit: * tb_mc_untrimmed.spice -- issue #13 monte carlo mismatch analysis for the

Doing analysis at TEMP = 27.000000 and TNOM = 27.000000

Using SPARSE 1.3 as Direct Linear Solver
 Reference value :  0.00000e+00
No. of Data Rows : 1
vref_val = 1.203157e+00
ibias_val = 7.127339e-01
isup_val = 2.105337e-05
Reset re-loads circuit * tb_mc_untrimmed.spice -- issue #13 monte carlo mismatch analysis for the

Circuit: * tb_mc_untrimmed.spice -- issue #13 monte carlo mismatch analysis for the

Doing analysis at TEMP = 27.000000 and TNOM = 27.000000

Using SPARSE 1.3 as Direct Linear Solver
 Reference value :  0.00000e+00
No. of Data Rows : 1
vref_val = 1.201851e+00
ibias_val = 7.105362e-01
isup_val = 2.086338e-05
Reset re-loads circuit * tb_mc_untrimmed.spice -- issue #13 monte carlo mismatch analysis for the

Circuit: * tb_mc_untrimmed.spice -- issue #13 monte carlo mismatch analysis for the

Doing analysis at TEMP = 27.000000 and TNOM = 27.000000

Using SPARSE 1.3 as Direct Linear Solver
 Reference value :  0.00000e+00
No. of Data Rows : 1
vref_val = 1.193737e+00
ibias_val = 7.092146e-01
isup_val = 2.063373e-05
Reset re-loads circuit * tb_mc_untrimmed.spice -- issue #13 monte carlo mismatch analysis for the

Circuit: * tb_mc_untrimmed.spice -- issue #13 monte carlo mismatch analysis for the

Doing analysis at TEMP = 27.000000 and TNOM = 27.000000

Using SPARSE 1.3 as Direct Linear Solver
 Reference value :  0.00000e+00
No. of Data Rows : 1
vref_val = 1.207619e+00
ibias_val = 7.109638e-01
isup_val = 2.101342e-05
Reset re-loads circuit * tb_mc_untrimmed.spice -- issue #13 monte carlo mismatch analysis for the

Circuit: * tb_mc_untrimmed.spice -- issue #13 monte carlo mismatch analysis for the

Doing analysis at TEMP = 27.000000 and TNOM = 27.000000

Using SPARSE 1.3 as Direct Linear Solver
 Reference value :  0.00000e+00
No. of Data Rows : 1
vref_val = 1.198552e+00
ibias_val = 7.084668e-01
isup_val = 2.064679e-05
Reset re-loads circuit * tb_mc_untrimmed.spice -- issue #13 monte carlo mismatch analysis for the

Circuit: * tb_mc_untrimmed.spice -- issue #13 monte carlo mismatch analysis for the

Doing analysis at TEMP = 27.000000 and TNOM = 27.000000

Using SPARSE 1.3 as Direct Linear Solver
 Reference value :  0.00000e+00
No. of Data Rows : 1
vref_val = 1.203504e+00
ibias_val = 7.075189e-01
isup_val = 2.077022e-05
Reset re-loads circuit * tb_mc_untrimmed.spice -- issue #13 monte carlo mismatch analysis for the

Circuit: * tb_mc_untrimmed.spice -- issue #13 monte carlo mismatch analysis for the

Doing analysis at TEMP = 27.000000 and TNOM = 27.000000

Using SPARSE 1.3 as Direct Linear Solver
 Reference value :  0.00000e+00
No. of Data Rows : 1
vref_val = 1.193125e+00
ibias_val = 7.116507e-01
isup_val = 2.079001e-05
Reset re-loads circuit * tb_mc_untrimmed.spice -- issue #13 monte carlo mismatch analysis for the

Circuit: * tb_mc_untrimmed.spice -- issue #13 monte carlo mismatch analysis for the

Doing analysis at TEMP = 27.000000 and TNOM = 27.000000

Using SPARSE 1.3 as Direct Linear Solver
 Reference value :  0.00000e+00
No. of Data Rows : 1
vref_val = 1.201603e+00
ibias_val = 7.109958e-01
isup_val = 2.091367e-05
Reset re-loads circuit * tb_mc_untrimmed.spice -- issue #13 monte carlo mismatch analysis for the

Circuit: * tb_mc_untrimmed.spice -- issue #13 monte carlo mismatch analysis for the

Doing analysis at TEMP = 27.000000 and TNOM = 27.000000

Using SPARSE 1.3 as Direct Linear Solver
 Reference value :  0.00000e+00
No. of Data Rows : 1
vref_val = 1.200553e+00
ibias_val = 7.088461e-01
isup_val = 2.082319e-05
Reset re-loads circuit * tb_mc_untrimmed.spice -- issue #13 monte carlo mismatch analysis for the

Circuit: * tb_mc_untrimmed.spice -- issue #13 monte carlo mismatch analysis for the

Doing analysis at TEMP = 27.000000 and TNOM = 27.000000

Using SPARSE 1.3 as Direct Linear Solver
 Reference value :  0.00000e+00
No. of Data Rows : 1
vref_val = 1.193960e+00
ibias_val = 7.096210e-01
isup_val = 2.068163e-05
Reset re-loads circuit * tb_mc_untrimmed.spice -- issue #13 monte carlo mismatch analysis for the

Circuit: * tb_mc_untrimmed.spice -- issue #13 monte carlo mismatch analysis for the

Doing analysis at TEMP = 27.000000 and TNOM = 27.000000

Using SPARSE 1.3 as Direct Linear Solver
 Reference value :  0.00000e+00
No. of Data Rows : 1
vref_val = 1.207097e+00
ibias_val = 7.114369e-01
isup_val = 2.103367e-05
Reset re-loads circuit * tb_mc_untrimmed.spice -- issue #13 monte carlo mismatch analysis for the

Circuit: * tb_mc_untrimmed.spice -- issue #13 monte carlo mismatch analysis for the

Doing analysis at TEMP = 27.000000 and TNOM = 27.000000

Using SPARSE 1.3 as Direct Linear Solver
 Reference value :  0.00000e+00
No. of Data Rows : 1
vref_val = 1.195588e+00
ibias_val = 7.102855e-01
isup_val = 2.060903e-05
Reset re-loads circuit * tb_mc_untrimmed.spice -- issue #13 monte carlo mismatch analysis for the

Circuit: * tb_mc_untrimmed.spice -- issue #13 monte carlo mismatch analysis for the

Doing analysis at TEMP = 27.000000 and TNOM = 27.000000

Using SPARSE 1.3 as Direct Linear Solver
 Reference value :  0.00000e+00
No. of Data Rows : 1
vref_val = 1.201866e+00
ibias_val = 7.089751e-01
isup_val = 2.076969e-05
Reset re-loads circuit * tb_mc_untrimmed.spice -- issue #13 monte carlo mismatch analysis for the

Circuit: * tb_mc_untrimmed.spice -- issue #13 monte carlo mismatch analysis for the

Doing analysis at TEMP = 27.000000 and TNOM = 27.000000

Using SPARSE 1.3 as Direct Linear Solver
 Reference value :  0.00000e+00
No. of Data Rows : 1
vref_val = 1.200153e+00
ibias_val = 7.113814e-01
isup_val = 2.094568e-05
Reset re-loads circuit * tb_mc_untrimmed.spice -- issue #13 monte carlo mismatch analysis for the

Circuit: * tb_mc_untrimmed.spice -- issue #13 monte carlo mismatch analysis for the

Doing analysis at TEMP = 27.000000 and TNOM = 27.000000

Using SPARSE 1.3 as Direct Linear Solver
 Reference value :  0.00000e+00
No. of Data Rows : 1
vref_val = 1.194787e+00
ibias_val = 7.083377e-01
isup_val = 2.049380e-05
Reset re-loads circuit * tb_mc_untrimmed.spice -- issue #13 monte carlo mismatch analysis for the

Circuit: * tb_mc_untrimmed.spice -- issue #13 monte carlo mismatch analysis for the

Doing analysis at TEMP = 27.000000 and TNOM = 27.000000

Using SPARSE 1.3 as Direct Linear Solver
 Reference value :  0.00000e+00
No. of Data Rows : 1
vref_val = 1.194730e+00
ibias_val = 7.072610e-01
isup_val = 2.048301e-05
Reset re-loads circuit * tb_mc_untrimmed.spice -- issue #13 monte carlo mismatch analysis for the

Circuit: * tb_mc_untrimmed.spice -- issue #13 monte carlo mismatch analysis for the

Doing analysis at TEMP = 27.000000 and TNOM = 27.000000

Using SPARSE 1.3 as Direct Linear Solver
 Reference value :  0.00000e+00
No. of Data Rows : 1
vref_val = 1.202459e+00
ibias_val = 7.092336e-01
isup_val = 2.073817e-05
Reset re-loads circuit * tb_mc_untrimmed.spice -- issue #13 monte carlo mismatch analysis for the

Circuit: * tb_mc_untrimmed.spice -- issue #13 monte carlo mismatch analysis for the

Doing analysis at TEMP = 27.000000 and TNOM = 27.000000

Using SPARSE 1.3 as Direct Linear Solver
 Reference value :  0.00000e+00
No. of Data Rows : 1
vref_val = 1.194205e+00
ibias_val = 7.093747e-01
isup_val = 2.056069e-05
Reset re-loads circuit * tb_mc_untrimmed.spice -- issue #13 monte carlo mismatch analysis for the

Circuit: * tb_mc_untrimmed.spice -- issue #13 monte carlo mismatch analysis for the

Doing analysis at TEMP = 27.000000 and TNOM = 27.000000

Using SPARSE 1.3 as Direct Linear Solver
 Reference value :  0.00000e+00
No. of Data Rows : 1
vref_val = 1.202088e+00
ibias_val = 7.102807e-01
isup_val = 2.079174e-05
Reset re-loads circuit * tb_mc_untrimmed.spice -- issue #13 monte carlo mismatch analysis for the

Circuit: * tb_mc_untrimmed.spice -- issue #13 monte carlo mismatch analysis for the

Doing analysis at TEMP = 27.000000 and TNOM = 27.000000

Using SPARSE 1.3 as Direct Linear Solver
 Reference value :  0.00000e+00
No. of Data Rows : 1
vref_val = 1.199493e+00
ibias_val = 7.108505e-01
isup_val = 2.079095e-05
Reset re-loads circuit * tb_mc_untrimmed.spice -- issue #13 monte carlo mismatch analysis for the

Circuit: * tb_mc_untrimmed.spice -- issue #13 monte carlo mismatch analysis for the

Doing analysis at TEMP = 27.000000 and TNOM = 27.000000

Using SPARSE 1.3 as Direct Linear Solver
 Reference value :  0.00000e+00
No. of Data Rows : 1
vref_val = 1.198532e+00
ibias_val = 7.077087e-01
isup_val = 2.063260e-05
Reset re-loads circuit * tb_mc_untrimmed.spice -- issue #13 monte carlo mismatch analysis for the

Circuit: * tb_mc_untrimmed.spice -- issue #13 monte carlo mismatch analysis for the

Doing analysis at TEMP = 27.000000 and TNOM = 27.000000

Using SPARSE 1.3 as Direct Linear Solver
 Reference value :  0.00000e+00
No. of Data Rows : 1
vref_val = 1.197545e+00
ibias_val = 7.074592e-01
isup_val = 2.055130e-05
Reset re-loads circuit * tb_mc_untrimmed.spice -- issue #13 monte carlo mismatch analysis for the

Circuit: * tb_mc_untrimmed.spice -- issue #13 monte carlo mismatch analysis for the

Doing analysis at TEMP = 27.000000 and TNOM = 27.000000

Using SPARSE 1.3 as Direct Linear Solver
 Reference value :  0.00000e+00
No. of Data Rows : 1
vref_val = 1.202970e+00
ibias_val = 7.113368e-01
isup_val = 2.090338e-05
Reset re-loads circuit * tb_mc_untrimmed.spice -- issue #13 monte carlo mismatch analysis for the

Circuit: * tb_mc_untrimmed.spice -- issue #13 monte carlo mismatch analysis for the

Doing analysis at TEMP = 27.000000 and TNOM = 27.000000

Using SPARSE 1.3 as Direct Linear Solver
 Reference value :  0.00000e+00
No. of Data Rows : 1
vref_val = 1.198254e+00
ibias_val = 7.141667e-01
isup_val = 2.092941e-05
Reset re-loads circuit * tb_mc_untrimmed.spice -- issue #13 monte carlo mismatch analysis for the

Circuit: * tb_mc_untrimmed.spice -- issue #13 monte carlo mismatch analysis for the

Doing analysis at TEMP = 27.000000 and TNOM = 27.000000

Using SPARSE 1.3 as Direct Linear Solver
 Reference value :  0.00000e+00
No. of Data Rows : 1
vref_val = 1.201146e+00
ibias_val = 7.112922e-01
isup_val = 2.096197e-05
Reset re-loads circuit * tb_mc_untrimmed.spice -- issue #13 monte carlo mismatch analysis for the

Circuit: * tb_mc_untrimmed.spice -- issue #13 monte carlo mismatch analysis for the

Doing analysis at TEMP = 27.000000 and TNOM = 27.000000

Using SPARSE 1.3 as Direct Linear Solver
 Reference value :  0.00000e+00
No. of Data Rows : 1
vref_val = 1.193026e+00
ibias_val = 7.100391e-01
isup_val = 2.052560e-05
Reset re-loads circuit * tb_mc_untrimmed.spice -- issue #13 monte carlo mismatch analysis for the

Circuit: * tb_mc_untrimmed.spice -- issue #13 monte carlo mismatch analysis for the

Doing analysis at TEMP = 27.000000 and TNOM = 27.000000

Using SPARSE 1.3 as Direct Linear Solver
 Reference value :  0.00000e+00
No. of Data Rows : 1
vref_val = 1.201490e+00
ibias_val = 7.083430e-01
isup_val = 2.079358e-05
Reset re-loads circuit * tb_mc_untrimmed.spice -- issue #13 monte carlo mismatch analysis for the

Circuit: * tb_mc_untrimmed.spice -- issue #13 monte carlo mismatch analysis for the

Doing analysis at TEMP = 27.000000 and TNOM = 27.000000

Using SPARSE 1.3 as Direct Linear Solver
 Reference value :  0.00000e+00
No. of Data Rows : 1
vref_val = 1.199227e+00
ibias_val = 7.098288e-01
isup_val = 2.071029e-05
Reset re-loads circuit * tb_mc_untrimmed.spice -- issue #13 monte carlo mismatch analysis for the

Circuit: * tb_mc_untrimmed.spice -- issue #13 monte carlo mismatch analysis for the

Doing analysis at TEMP = 27.000000 and TNOM = 27.000000

Using SPARSE 1.3 as Direct Linear Solver
 Reference value :  0.00000e+00
No. of Data Rows : 1
vref_val = 1.201932e+00
ibias_val = 7.090776e-01
isup_val = 2.081748e-05
Reset re-loads circuit * tb_mc_untrimmed.spice -- issue #13 monte carlo mismatch analysis for the

Circuit: * tb_mc_untrimmed.spice -- issue #13 monte carlo mismatch analysis for the

Doing analysis at TEMP = 27.000000 and TNOM = 27.000000

Using SPARSE 1.3 as Direct Linear Solver
 Reference value :  0.00000e+00
No. of Data Rows : 1
vref_val = 1.196482e+00
ibias_val = 7.097626e-01
isup_val = 2.063184e-05
Reset re-loads circuit * tb_mc_untrimmed.spice -- issue #13 monte carlo mismatch analysis for the

Circuit: * tb_mc_untrimmed.spice -- issue #13 monte carlo mismatch analysis for the

Doing analysis at TEMP = 27.000000 and TNOM = 27.000000

Using SPARSE 1.3 as Direct Linear Solver
 Reference value :  0.00000e+00
No. of Data Rows : 1
vref_val = 1.193389e+00
ibias_val = 7.113871e-01
isup_val = 2.066865e-05
Reset re-loads circuit * tb_mc_untrimmed.spice -- issue #13 monte carlo mismatch analysis for the

Circuit: * tb_mc_untrimmed.spice -- issue #13 monte carlo mismatch analysis for the

Doing analysis at TEMP = 27.000000 and TNOM = 27.000000

Using SPARSE 1.3 as Direct Linear Solver
 Reference value :  0.00000e+00
No. of Data Rows : 1
vref_val = 1.198776e+00
ibias_val = 7.095482e-01
isup_val = 2.076732e-05
Reset re-loads circuit * tb_mc_untrimmed.spice -- issue #13 monte carlo mismatch analysis for the

Circuit: * tb_mc_untrimmed.spice -- issue #13 monte carlo mismatch analysis for the

Doing analysis at TEMP = 27.000000 and TNOM = 27.000000

Using SPARSE 1.3 as Direct Linear Solver
 Reference value :  0.00000e+00
No. of Data Rows : 1
vref_val = 1.202590e+00
ibias_val = 7.111929e-01
isup_val = 2.095336e-05
Reset re-loads circuit * tb_mc_untrimmed.spice -- issue #13 monte carlo mismatch analysis for the

Circuit: * tb_mc_untrimmed.spice -- issue #13 monte carlo mismatch analysis for the

Doing analysis at TEMP = 27.000000 and TNOM = 27.000000

Using SPARSE 1.3 as Direct Linear Solver
 Reference value :  0.00000e+00
No. of Data Rows : 1
vref_val = 1.197622e+00
ibias_val = 7.085860e-01
isup_val = 2.060972e-05
Reset re-loads circuit * tb_mc_untrimmed.spice -- issue #13 monte carlo mismatch analysis for the

Circuit: * tb_mc_untrimmed.spice -- issue #13 monte carlo mismatch analysis for the

Doing analysis at TEMP = 27.000000 and TNOM = 27.000000

Using SPARSE 1.3 as Direct Linear Solver
 Reference value :  0.00000e+00
No. of Data Rows : 1
vref_val = 1.202641e+00
ibias_val = 7.064761e-01
isup_val = 2.071881e-05
Reset re-loads circuit * tb_mc_untrimmed.spice -- issue #13 monte carlo mismatch analysis for the

Circuit: * tb_mc_untrimmed.spice -- issue #13 monte carlo mismatch analysis for the

Doing analysis at TEMP = 27.000000 and TNOM = 27.000000

Using SPARSE 1.3 as Direct Linear Solver
 Reference value :  0.00000e+00
No. of Data Rows : 1
vref_val = 1.196153e+00
ibias_val = 7.071446e-01
isup_val = 2.059347e-05
ngspice-47 done
Warning: m=xx on .subckt line will override multiplier m hierarchy!

Warning : IC on non-existent node - xx1.casc, ignored
   Please check line .ic v(fb)=1.0 v(sns1)=0.6 v(sns2)=0.6 v(vref)=1.2 v(ibias)=0.6 v(xx1.casc)=1.8

Warning : IC on non-existent node - xx1.casc, ignored
   Please check line .ic v(fb)=1.0 v(sns1)=0.6 v(sns2)=0.6 v(vref)=1.2 v(ibias)=0.6 v(xx1.casc)=1.8

Note: Starting dynamic gmin stepping
Note: Dynamic gmin stepping completed
Warning : IC on non-existent node - xx1.casc, ignored
   Please check line .ic v(fb)=1.0 v(sns1)=0.6 v(sns2)=0.6 v(vref)=1.2 v(ibias)=0.6 v(xx1.casc)=1.8

Note: Starting dynamic gmin stepping
Note: Dynamic gmin stepping completed
Warning : IC on non-existent node - xx1.casc, ignored
   Please check line .ic v(fb)=1.0 v(sns1)=0.6 v(sns2)=0.6 v(vref)=1.2 v(ibias)=0.6 v(xx1.casc)=1.8

Note: Starting dynamic gmin stepping
Note: Dynamic gmin stepping completed
Warning : IC on non-existent node - xx1.casc, ignored
   Please check line .ic v(fb)=1.0 v(sns1)=0.6 v(sns2)=0.6 v(vref)=1.2 v(ibias)=0.6 v(xx1.casc)=1.8

Note: Starting dynamic gmin stepping
Note: Dynamic gmin stepping completed
Warning : IC on non-existent node - xx1.casc, ignored
   Please check line .ic v(fb)=1.0 v(sns1)=0.6 v(sns2)=0.6 v(vref)=1.2 v(ibias)=0.6 v(xx1.casc)=1.8

Note: Starting dynamic gmin stepping
Note: Dynamic gmin stepping completed
Warning : IC on non-existent node - xx1.casc, ignored
   Please check line .ic v(fb)=1.0 v(sns1)=0.6 v(sns2)=0.6 v(vref)=1.2 v(ibias)=0.6 v(xx1.casc)=1.8

Note: Starting dynamic gmin stepping
Note: Dynamic gmin stepping completed
Warning : IC on non-existent node - xx1.casc, ignored
   Please check line .ic v(fb)=1.0 v(sns1)=0.6 v(sns2)=0.6 v(vref)=1.2 v(ibias)=0.6 v(xx1.casc)=1.8

Note: Starting dynamic gmin stepping
Note: Dynamic gmin stepping completed
Warning : IC on non-existent node - xx1.casc, ignored
   Please check line .ic v(fb)=1.0 v(sns1)=0.6 v(sns2)=0.6 v(vref)=1.2 v(ibias)=0.6 v(xx1.casc)=1.8

Note: Starting dynamic gmin stepping
Note: Dynamic gmin stepping completed
Warning : IC on non-existent node - xx1.casc, ignored
   Please check line .ic v(fb)=1.0 v(sns1)=0.6 v(sns2)=0.6 v(vref)=1.2 v(ibias)=0.6 v(xx1.casc)=1.8

Note: Starting dynamic gmin stepping
Note: Dynamic gmin stepping completed
Warning : IC on non-existent node - xx1.casc, ignored
   Please check line .ic v(fb)=1.0 v(sns1)=0.6 v(sns2)=0.6 v(vref)=1.2 v(ibias)=0.6 v(xx1.casc)=1.8

Note: Starting dynamic gmin stepping
Note: Dynamic gmin stepping completed
Warning : IC on non-existent node - xx1.casc, ignored
   Please check line .ic v(fb)=1.0 v(sns1)=0.6 v(sns2)=0.6 v(vref)=1.2 v(ibias)=0.6 v(xx1.casc)=1.8

Note: Starting dynamic gmin stepping
Note: Dynamic gmin stepping completed
Warning : IC on non-existent node - xx1.casc, ignored
   Please check line .ic v(fb)=1.0 v(sns1)=0.6 v(sns2)=0.6 v(vref)=1.2 v(ibias)=0.6 v(xx1.casc)=1.8

Note: Starting dynamic gmin stepping
Note: Dynamic gmin stepping completed
Warning : IC on non-existent node - xx1.casc, ignored
   Please check line .ic v(fb)=1.0 v(sns1)=0.6 v(sns2)=0.6 v(vref)=1.2 v(ibias)=0.6 v(xx1.casc)=1.8

Note: Starting dynamic gmin stepping
Note: Dynamic gmin stepping completed
Warning : IC on non-existent node - xx1.casc, ignored
   Please check line .ic v(fb)=1.0 v(sns1)=0.6 v(sns2)=0.6 v(vref)=1.2 v(ibias)=0.6 v(xx1.casc)=1.8

Note: Starting dynamic gmin stepping
Note: Dynamic gmin stepping completed
Warning : IC on non-existent node - xx1.casc, ignored
   Please check line .ic v(fb)=1.0 v(sns1)=0.6 v(sns2)=0.6 v(vref)=1.2 v(ibias)=0.6 v(xx1.casc)=1.8

Note: Starting dynamic gmin stepping
Note: Dynamic gmin stepping completed
Warning : IC on non-existent node - xx1.casc, ignored
   Please check line .ic v(fb)=1.0 v(sns1)=0.6 v(sns2)=0.6 v(vref)=1.2 v(ibias)=0.6 v(xx1.casc)=1.8

Note: Starting dynamic gmin stepping
Note: Dynamic gmin stepping completed
Warning : IC on non-existent node - xx1.casc, ignored
   Please check line .ic v(fb)=1.0 v(sns1)=0.6 v(sns2)=0.6 v(vref)=1.2 v(ibias)=0.6 v(xx1.casc)=1.8

Note: Starting dynamic gmin stepping
Note: Dynamic gmin stepping completed
Warning : IC on non-existent node - xx1.casc, ignored
   Please check line .ic v(fb)=1.0 v(sns1)=0.6 v(sns2)=0.6 v(vref)=1.2 v(ibias)=0.6 v(xx1.casc)=1.8

Note: Starting dynamic gmin stepping
Note: Dynamic gmin stepping completed
Warning : IC on non-existent node - xx1.casc, ignored
   Please check line .ic v(fb)=1.0 v(sns1)=0.6 v(sns2)=0.6 v(vref)=1.2 v(ibias)=0.6 v(xx1.casc)=1.8

Note: Starting dynamic gmin stepping
Note: Dynamic gmin stepping completed
Warning : IC on non-existent node - xx1.casc, ignored
   Please check line .ic v(fb)=1.0 v(sns1)=0.6 v(sns2)=0.6 v(vref)=1.2 v(ibias)=0.6 v(xx1.casc)=1.8

Note: Starting dynamic gmin stepping
Note: Dynamic gmin stepping completed
Warning : IC on non-existent node - xx1.casc, ignored
   Please check line .ic v(fb)=1.0 v(sns1)=0.6 v(sns2)=0.6 v(vref)=1.2 v(ibias)=0.6 v(xx1.casc)=1.8

Note: Starting dynamic gmin stepping
Note: Dynamic gmin stepping completed
Warning : IC on non-existent node - xx1.casc, ignored
   Please check line .ic v(fb)=1.0 v(sns1)=0.6 v(sns2)=0.6 v(vref)=1.2 v(ibias)=0.6 v(xx1.casc)=1.8

Note: Starting dynamic gmin stepping
Note: Dynamic gmin stepping completed
Warning : IC on non-existent node - xx1.casc, ignored
   Please check line .ic v(fb)=1.0 v(sns1)=0.6 v(sns2)=0.6 v(vref)=1.2 v(ibias)=0.6 v(xx1.casc)=1.8

Note: Starting dynamic gmin stepping
Note: Dynamic gmin stepping completed
Warning : IC on non-existent node - xx1.casc, ignored
   Please check line .ic v(fb)=1.0 v(sns1)=0.6 v(sns2)=0.6 v(vref)=1.2 v(ibias)=0.6 v(xx1.casc)=1.8

Note: Starting dynamic gmin stepping
Note: Dynamic gmin stepping completed
Warning : IC on non-existent node - xx1.casc, ignored
   Please check line .ic v(fb)=1.0 v(sns1)=0.6 v(sns2)=0.6 v(vref)=1.2 v(ibias)=0.6 v(xx1.casc)=1.8

Note: Starting dynamic gmin stepping
Note: Dynamic gmin stepping completed
Warning : IC on non-existent node - xx1.casc, ignored
   Please check line .ic v(fb)=1.0 v(sns1)=0.6 v(sns2)=0.6 v(vref)=1.2 v(ibias)=0.6 v(xx1.casc)=1.8

Note: Starting dynamic gmin stepping
Note: Dynamic gmin stepping completed
Warning : IC on non-existent node - xx1.casc, ignored
   Please check line .ic v(fb)=1.0 v(sns1)=0.6 v(sns2)=0.6 v(vref)=1.2 v(ibias)=0.6 v(xx1.casc)=1.8

Note: Starting dynamic gmin stepping
Note: Dynamic gmin stepping completed
Warning : IC on non-existent node - xx1.casc, ignored
   Please check line .ic v(fb)=1.0 v(sns1)=0.6 v(sns2)=0.6 v(vref)=1.2 v(ibias)=0.6 v(xx1.casc)=1.8

Note: Starting dynamic gmin stepping
Note: Dynamic gmin stepping completed
Warning : IC on non-existent node - xx1.casc, ignored
   Please check line .ic v(fb)=1.0 v(sns1)=0.6 v(sns2)=0.6 v(vref)=1.2 v(ibias)=0.6 v(xx1.casc)=1.8

Note: Starting dynamic gmin stepping
Note: Dynamic gmin stepping completed
Warning : IC on non-existent node - xx1.casc, ignored
   Please check line .ic v(fb)=1.0 v(sns1)=0.6 v(sns2)=0.6 v(vref)=1.2 v(ibias)=0.6 v(xx1.casc)=1.8

Note: Starting dynamic gmin stepping
Note: Dynamic gmin stepping completed
Warning : IC on non-existent node - xx1.casc, ignored
   Please check line .ic v(fb)=1.0 v(sns1)=0.6 v(sns2)=0.6 v(vref)=1.2 v(ibias)=0.6 v(xx1.casc)=1.8

Note: Starting dynamic gmin stepping
Note: Dynamic gmin stepping completed
Warning : IC on non-existent node - xx1.casc, ignored
   Please check line .ic v(fb)=1.0 v(sns1)=0.6 v(sns2)=0.6 v(vref)=1.2 v(ibias)=0.6 v(xx1.casc)=1.8

Note: Starting dynamic gmin stepping
Note: Dynamic gmin stepping completed
Warning : IC on non-existent node - xx1.casc, ignored
   Please check line .ic v(fb)=1.0 v(sns1)=0.6 v(sns2)=0.6 v(vref)=1.2 v(ibias)=0.6 v(xx1.casc)=1.8

Note: Starting dynamic gmin stepping
Note: Dynamic gmin stepping completed
Warning : IC on non-existent node - xx1.casc, ignored
   Please check line .ic v(fb)=1.0 v(sns1)=0.6 v(sns2)=0.6 v(vref)=1.2 v(ibias)=0.6 v(xx1.casc)=1.8

Note: Starting dynamic gmin stepping
Note: Dynamic gmin stepping completed
Warning : IC on non-existent node - xx1.casc, ignored
   Please check line .ic v(fb)=1.0 v(sns1)=0.6 v(sns2)=0.6 v(vref)=1.2 v(ibias)=0.6 v(xx1.casc)=1.8

Note: Starting dynamic gmin stepping
Note: Dynamic gmin stepping completed
Warning : IC on non-existent node - xx1.casc, ignored
   Please check line .ic v(fb)=1.0 v(sns1)=0.6 v(sns2)=0.6 v(vref)=1.2 v(ibias)=0.6 v(xx1.casc)=1.8

Note: Starting dynamic gmin stepping
Note: Dynamic gmin stepping completed
Warning : IC on non-existent node - xx1.casc, ignored
   Please check line .ic v(fb)=1.0 v(sns1)=0.6 v(sns2)=0.6 v(vref)=1.2 v(ibias)=0.6 v(xx1.casc)=1.8

Note: Starting dynamic gmin stepping
Note: Dynamic gmin stepping completed
Warning : IC on non-existent node - xx1.casc, ignored
   Please check line .ic v(fb)=1.0 v(sns1)=0.6 v(sns2)=0.6 v(vref)=1.2 v(ibias)=0.6 v(xx1.casc)=1.8

Note: Starting dynamic gmin stepping
Note: Dynamic gmin stepping completed
Warning : IC on non-existent node - xx1.casc, ignored
   Please check line .ic v(fb)=1.0 v(sns1)=0.6 v(sns2)=0.6 v(vref)=1.2 v(ibias)=0.6 v(xx1.casc)=1.8

Note: Starting dynamic gmin stepping
Note: Dynamic gmin stepping completed
Warning : IC on non-existent node - xx1.casc, ignored
   Please check line .ic v(fb)=1.0 v(sns1)=0.6 v(sns2)=0.6 v(vref)=1.2 v(ibias)=0.6 v(xx1.casc)=1.8

Note: Starting dynamic gmin stepping
Note: Dynamic gmin stepping completed
Warning : IC on non-existent node - xx1.casc, ignored
   Please check line .ic v(fb)=1.0 v(sns1)=0.6 v(sns2)=0.6 v(vref)=1.2 v(ibias)=0.6 v(xx1.casc)=1.8

Note: Starting dynamic gmin stepping
Note: Dynamic gmin stepping completed
Warning : IC on non-existent node - xx1.casc, ignored
   Please check line .ic v(fb)=1.0 v(sns1)=0.6 v(sns2)=0.6 v(vref)=1.2 v(ibias)=0.6 v(xx1.casc)=1.8

Note: Starting dynamic gmin stepping
Note: Dynamic gmin stepping completed
Warning : IC on non-existent node - xx1.casc, ignored
   Please check line .ic v(fb)=1.0 v(sns1)=0.6 v(sns2)=0.6 v(vref)=1.2 v(ibias)=0.6 v(xx1.casc)=1.8

Note: Starting dynamic gmin stepping
Note: Dynamic gmin stepping completed
Warning : IC on non-existent node - xx1.casc, ignored
   Please check line .ic v(fb)=1.0 v(sns1)=0.6 v(sns2)=0.6 v(vref)=1.2 v(ibias)=0.6 v(xx1.casc)=1.8

Note: Starting dynamic gmin stepping
Note: Dynamic gmin stepping completed
Warning : IC on non-existent node - xx1.casc, ignored
   Please check line .ic v(fb)=1.0 v(sns1)=0.6 v(sns2)=0.6 v(vref)=1.2 v(ibias)=0.6 v(xx1.casc)=1.8

Note: Starting dynamic gmin stepping
Note: Dynamic gmin stepping completed
Warning : IC on non-existent node - xx1.casc, ignored
   Please check line .ic v(fb)=1.0 v(sns1)=0.6 v(sns2)=0.6 v(vref)=1.2 v(ibias)=0.6 v(xx1.casc)=1.8

Note: Starting dynamic gmin stepping
Note: Dynamic gmin stepping completed
Warning : IC on non-existent node - xx1.casc, ignored
   Please check line .ic v(fb)=1.0 v(sns1)=0.6 v(sns2)=0.6 v(vref)=1.2 v(ibias)=0.6 v(xx1.casc)=1.8

Note: Starting dynamic gmin stepping
Note: Dynamic gmin stepping completed
Warning : IC on non-existent node - xx1.casc, ignored
   Please check line .ic v(fb)=1.0 v(sns1)=0.6 v(sns2)=0.6 v(vref)=1.2 v(ibias)=0.6 v(xx1.casc)=1.8

Note: Starting dynamic gmin stepping
Note: Dynamic gmin stepping completed
Warning : IC on non-existent node - xx1.casc, ignored
   Please check line .ic v(fb)=1.0 v(sns1)=0.6 v(sns2)=0.6 v(vref)=1.2 v(ibias)=0.6 v(xx1.casc)=1.8

Note: Starting dynamic gmin stepping
Note: Dynamic gmin stepping completed
Warning : IC on non-existent node - xx1.casc, ignored
   Please check line .ic v(fb)=1.0 v(sns1)=0.6 v(sns2)=0.6 v(vref)=1.2 v(ibias)=0.6 v(xx1.casc)=1.8

Note: Starting dynamic gmin stepping
Note: Dynamic gmin stepping completed
Warning : IC on non-existent node - xx1.casc, ignored
   Please check line .ic v(fb)=1.0 v(sns1)=0.6 v(sns2)=0.6 v(vref)=1.2 v(ibias)=0.6 v(xx1.casc)=1.8

Note: Starting dynamic gmin stepping
Note: Dynamic gmin stepping completed
Warning : IC on non-existent node - xx1.casc, ignored
   Please check line .ic v(fb)=1.0 v(sns1)=0.6 v(sns2)=0.6 v(vref)=1.2 v(ibias)=0.6 v(xx1.casc)=1.8

Note: Starting dynamic gmin stepping
Note: Dynamic gmin stepping completed
Warning : IC on non-existent node - xx1.casc, ignored
   Please check line .ic v(fb)=1.0 v(sns1)=0.6 v(sns2)=0.6 v(vref)=1.2 v(ibias)=0.6 v(xx1.casc)=1.8

Note: Starting dynamic gmin stepping
Note: Dynamic gmin stepping completed
Warning : IC on non-existent node - xx1.casc, ignored
   Please check line .ic v(fb)=1.0 v(sns1)=0.6 v(sns2)=0.6 v(vref)=1.2 v(ibias)=0.6 v(xx1.casc)=1.8

Note: Starting dynamic gmin stepping
Note: Dynamic gmin stepping completed
Warning : IC on non-existent node - xx1.casc, ignored
   Please check line .ic v(fb)=1.0 v(sns1)=0.6 v(sns2)=0.6 v(vref)=1.2 v(ibias)=0.6 v(xx1.casc)=1.8

Note: Starting dynamic gmin stepping
Note: Dynamic gmin stepping completed
Warning : IC on non-existent node - xx1.casc, ignored
   Please check line .ic v(fb)=1.0 v(sns1)=0.6 v(sns2)=0.6 v(vref)=1.2 v(ibias)=0.6 v(xx1.casc)=1.8

Note: Starting dynamic gmin stepping
Note: Dynamic gmin stepping completed
Warning : IC on non-existent node - xx1.casc, ignored
   Please check line .ic v(fb)=1.0 v(sns1)=0.6 v(sns2)=0.6 v(vref)=1.2 v(ibias)=0.6 v(xx1.casc)=1.8

Note: Starting dynamic gmin stepping
Note: Dynamic gmin stepping completed
Warning : IC on non-existent node - xx1.casc, ignored
   Please check line .ic v(fb)=1.0 v(sns1)=0.6 v(sns2)=0.6 v(vref)=1.2 v(ibias)=0.6 v(xx1.casc)=1.8

Note: Starting dynamic gmin stepping
Note: Dynamic gmin stepping completed
Warning : IC on non-existent node - xx1.casc, ignored
   Please check line .ic v(fb)=1.0 v(sns1)=0.6 v(sns2)=0.6 v(vref)=1.2 v(ibias)=0.6 v(xx1.casc)=1.8

Note: Starting dynamic gmin stepping
Note: Dynamic gmin stepping completed
Warning : IC on non-existent node - xx1.casc, ignored
   Please check line .ic v(fb)=1.0 v(sns1)=0.6 v(sns2)=0.6 v(vref)=1.2 v(ibias)=0.6 v(xx1.casc)=1.8

Note: Starting dynamic gmin stepping
Note: Dynamic gmin stepping completed
Warning : IC on non-existent node - xx1.casc, ignored
   Please check line .ic v(fb)=1.0 v(sns1)=0.6 v(sns2)=0.6 v(vref)=1.2 v(ibias)=0.6 v(xx1.casc)=1.8

Note: Starting dynamic gmin stepping
Note: Dynamic gmin stepping completed
Warning : IC on non-existent node - xx1.casc, ignored
   Please check line .ic v(fb)=1.0 v(sns1)=0.6 v(sns2)=0.6 v(vref)=1.2 v(ibias)=0.6 v(xx1.casc)=1.8

Note: Starting dynamic gmin stepping
Note: Dynamic gmin stepping completed
Warning : IC on non-existent node - xx1.casc, ignored
   Please check line .ic v(fb)=1.0 v(sns1)=0.6 v(sns2)=0.6 v(vref)=1.2 v(ibias)=0.6 v(xx1.casc)=1.8

Note: Starting dynamic gmin stepping
Note: Dynamic gmin stepping completed
Warning : IC on non-existent node - xx1.casc, ignored
   Please check line .ic v(fb)=1.0 v(sns1)=0.6 v(sns2)=0.6 v(vref)=1.2 v(ibias)=0.6 v(xx1.casc)=1.8

Note: Starting dynamic gmin stepping
Note: Dynamic gmin stepping completed
Warning : IC on non-existent node - xx1.casc, ignored
   Please check line .ic v(fb)=1.0 v(sns1)=0.6 v(sns2)=0.6 v(vref)=1.2 v(ibias)=0.6 v(xx1.casc)=1.8

Note: Starting dynamic gmin stepping
Note: Dynamic gmin stepping completed
Warning : IC on non-existent node - xx1.casc, ignored
   Please check line .ic v(fb)=1.0 v(sns1)=0.6 v(sns2)=0.6 v(vref)=1.2 v(ibias)=0.6 v(xx1.casc)=1.8

Note: Starting dynamic gmin stepping
Note: Dynamic gmin stepping completed
Warning : IC on non-existent node - xx1.casc, ignored
   Please check line .ic v(fb)=1.0 v(sns1)=0.6 v(sns2)=0.6 v(vref)=1.2 v(ibias)=0.6 v(xx1.casc)=1.8

Note: Starting dynamic gmin stepping
Note: Dynamic gmin stepping completed
Warning : IC on non-existent node - xx1.casc, ignored
   Please check line .ic v(fb)=1.0 v(sns1)=0.6 v(sns2)=0.6 v(vref)=1.2 v(ibias)=0.6 v(xx1.casc)=1.8

Note: Starting dynamic gmin stepping
Note: Dynamic gmin stepping completed
Warning : IC on non-existent node - xx1.casc, ignored
   Please check line .ic v(fb)=1.0 v(sns1)=0.6 v(sns2)=0.6 v(vref)=1.2 v(ibias)=0.6 v(xx1.casc)=1.8

Note: Starting dynamic gmin stepping
Note: Dynamic gmin stepping completed
Warning : IC on non-existent node - xx1.casc, ignored
   Please check line .ic v(fb)=1.0 v(sns1)=0.6 v(sns2)=0.6 v(vref)=1.2 v(ibias)=0.6 v(xx1.casc)=1.8

Note: Starting dynamic gmin stepping
Note: Dynamic gmin stepping completed
Warning : IC on non-existent node - xx1.casc, ignored
   Please check line .ic v(fb)=1.0 v(sns1)=0.6 v(sns2)=0.6 v(vref)=1.2 v(ibias)=0.6 v(xx1.casc)=1.8

Note: Starting dynamic gmin stepping
Note: Dynamic gmin stepping completed
Warning : IC on non-existent node - xx1.casc, ignored
   Please check line .ic v(fb)=1.0 v(sns1)=0.6 v(sns2)=0.6 v(vref)=1.2 v(ibias)=0.6 v(xx1.casc)=1.8

Note: Starting dynamic gmin stepping
Note: Dynamic gmin stepping completed
Warning : IC on non-existent node - xx1.casc, ignored
   Please check line .ic v(fb)=1.0 v(sns1)=0.6 v(sns2)=0.6 v(vref)=1.2 v(ibias)=0.6 v(xx1.casc)=1.8

Note: Starting dynamic gmin stepping
Note: Dynamic gmin stepping completed
Warning : IC on non-existent node - xx1.casc, ignored
   Please check line .ic v(fb)=1.0 v(sns1)=0.6 v(sns2)=0.6 v(vref)=1.2 v(ibias)=0.6 v(xx1.casc)=1.8

Note: Starting dynamic gmin stepping
Note: Dynamic gmin stepping completed
Warning : IC on non-existent node - xx1.casc, ignored
   Please check line .ic v(fb)=1.0 v(sns1)=0.6 v(sns2)=0.6 v(vref)=1.2 v(ibias)=0.6 v(xx1.casc)=1.8

Note: Starting dynamic gmin stepping
Note: Dynamic gmin stepping completed
Warning : IC on non-existent node - xx1.casc, ignored
   Please check line .ic v(fb)=1.0 v(sns1)=0.6 v(sns2)=0.6 v(vref)=1.2 v(ibias)=0.6 v(xx1.casc)=1.8

Note: Starting dynamic gmin stepping
Note: Dynamic gmin stepping completed
Warning : IC on non-existent node - xx1.casc, ignored
   Please check line .ic v(fb)=1.0 v(sns1)=0.6 v(sns2)=0.6 v(vref)=1.2 v(ibias)=0.6 v(xx1.casc)=1.8

Note: Starting dynamic gmin stepping
Note: Dynamic gmin stepping completed
Warning : IC on non-existent node - xx1.casc, ignored
   Please check line .ic v(fb)=1.0 v(sns1)=0.6 v(sns2)=0.6 v(vref)=1.2 v(ibias)=0.6 v(xx1.casc)=1.8

Note: Starting dynamic gmin stepping
Note: Dynamic gmin stepping completed
Warning : IC on non-existent node - xx1.casc, ignored
   Please check line .ic v(fb)=1.0 v(sns1)=0.6 v(sns2)=0.6 v(vref)=1.2 v(ibias)=0.6 v(xx1.casc)=1.8

Note: Starting dynamic gmin stepping
Note: Dynamic gmin stepping completed
Warning : IC on non-existent node - xx1.casc, ignored
   Please check line .ic v(fb)=1.0 v(sns1)=0.6 v(sns2)=0.6 v(vref)=1.2 v(ibias)=0.6 v(xx1.casc)=1.8

Note: Starting dynamic gmin stepping
Note: Dynamic gmin stepping completed
Warning : IC on non-existent node - xx1.casc, ignored
   Please check line .ic v(fb)=1.0 v(sns1)=0.6 v(sns2)=0.6 v(vref)=1.2 v(ibias)=0.6 v(xx1.casc)=1.8

Note: Starting dynamic gmin stepping
Note: Dynamic gmin stepping completed
Warning : IC on non-existent node - xx1.casc, ignored
   Please check line .ic v(fb)=1.0 v(sns1)=0.6 v(sns2)=0.6 v(vref)=1.2 v(ibias)=0.6 v(xx1.casc)=1.8

Note: Starting dynamic gmin stepping
Note: Dynamic gmin stepping completed
Warning : IC on non-existent node - xx1.casc, ignored
   Please check line .ic v(fb)=1.0 v(sns1)=0.6 v(sns2)=0.6 v(vref)=1.2 v(ibias)=0.6 v(xx1.casc)=1.8

Note: Starting dynamic gmin stepping
Note: Dynamic gmin stepping completed
Warning : IC on non-existent node - xx1.casc, ignored
   Please check line .ic v(fb)=1.0 v(sns1)=0.6 v(sns2)=0.6 v(vref)=1.2 v(ibias)=0.6 v(xx1.casc)=1.8

Note: Starting dynamic gmin stepping
Note: Dynamic gmin stepping completed
Warning : IC on non-existent node - xx1.casc, ignored
   Please check line .ic v(fb)=1.0 v(sns1)=0.6 v(sns2)=0.6 v(vref)=1.2 v(ibias)=0.6 v(xx1.casc)=1.8

Note: Starting dynamic gmin stepping
Note: Dynamic gmin stepping completed
Warning : IC on non-existent node - xx1.casc, ignored
   Please check line .ic v(fb)=1.0 v(sns1)=0.6 v(sns2)=0.6 v(vref)=1.2 v(ibias)=0.6 v(xx1.casc)=1.8

Note: Starting dynamic gmin stepping
Note: Dynamic gmin stepping completed
Warning : IC on non-existent node - xx1.casc, ignored
   Please check line .ic v(fb)=1.0 v(sns1)=0.6 v(sns2)=0.6 v(vref)=1.2 v(ibias)=0.6 v(xx1.casc)=1.8

Note: Starting dynamic gmin stepping
Note: Dynamic gmin stepping completed
Warning : IC on non-existent node - xx1.casc, ignored
   Please check line .ic v(fb)=1.0 v(sns1)=0.6 v(sns2)=0.6 v(vref)=1.2 v(ibias)=0.6 v(xx1.casc)=1.8

Note: Starting dynamic gmin stepping
Note: Dynamic gmin stepping completed
Warning : IC on non-existent node - xx1.casc, ignored
   Please check line .ic v(fb)=1.0 v(sns1)=0.6 v(sns2)=0.6 v(vref)=1.2 v(ibias)=0.6 v(xx1.casc)=1.8

Note: Starting dynamic gmin stepping
Note: Dynamic gmin stepping completed
Warning : IC on non-existent node - xx1.casc, ignored
   Please check line .ic v(fb)=1.0 v(sns1)=0.6 v(sns2)=0.6 v(vref)=1.2 v(ibias)=0.6 v(xx1.casc)=1.8

Note: Starting dynamic gmin stepping
Note: Dynamic gmin stepping completed
Warning : IC on non-existent node - xx1.casc, ignored
   Please check line .ic v(fb)=1.0 v(sns1)=0.6 v(sns2)=0.6 v(vref)=1.2 v(ibias)=0.6 v(xx1.casc)=1.8

Note: Starting dynamic gmin stepping
Note: Dynamic gmin stepping completed
Warning : IC on non-existent node - xx1.casc, ignored
   Please check line .ic v(fb)=1.0 v(sns1)=0.6 v(sns2)=0.6 v(vref)=1.2 v(ibias)=0.6 v(xx1.casc)=1.8

Note: Starting dynamic gmin stepping
Note: Dynamic gmin stepping completed
Warning : IC on non-existent node - xx1.casc, ignored
   Please check line .ic v(fb)=1.0 v(sns1)=0.6 v(sns2)=0.6 v(vref)=1.2 v(ibias)=0.6 v(xx1.casc)=1.8

Note: Starting dynamic gmin stepping
Note: Dynamic gmin stepping completed
Warning : IC on non-existent node - xx1.casc, ignored
   Please check line .ic v(fb)=1.0 v(sns1)=0.6 v(sns2)=0.6 v(vref)=1.2 v(ibias)=0.6 v(xx1.casc)=1.8

Note: Starting dynamic gmin stepping
Note: Dynamic gmin stepping completed
Warning : IC on non-existent node - xx1.casc, ignored
   Please check line .ic v(fb)=1.0 v(sns1)=0.6 v(sns2)=0.6 v(vref)=1.2 v(ibias)=0.6 v(xx1.casc)=1.8

Note: Starting dynamic gmin stepping
Note: Dynamic gmin stepping completed
Warning : IC on non-existent node - xx1.casc, ignored
   Please check line .ic v(fb)=1.0 v(sns1)=0.6 v(sns2)=0.6 v(vref)=1.2 v(ibias)=0.6 v(xx1.casc)=1.8

Note: Starting dynamic gmin stepping
Note: Dynamic gmin stepping completed
Warning : IC on non-existent node - xx1.casc, ignored
   Please check line .ic v(fb)=1.0 v(sns1)=0.6 v(sns2)=0.6 v(vref)=1.2 v(ibias)=0.6 v(xx1.casc)=1.8

Note: Starting dynamic gmin stepping
Note: Dynamic gmin stepping completed
Warning : IC on non-existent node - xx1.casc, ignored
   Please check line .ic v(fb)=1.0 v(sns1)=0.6 v(sns2)=0.6 v(vref)=1.2 v(ibias)=0.6 v(xx1.casc)=1.8

Note: Starting dynamic gmin stepping
Note: Dynamic gmin stepping completed
Warning : IC on non-existent node - xx1.casc, ignored
   Please check line .ic v(fb)=1.0 v(sns1)=0.6 v(sns2)=0.6 v(vref)=1.2 v(ibias)=0.6 v(xx1.casc)=1.8

Note: Starting dynamic gmin stepping
Note: Dynamic gmin stepping completed
Warning : IC on non-existent node - xx1.casc, ignored
   Please check line .ic v(fb)=1.0 v(sns1)=0.6 v(sns2)=0.6 v(vref)=1.2 v(ibias)=0.6 v(xx1.casc)=1.8

Note: Starting dynamic gmin stepping
Note: Dynamic gmin stepping completed
Warning : IC on non-existent node - xx1.casc, ignored
   Please check line .ic v(fb)=1.0 v(sns1)=0.6 v(sns2)=0.6 v(vref)=1.2 v(ibias)=0.6 v(xx1.casc)=1.8

Note: Starting dynamic gmin stepping
Note: Dynamic gmin stepping completed
Warning : IC on non-existent node - xx1.casc, ignored
   Please check line .ic v(fb)=1.0 v(sns1)=0.6 v(sns2)=0.6 v(vref)=1.2 v(ibias)=0.6 v(xx1.casc)=1.8

Note: Starting dynamic gmin stepping
Note: Dynamic gmin stepping completed
Warning : IC on non-existent node - xx1.casc, ignored
   Please check line .ic v(fb)=1.0 v(sns1)=0.6 v(sns2)=0.6 v(vref)=1.2 v(ibias)=0.6 v(xx1.casc)=1.8

Note: Starting dynamic gmin stepping
Note: Dynamic gmin stepping completed
Warning : IC on non-existent node - xx1.casc, ignored
   Please check line .ic v(fb)=1.0 v(sns1)=0.6 v(sns2)=0.6 v(vref)=1.2 v(ibias)=0.6 v(xx1.casc)=1.8

Note: Starting dynamic gmin stepping
Note: Dynamic gmin stepping completed
Warning : IC on non-existent node - xx1.casc, ignored
   Please check line .ic v(fb)=1.0 v(sns1)=0.6 v(sns2)=0.6 v(vref)=1.2 v(ibias)=0.6 v(xx1.casc)=1.8

Note: Starting dynamic gmin stepping
Note: Dynamic gmin stepping completed
Warning : IC on non-existent node - xx1.casc, ignored
   Please check line .ic v(fb)=1.0 v(sns1)=0.6 v(sns2)=0.6 v(vref)=1.2 v(ibias)=0.6 v(xx1.casc)=1.8

Note: Starting dynamic gmin stepping
Note: Dynamic gmin stepping completed
Warning : IC on non-existent node - xx1.casc, ignored
   Please check line .ic v(fb)=1.0 v(sns1)=0.6 v(sns2)=0.6 v(vref)=1.2 v(ibias)=0.6 v(xx1.casc)=1.8

Note: Starting dynamic gmin stepping
Note: Dynamic gmin stepping completed
Warning : IC on non-existent node - xx1.casc, ignored
   Please check line .ic v(fb)=1.0 v(sns1)=0.6 v(sns2)=0.6 v(vref)=1.2 v(ibias)=0.6 v(xx1.casc)=1.8

Note: Starting dynamic gmin stepping
Note: Dynamic gmin stepping completed
Warning : IC on non-existent node - xx1.casc, ignored
   Please check line .ic v(fb)=1.0 v(sns1)=0.6 v(sns2)=0.6 v(vref)=1.2 v(ibias)=0.6 v(xx1.casc)=1.8

Note: Starting dynamic gmin stepping
Note: Dynamic gmin stepping completed
Warning : IC on non-existent node - xx1.casc, ignored
   Please check line .ic v(fb)=1.0 v(sns1)=0.6 v(sns2)=0.6 v(vref)=1.2 v(ibias)=0.6 v(xx1.casc)=1.8

Note: Starting dynamic gmin stepping
Note: Dynamic gmin stepping completed
Warning : IC on non-existent node - xx1.casc, ignored
   Please check line .ic v(fb)=1.0 v(sns1)=0.6 v(sns2)=0.6 v(vref)=1.2 v(ibias)=0.6 v(xx1.casc)=1.8

Note: Starting dynamic gmin stepping
Note: Dynamic gmin stepping completed
Warning : IC on non-existent node - xx1.casc, ignored
   Please check line .ic v(fb)=1.0 v(sns1)=0.6 v(sns2)=0.6 v(vref)=1.2 v(ibias)=0.6 v(xx1.casc)=1.8

Note: Starting dynamic gmin stepping
Note: Dynamic gmin stepping completed
Warning : IC on non-existent node - xx1.casc, ignored
   Please check line .ic v(fb)=1.0 v(sns1)=0.6 v(sns2)=0.6 v(vref)=1.2 v(ibias)=0.6 v(xx1.casc)=1.8

Note: Starting dynamic gmin stepping
Note: Dynamic gmin stepping completed
Warning : IC on non-existent node - xx1.casc, ignored
   Please check line .ic v(fb)=1.0 v(sns1)=0.6 v(sns2)=0.6 v(vref)=1.2 v(ibias)=0.6 v(xx1.casc)=1.8

Note: Starting dynamic gmin stepping
Note: Dynamic gmin stepping completed
Warning : IC on non-existent node - xx1.casc, ignored
   Please check line .ic v(fb)=1.0 v(sns1)=0.6 v(sns2)=0.6 v(vref)=1.2 v(ibias)=0.6 v(xx1.casc)=1.8

Note: Starting dynamic gmin stepping
Note: Dynamic gmin stepping completed
Warning : IC on non-existent node - xx1.casc, ignored
   Please check line .ic v(fb)=1.0 v(sns1)=0.6 v(sns2)=0.6 v(vref)=1.2 v(ibias)=0.6 v(xx1.casc)=1.8

Note: Starting dynamic gmin stepping
Note: Dynamic gmin stepping completed
Warning : IC on non-existent node - xx1.casc, ignored
   Please check line .ic v(fb)=1.0 v(sns1)=0.6 v(sns2)=0.6 v(vref)=1.2 v(ibias)=0.6 v(xx1.casc)=1.8

Note: Starting dynamic gmin stepping
Note: Dynamic gmin stepping completed
Warning : IC on non-existent node - xx1.casc, ignored
   Please check line .ic v(fb)=1.0 v(sns1)=0.6 v(sns2)=0.6 v(vref)=1.2 v(ibias)=0.6 v(xx1.casc)=1.8

Note: Starting dynamic gmin stepping
Note: Dynamic gmin stepping completed
Warning : IC on non-existent node - xx1.casc, ignored
   Please check line .ic v(fb)=1.0 v(sns1)=0.6 v(sns2)=0.6 v(vref)=1.2 v(ibias)=0.6 v(xx1.casc)=1.8

Note: Starting dynamic gmin stepping
Note: Dynamic gmin stepping completed
Warning : IC on non-existent node - xx1.casc, ignored
   Please check line .ic v(fb)=1.0 v(sns1)=0.6 v(sns2)=0.6 v(vref)=1.2 v(ibias)=0.6 v(xx1.casc)=1.8

Note: Starting dynamic gmin stepping
Note: Dynamic gmin stepping completed
Warning : IC on non-existent node - xx1.casc, ignored
   Please check line .ic v(fb)=1.0 v(sns1)=0.6 v(sns2)=0.6 v(vref)=1.2 v(ibias)=0.6 v(xx1.casc)=1.8

Note: Starting dynamic gmin stepping
Note: Dynamic gmin stepping completed
Warning : IC on non-existent node - xx1.casc, ignored
   Please check line .ic v(fb)=1.0 v(sns1)=0.6 v(sns2)=0.6 v(vref)=1.2 v(ibias)=0.6 v(xx1.casc)=1.8

Note: Starting dynamic gmin stepping
Note: Dynamic gmin stepping completed
Warning : IC on non-existent node - xx1.casc, ignored
   Please check line .ic v(fb)=1.0 v(sns1)=0.6 v(sns2)=0.6 v(vref)=1.2 v(ibias)=0.6 v(xx1.casc)=1.8

Note: Starting dynamic gmin stepping
Note: Dynamic gmin stepping completed
Warning : IC on non-existent node - xx1.casc, ignored
   Please check line .ic v(fb)=1.0 v(sns1)=0.6 v(sns2)=0.6 v(vref)=1.2 v(ibias)=0.6 v(xx1.casc)=1.8

Note: Starting dynamic gmin stepping
Note: Dynamic gmin stepping completed
Warning : IC on non-existent node - xx1.casc, ignored
   Please check line .ic v(fb)=1.0 v(sns1)=0.6 v(sns2)=0.6 v(vref)=1.2 v(ibias)=0.6 v(xx1.casc)=1.8

Note: Starting dynamic gmin stepping
Note: Dynamic gmin stepping completed
Warning : IC on non-existent node - xx1.casc, ignored
   Please check line .ic v(fb)=1.0 v(sns1)=0.6 v(sns2)=0.6 v(vref)=1.2 v(ibias)=0.6 v(xx1.casc)=1.8

Note: Starting dynamic gmin stepping
Note: Dynamic gmin stepping completed
Warning : IC on non-existent node - xx1.casc, ignored
   Please check line .ic v(fb)=1.0 v(sns1)=0.6 v(sns2)=0.6 v(vref)=1.2 v(ibias)=0.6 v(xx1.casc)=1.8

Note: Starting dynamic gmin stepping
Note: Dynamic gmin stepping completed
Warning : IC on non-existent node - xx1.casc, ignored
   Please check line .ic v(fb)=1.0 v(sns1)=0.6 v(sns2)=0.6 v(vref)=1.2 v(ibias)=0.6 v(xx1.casc)=1.8

Note: Starting dynamic gmin stepping
Note: Dynamic gmin stepping completed
Warning : IC on non-existent node - xx1.casc, ignored
   Please check line .ic v(fb)=1.0 v(sns1)=0.6 v(sns2)=0.6 v(vref)=1.2 v(ibias)=0.6 v(xx1.casc)=1.8

Note: Starting dynamic gmin stepping
Note: Dynamic gmin stepping completed
Warning : IC on non-existent node - xx1.casc, ignored
   Please check line .ic v(fb)=1.0 v(sns1)=0.6 v(sns2)=0.6 v(vref)=1.2 v(ibias)=0.6 v(xx1.casc)=1.8

Note: Starting dynamic gmin stepping
Note: Dynamic gmin stepping completed
Warning : IC on non-existent node - xx1.casc, ignored
   Please check line .ic v(fb)=1.0 v(sns1)=0.6 v(sns2)=0.6 v(vref)=1.2 v(ibias)=0.6 v(xx1.casc)=1.8

Note: Starting dynamic gmin stepping
Note: Dynamic gmin stepping completed
Warning : IC on non-existent node - xx1.casc, ignored
   Please check line .ic v(fb)=1.0 v(sns1)=0.6 v(sns2)=0.6 v(vref)=1.2 v(ibias)=0.6 v(xx1.casc)=1.8

Note: Starting dynamic gmin stepping
Note: Dynamic gmin stepping completed
Warning : IC on non-existent node - xx1.casc, ignored
   Please check line .ic v(fb)=1.0 v(sns1)=0.6 v(sns2)=0.6 v(vref)=1.2 v(ibias)=0.6 v(xx1.casc)=1.8

Note: Starting dynamic gmin stepping
Note: Dynamic gmin stepping completed
Warning : IC on non-existent node - xx1.casc, ignored
   Please check line .ic v(fb)=1.0 v(sns1)=0.6 v(sns2)=0.6 v(vref)=1.2 v(ibias)=0.6 v(xx1.casc)=1.8

Note: Starting dynamic gmin stepping
Note: Dynamic gmin stepping completed
Warning : IC on non-existent node - xx1.casc, ignored
   Please check line .ic v(fb)=1.0 v(sns1)=0.6 v(sns2)=0.6 v(vref)=1.2 v(ibias)=0.6 v(xx1.casc)=1.8

Note: Starting dynamic gmin stepping
Note: Dynamic gmin stepping completed
Warning : IC on non-existent node - xx1.casc, ignored
   Please check line .ic v(fb)=1.0 v(sns1)=0.6 v(sns2)=0.6 v(vref)=1.2 v(ibias)=0.6 v(xx1.casc)=1.8

Note: Starting dynamic gmin stepping
Note: Dynamic gmin stepping completed
Warning : IC on non-existent node - xx1.casc, ignored
   Please check line .ic v(fb)=1.0 v(sns1)=0.6 v(sns2)=0.6 v(vref)=1.2 v(ibias)=0.6 v(xx1.casc)=1.8

Note: Starting dynamic gmin stepping
Note: Dynamic gmin stepping completed
Warning : IC on non-existent node - xx1.casc, ignored
   Please check line .ic v(fb)=1.0 v(sns1)=0.6 v(sns2)=0.6 v(vref)=1.2 v(ibias)=0.6 v(xx1.casc)=1.8

Note: Starting dynamic gmin stepping
Note: Dynamic gmin stepping completed
Warning : IC on non-existent node - xx1.casc, ignored
   Please check line .ic v(fb)=1.0 v(sns1)=0.6 v(sns2)=0.6 v(vref)=1.2 v(ibias)=0.6 v(xx1.casc)=1.8

Note: Starting dynamic gmin stepping
Note: Dynamic gmin stepping completed
Warning : IC on non-existent node - xx1.casc, ignored
   Please check line .ic v(fb)=1.0 v(sns1)=0.6 v(sns2)=0.6 v(vref)=1.2 v(ibias)=0.6 v(xx1.casc)=1.8

Note: Starting dynamic gmin stepping
Note: Dynamic gmin stepping completed
Warning : IC on non-existent node - xx1.casc, ignored
   Please check line .ic v(fb)=1.0 v(sns1)=0.6 v(sns2)=0.6 v(vref)=1.2 v(ibias)=0.6 v(xx1.casc)=1.8

Note: Starting dynamic gmin stepping
Note: Dynamic gmin stepping completed
Warning : IC on non-existent node - xx1.casc, ignored
   Please check line .ic v(fb)=1.0 v(sns1)=0.6 v(sns2)=0.6 v(vref)=1.2 v(ibias)=0.6 v(xx1.casc)=1.8

Note: Starting dynamic gmin stepping
Note: Dynamic gmin stepping completed
Warning : IC on non-existent node - xx1.casc, ignored
   Please check line .ic v(fb)=1.0 v(sns1)=0.6 v(sns2)=0.6 v(vref)=1.2 v(ibias)=0.6 v(xx1.casc)=1.8

Note: Starting dynamic gmin stepping
Note: Dynamic gmin stepping completed
Warning : IC on non-existent node - xx1.casc, ignored
   Please check line .ic v(fb)=1.0 v(sns1)=0.6 v(sns2)=0.6 v(vref)=1.2 v(ibias)=0.6 v(xx1.casc)=1.8

Note: Starting dynamic gmin stepping
Note: Dynamic gmin stepping completed
Warning : IC on non-existent node - xx1.casc, ignored
   Please check line .ic v(fb)=1.0 v(sns1)=0.6 v(sns2)=0.6 v(vref)=1.2 v(ibias)=0.6 v(xx1.casc)=1.8

Note: Starting dynamic gmin stepping
Note: Dynamic gmin stepping completed
Warning : IC on non-existent node - xx1.casc, ignored
   Please check line .ic v(fb)=1.0 v(sns1)=0.6 v(sns2)=0.6 v(vref)=1.2 v(ibias)=0.6 v(xx1.casc)=1.8

Note: Starting dynamic gmin stepping
Note: Dynamic gmin stepping completed
Warning : IC on non-existent node - xx1.casc, ignored
   Please check line .ic v(fb)=1.0 v(sns1)=0.6 v(sns2)=0.6 v(vref)=1.2 v(ibias)=0.6 v(xx1.casc)=1.8

Note: Starting dynamic gmin stepping
Note: Dynamic gmin stepping completed
Warning : IC on non-existent node - xx1.casc, ignored
   Please check line .ic v(fb)=1.0 v(sns1)=0.6 v(sns2)=0.6 v(vref)=1.2 v(ibias)=0.6 v(xx1.casc)=1.8

Note: Starting dynamic gmin stepping
Note: Dynamic gmin stepping completed
Warning : IC on non-existent node - xx1.casc, ignored
   Please check line .ic v(fb)=1.0 v(sns1)=0.6 v(sns2)=0.6 v(vref)=1.2 v(ibias)=0.6 v(xx1.casc)=1.8

Note: Starting dynamic gmin stepping
Note: Dynamic gmin stepping completed
Warning : IC on non-existent node - xx1.casc, ignored
   Please check line .ic v(fb)=1.0 v(sns1)=0.6 v(sns2)=0.6 v(vref)=1.2 v(ibias)=0.6 v(xx1.casc)=1.8

Note: Starting dynamic gmin stepping
Note: Dynamic gmin stepping completed
Warning : IC on non-existent node - xx1.casc, ignored
   Please check line .ic v(fb)=1.0 v(sns1)=0.6 v(sns2)=0.6 v(vref)=1.2 v(ibias)=0.6 v(xx1.casc)=1.8

Note: Starting dynamic gmin stepping
Note: Dynamic gmin stepping completed
Warning : IC on non-existent node - xx1.casc, ignored
   Please check line .ic v(fb)=1.0 v(sns1)=0.6 v(sns2)=0.6 v(vref)=1.2 v(ibias)=0.6 v(xx1.casc)=1.8

Note: Starting dynamic gmin stepping
Note: Dynamic gmin stepping completed
Warning : IC on non-existent node - xx1.casc, ignored
   Please check line .ic v(fb)=1.0 v(sns1)=0.6 v(sns2)=0.6 v(vref)=1.2 v(ibias)=0.6 v(xx1.casc)=1.8

Note: Starting dynamic gmin stepping
Note: Dynamic gmin stepping completed
Warning : IC on non-existent node - xx1.casc, ignored
   Please check line .ic v(fb)=1.0 v(sns1)=0.6 v(sns2)=0.6 v(vref)=1.2 v(ibias)=0.6 v(xx1.casc)=1.8

Note: Starting dynamic gmin stepping
Note: Dynamic gmin stepping completed
Warning : IC on non-existent node - xx1.casc, ignored
   Please check line .ic v(fb)=1.0 v(sns1)=0.6 v(sns2)=0.6 v(vref)=1.2 v(ibias)=0.6 v(xx1.casc)=1.8

Note: Starting dynamic gmin stepping
Note: Dynamic gmin stepping completed
Warning : IC on non-existent node - xx1.casc, ignored
   Please check line .ic v(fb)=1.0 v(sns1)=0.6 v(sns2)=0.6 v(vref)=1.2 v(ibias)=0.6 v(xx1.casc)=1.8

Note: Starting dynamic gmin stepping
Note: Dynamic gmin stepping completed
Warning : IC on non-existent node - xx1.casc, ignored
   Please check line .ic v(fb)=1.0 v(sns1)=0.6 v(sns2)=0.6 v(vref)=1.2 v(ibias)=0.6 v(xx1.casc)=1.8

Note: Starting dynamic gmin stepping
Note: Dynamic gmin stepping completed
Warning : IC on non-existent node - xx1.casc, ignored
   Please check line .ic v(fb)=1.0 v(sns1)=0.6 v(sns2)=0.6 v(vref)=1.2 v(ibias)=0.6 v(xx1.casc)=1.8

Note: Starting dynamic gmin stepping
Note: Dynamic gmin stepping completed
Warning : IC on non-existent node - xx1.casc, ignored
   Please check line .ic v(fb)=1.0 v(sns1)=0.6 v(sns2)=0.6 v(vref)=1.2 v(ibias)=0.6 v(xx1.casc)=1.8

Note: Starting dynamic gmin stepping
Note: Dynamic gmin stepping completed
Warning : IC on non-existent node - xx1.casc, ignored
   Please check line .ic v(fb)=1.0 v(sns1)=0.6 v(sns2)=0.6 v(vref)=1.2 v(ibias)=0.6 v(xx1.casc)=1.8

Note: Starting dynamic gmin stepping
Note: Dynamic gmin stepping completed
Warning : IC on non-existent node - xx1.casc, ignored
   Please check line .ic v(fb)=1.0 v(sns1)=0.6 v(sns2)=0.6 v(vref)=1.2 v(ibias)=0.6 v(xx1.casc)=1.8

Note: Starting dynamic gmin stepping
Note: Dynamic gmin stepping completed
Warning : IC on non-existent node - xx1.casc, ignored
   Please check line .ic v(fb)=1.0 v(sns1)=0.6 v(sns2)=0.6 v(vref)=1.2 v(ibias)=0.6 v(xx1.casc)=1.8

Note: Starting dynamic gmin stepping
Note: Dynamic gmin stepping completed
Warning : IC on non-existent node - xx1.casc, ignored
   Please check line .ic v(fb)=1.0 v(sns1)=0.6 v(sns2)=0.6 v(vref)=1.2 v(ibias)=0.6 v(xx1.casc)=1.8

Note: Starting dynamic gmin stepping
Note: Dynamic gmin stepping completed
Warning : IC on non-existent node - xx1.casc, ignored
   Please check line .ic v(fb)=1.0 v(sns1)=0.6 v(sns2)=0.6 v(vref)=1.2 v(ibias)=0.6 v(xx1.casc)=1.8

Note: Starting dynamic gmin stepping
Note: Dynamic gmin stepping completed
Warning : IC on non-existent node - xx1.casc, ignored
   Please check line .ic v(fb)=1.0 v(sns1)=0.6 v(sns2)=0.6 v(vref)=1.2 v(ibias)=0.6 v(xx1.casc)=1.8

Note: Starting dynamic gmin stepping
Note: Dynamic gmin stepping completed
Warning : IC on non-existent node - xx1.casc, ignored
   Please check line .ic v(fb)=1.0 v(sns1)=0.6 v(sns2)=0.6 v(vref)=1.2 v(ibias)=0.6 v(xx1.casc)=1.8

Note: Starting dynamic gmin stepping
Note: Dynamic gmin stepping completed
Warning : IC on non-existent node - xx1.casc, ignored
   Please check line .ic v(fb)=1.0 v(sns1)=0.6 v(sns2)=0.6 v(vref)=1.2 v(ibias)=0.6 v(xx1.casc)=1.8

Note: Starting dynamic gmin stepping
Note: Dynamic gmin stepping completed
Warning : IC on non-existent node - xx1.casc, ignored
   Please check line .ic v(fb)=1.0 v(sns1)=0.6 v(sns2)=0.6 v(vref)=1.2 v(ibias)=0.6 v(xx1.casc)=1.8

Note: Starting dynamic gmin stepping
Note: Dynamic gmin stepping completed
Warning : IC on non-existent node - xx1.casc, ignored
   Please check line .ic v(fb)=1.0 v(sns1)=0.6 v(sns2)=0.6 v(vref)=1.2 v(ibias)=0.6 v(xx1.casc)=1.8

Note: Starting dynamic gmin stepping
Note: Dynamic gmin stepping completed
Warning : IC on non-existent node - xx1.casc, ignored
   Please check line .ic v(fb)=1.0 v(sns1)=0.6 v(sns2)=0.6 v(vref)=1.2 v(ibias)=0.6 v(xx1.casc)=1.8

Note: Starting dynamic gmin stepping
Note: Dynamic gmin stepping completed
Warning : IC on non-existent node - xx1.casc, ignored
   Please check line .ic v(fb)=1.0 v(sns1)=0.6 v(sns2)=0.6 v(vref)=1.2 v(ibias)=0.6 v(xx1.casc)=1.8

Note: Starting dynamic gmin stepping
Note: Dynamic gmin stepping completed
Warning : IC on non-existent node - xx1.casc, ignored
   Please check line .ic v(fb)=1.0 v(sns1)=0.6 v(sns2)=0.6 v(vref)=1.2 v(ibias)=0.6 v(xx1.casc)=1.8

Note: Starting dynamic gmin stepping
Note: Dynamic gmin stepping completed
Warning : IC on non-existent node - xx1.casc, ignored
   Please check line .ic v(fb)=1.0 v(sns1)=0.6 v(sns2)=0.6 v(vref)=1.2 v(ibias)=0.6 v(xx1.casc)=1.8

Note: Starting dynamic gmin stepping
Note: Dynamic gmin stepping completed
Warning : IC on non-existent node - xx1.casc, ignored
   Please check line .ic v(fb)=1.0 v(sns1)=0.6 v(sns2)=0.6 v(vref)=1.2 v(ibias)=0.6 v(xx1.casc)=1.8

Note: Starting dynamic gmin stepping
Note: Dynamic gmin stepping completed
Warning : IC on non-existent node - xx1.casc, ignored
   Please check line .ic v(fb)=1.0 v(sns1)=0.6 v(sns2)=0.6 v(vref)=1.2 v(ibias)=0.6 v(xx1.casc)=1.8

Note: Starting dynamic gmin stepping
Note: Dynamic gmin stepping completed
Warning : IC on non-existent node - xx1.casc, ignored
   Please check line .ic v(fb)=1.0 v(sns1)=0.6 v(sns2)=0.6 v(vref)=1.2 v(ibias)=0.6 v(xx1.casc)=1.8

Note: Starting dynamic gmin stepping
Note: Dynamic gmin stepping completed
Warning : IC on non-existent node - xx1.casc, ignored
   Please check line .ic v(fb)=1.0 v(sns1)=0.6 v(sns2)=0.6 v(vref)=1.2 v(ibias)=0.6 v(xx1.casc)=1.8

Note: Starting dynamic gmin stepping
Note: Dynamic gmin stepping completed
Warning : IC on non-existent node - xx1.casc, ignored
   Please check line .ic v(fb)=1.0 v(sns1)=0.6 v(sns2)=0.6 v(vref)=1.2 v(ibias)=0.6 v(xx1.casc)=1.8

Note: Starting dynamic gmin stepping
Note: Dynamic gmin stepping completed
Warning : IC on non-existent node - xx1.casc, ignored
   Please check line .ic v(fb)=1.0 v(sns1)=0.6 v(sns2)=0.6 v(vref)=1.2 v(ibias)=0.6 v(xx1.casc)=1.8

Note: Starting dynamic gmin stepping
Note: Dynamic gmin stepping completed
Warning : IC on non-existent node - xx1.casc, ignored
   Please check line .ic v(fb)=1.0 v(sns1)=0.6 v(sns2)=0.6 v(vref)=1.2 v(ibias)=0.6 v(xx1.casc)=1.8

Note: Starting dynamic gmin stepping
Note: Dynamic gmin stepping completed
Warning : IC on non-existent node - xx1.casc, ignored
   Please check line .ic v(fb)=1.0 v(sns1)=0.6 v(sns2)=0.6 v(vref)=1.2 v(ibias)=0.6 v(xx1.casc)=1.8

Note: Starting dynamic gmin stepping
Note: Dynamic gmin stepping completed
Warning : IC on non-existent node - xx1.casc, ignored
   Please check line .ic v(fb)=1.0 v(sns1)=0.6 v(sns2)=0.6 v(vref)=1.2 v(ibias)=0.6 v(xx1.casc)=1.8

Note: Starting dynamic gmin stepping
Note: Dynamic gmin stepping completed
Warning : IC on non-existent node - xx1.casc, ignored
   Please check line .ic v(fb)=1.0 v(sns1)=0.6 v(sns2)=0.6 v(vref)=1.2 v(ibias)=0.6 v(xx1.casc)=1.8

Note: Starting dynamic gmin stepping
Note: Dynamic gmin stepping completed
Warning : IC on non-existent node - xx1.casc, ignored
   Please check line .ic v(fb)=1.0 v(sns1)=0.6 v(sns2)=0.6 v(vref)=1.2 v(ibias)=0.6 v(xx1.casc)=1.8

Note: Starting dynamic gmin stepping
Note: Dynamic gmin stepping completed
Warning : IC on non-existent node - xx1.casc, ignored
   Please check line .ic v(fb)=1.0 v(sns1)=0.6 v(sns2)=0.6 v(vref)=1.2 v(ibias)=0.6 v(xx1.casc)=1.8

Note: Starting dynamic gmin stepping
Note: Dynamic gmin stepping completed
Warning : IC on non-existent node - xx1.casc, ignored
   Please check line .ic v(fb)=1.0 v(sns1)=0.6 v(sns2)=0.6 v(vref)=1.2 v(ibias)=0.6 v(xx1.casc)=1.8

Note: Starting dynamic gmin stepping
Note: Dynamic gmin stepping completed
Warning : IC on non-existent node - xx1.casc, ignored
   Please check line .ic v(fb)=1.0 v(sns1)=0.6 v(sns2)=0.6 v(vref)=1.2 v(ibias)=0.6 v(xx1.casc)=1.8

Note: Starting dynamic gmin stepping
Note: Dynamic gmin stepping completed
Warning : IC on non-existent node - xx1.casc, ignored
   Please check line .ic v(fb)=1.0 v(sns1)=0.6 v(sns2)=0.6 v(vref)=1.2 v(ibias)=0.6 v(xx1.casc)=1.8

Note: Starting dynamic gmin stepping
Note: Dynamic gmin stepping completed
Warning : IC on non-existent node - xx1.casc, ignored
   Please check line .ic v(fb)=1.0 v(sns1)=0.6 v(sns2)=0.6 v(vref)=1.2 v(ibias)=0.6 v(xx1.casc)=1.8

Note: Starting dynamic gmin stepping
Note: Dynamic gmin stepping completed
Warning : IC on non-existent node - xx1.casc, ignored
   Please check line .ic v(fb)=1.0 v(sns1)=0.6 v(sns2)=0.6 v(vref)=1.2 v(ibias)=0.6 v(xx1.casc)=1.8

Note: Starting dynamic gmin stepping
Note: Dynamic gmin stepping completed
Warning : IC on non-existent node - xx1.casc, ignored
   Please check line .ic v(fb)=1.0 v(sns1)=0.6 v(sns2)=0.6 v(vref)=1.2 v(ibias)=0.6 v(xx1.casc)=1.8

Note: Starting dynamic gmin stepping
Note: Dynamic gmin stepping completed
Warning : IC on non-existent node - xx1.casc, ignored
   Please check line .ic v(fb)=1.0 v(sns1)=0.6 v(sns2)=0.6 v(vref)=1.2 v(ibias)=0.6 v(xx1.casc)=1.8

Note: Starting dynamic gmin stepping
Note: Dynamic gmin stepping completed
Warning : IC on non-existent node - xx1.casc, ignored
   Please check line .ic v(fb)=1.0 v(sns1)=0.6 v(sns2)=0.6 v(vref)=1.2 v(ibias)=0.6 v(xx1.casc)=1.8

Note: Starting dynamic gmin stepping
Note: Dynamic gmin stepping completed
Warning : IC on non-existent node - xx1.casc, ignored
   Please check line .ic v(fb)=1.0 v(sns1)=0.6 v(sns2)=0.6 v(vref)=1.2 v(ibias)=0.6 v(xx1.casc)=1.8

Note: Starting dynamic gmin stepping
Note: Dynamic gmin stepping completed
Warning : IC on non-existent node - xx1.casc, ignored
   Please check line .ic v(fb)=1.0 v(sns1)=0.6 v(sns2)=0.6 v(vref)=1.2 v(ibias)=0.6 v(xx1.casc)=1.8

Note: Starting dynamic gmin stepping
Note: Dynamic gmin stepping completed
Warning : IC on non-existent node - xx1.casc, ignored
   Please check line .ic v(fb)=1.0 v(sns1)=0.6 v(sns2)=0.6 v(vref)=1.2 v(ibias)=0.6 v(xx1.casc)=1.8

Note: Starting dynamic gmin stepping
Note: Dynamic gmin stepping completed
Warning : IC on non-existent node - xx1.casc, ignored
   Please check line .ic v(fb)=1.0 v(sns1)=0.6 v(sns2)=0.6 v(vref)=1.2 v(ibias)=0.6 v(xx1.casc)=1.8

Note: Starting dynamic gmin stepping
Note: Dynamic gmin stepping completed
Warning : IC on non-existent node - xx1.casc, ignored
   Please check line .ic v(fb)=1.0 v(sns1)=0.6 v(sns2)=0.6 v(vref)=1.2 v(ibias)=0.6 v(xx1.casc)=1.8

Note: Starting dynamic gmin stepping
Note: Dynamic gmin stepping completed
Warning : IC on non-existent node - xx1.casc, ignored
   Please check line .ic v(fb)=1.0 v(sns1)=0.6 v(sns2)=0.6 v(vref)=1.2 v(ibias)=0.6 v(xx1.casc)=1.8

Note: Starting dynamic gmin stepping
Note: Dynamic gmin stepping completed
Warning : IC on non-existent node - xx1.casc, ignored
   Please check line .ic v(fb)=1.0 v(sns1)=0.6 v(sns2)=0.6 v(vref)=1.2 v(ibias)=0.6 v(xx1.casc)=1.8

Note: Starting dynamic gmin stepping
Note: Dynamic gmin stepping completed
Warning : IC on non-existent node - xx1.casc, ignored
   Please check line .ic v(fb)=1.0 v(sns1)=0.6 v(sns2)=0.6 v(vref)=1.2 v(ibias)=0.6 v(xx1.casc)=1.8

Note: Starting dynamic gmin stepping
Note: Dynamic gmin stepping completed
Warning : IC on non-existent node - xx1.casc, ignored
   Please check line .ic v(fb)=1.0 v(sns1)=0.6 v(sns2)=0.6 v(vref)=1.2 v(ibias)=0.6 v(xx1.casc)=1.8

Note: Starting dynamic gmin stepping
Note: Dynamic gmin stepping completed
Warning : IC on non-existent node - xx1.casc, ignored
   Please check line .ic v(fb)=1.0 v(sns1)=0.6 v(sns2)=0.6 v(vref)=1.2 v(ibias)=0.6 v(xx1.casc)=1.8

Note: Starting dynamic gmin stepping
Note: Dynamic gmin stepping completed
Warning : IC on non-existent node - xx1.casc, ignored
   Please check line .ic v(fb)=1.0 v(sns1)=0.6 v(sns2)=0.6 v(vref)=1.2 v(ibias)=0.6 v(xx1.casc)=1.8

Note: Starting dynamic gmin stepping
Note: Dynamic gmin stepping completed
Warning : IC on non-existent node - xx1.casc, ignored
   Please check line .ic v(fb)=1.0 v(sns1)=0.6 v(sns2)=0.6 v(vref)=1.2 v(ibias)=0.6 v(xx1.casc)=1.8

Note: Starting dynamic gmin stepping
Note: Dynamic gmin stepping completed
Warning : IC on non-existent node - xx1.casc, ignored
   Please check line .ic v(fb)=1.0 v(sns1)=0.6 v(sns2)=0.6 v(vref)=1.2 v(ibias)=0.6 v(xx1.casc)=1.8

Note: Starting dynamic gmin stepping
Note: Dynamic gmin stepping completed
Warning : IC on non-existent node - xx1.casc, ignored
   Please check line .ic v(fb)=1.0 v(sns1)=0.6 v(sns2)=0.6 v(vref)=1.2 v(ibias)=0.6 v(xx1.casc)=1.8

Note: Starting dynamic gmin stepping
Note: Dynamic gmin stepping completed
Warning : IC on non-existent node - xx1.casc, ignored
   Please check line .ic v(fb)=1.0 v(sns1)=0.6 v(sns2)=0.6 v(vref)=1.2 v(ibias)=0.6 v(xx1.casc)=1.8

Note: Starting dynamic gmin stepping
Note: Dynamic gmin stepping completed
Warning : IC on non-existent node - xx1.casc, ignored
   Please check line .ic v(fb)=1.0 v(sns1)=0.6 v(sns2)=0.6 v(vref)=1.2 v(ibias)=0.6 v(xx1.casc)=1.8

Note: Starting dynamic gmin stepping
Note: Dynamic gmin stepping completed
Warning : IC on non-existent node - xx1.casc, ignored
   Please check line .ic v(fb)=1.0 v(sns1)=0.6 v(sns2)=0.6 v(vref)=1.2 v(ibias)=0.6 v(xx1.casc)=1.8

Note: Starting dynamic gmin stepping
Note: Dynamic gmin stepping completed
Warning : IC on non-existent node - xx1.casc, ignored
   Please check line .ic v(fb)=1.0 v(sns1)=0.6 v(sns2)=0.6 v(vref)=1.2 v(ibias)=0.6 v(xx1.casc)=1.8

Note: Starting dynamic gmin stepping
Note: Dynamic gmin stepping completed
Warning : IC on non-existent node - xx1.casc, ignored
   Please check line .ic v(fb)=1.0 v(sns1)=0.6 v(sns2)=0.6 v(vref)=1.2 v(ibias)=0.6 v(xx1.casc)=1.8

Note: Starting dynamic gmin stepping
Note: Dynamic gmin stepping completed
Warning : IC on non-existent node - xx1.casc, ignored
   Please check line .ic v(fb)=1.0 v(sns1)=0.6 v(sns2)=0.6 v(vref)=1.2 v(ibias)=0.6 v(xx1.casc)=1.8

Note: Starting dynamic gmin stepping
Note: Dynamic gmin stepping completed
Warning : IC on non-existent node - xx1.casc, ignored
   Please check line .ic v(fb)=1.0 v(sns1)=0.6 v(sns2)=0.6 v(vref)=1.2 v(ibias)=0.6 v(xx1.casc)=1.8

Note: Starting dynamic gmin stepping
Note: Dynamic gmin stepping completed
Warning : IC on non-existent node - xx1.casc, ignored
   Please check line .ic v(fb)=1.0 v(sns1)=0.6 v(sns2)=0.6 v(vref)=1.2 v(ibias)=0.6 v(xx1.casc)=1.8

Note: Starting dynamic gmin stepping
Note: Dynamic gmin stepping completed
Warning : IC on non-existent node - xx1.casc, ignored
   Please check line .ic v(fb)=1.0 v(sns1)=0.6 v(sns2)=0.6 v(vref)=1.2 v(ibias)=0.6 v(xx1.casc)=1.8

Note: Starting dynamic gmin stepping
Note: Dynamic gmin stepping completed
Warning : IC on non-existent node - xx1.casc, ignored
   Please check line .ic v(fb)=1.0 v(sns1)=0.6 v(sns2)=0.6 v(vref)=1.2 v(ibias)=0.6 v(xx1.casc)=1.8

Note: Starting dynamic gmin stepping
Note: Dynamic gmin stepping completed
Warning : IC on non-existent node - xx1.casc, ignored
   Please check line .ic v(fb)=1.0 v(sns1)=0.6 v(sns2)=0.6 v(vref)=1.2 v(ibias)=0.6 v(xx1.casc)=1.8

Note: Starting dynamic gmin stepping
Note: Dynamic gmin stepping completed
Warning : IC on non-existent node - xx1.casc, ignored
   Please check line .ic v(fb)=1.0 v(sns1)=0.6 v(sns2)=0.6 v(vref)=1.2 v(ibias)=0.6 v(xx1.casc)=1.8

Note: Starting dynamic gmin stepping
Note: Dynamic gmin stepping completed
Warning : IC on non-existent node - xx1.casc, ignored
   Please check line .ic v(fb)=1.0 v(sns1)=0.6 v(sns2)=0.6 v(vref)=1.2 v(ibias)=0.6 v(xx1.casc)=1.8

Note: Starting dynamic gmin stepping
Note: Dynamic gmin stepping completed
Warning : IC on non-existent node - xx1.casc, ignored
   Please check line .ic v(fb)=1.0 v(sns1)=0.6 v(sns2)=0.6 v(vref)=1.2 v(ibias)=0.6 v(xx1.casc)=1.8

Note: Starting dynamic gmin stepping
Note: Dynamic gmin stepping completed
Warning : IC on non-existent node - xx1.casc, ignored
   Please check line .ic v(fb)=1.0 v(sns1)=0.6 v(sns2)=0.6 v(vref)=1.2 v(ibias)=0.6 v(xx1.casc)=1.8

Note: Starting dynamic gmin stepping
Note: Dynamic gmin stepping completed
Warning : IC on non-existent node - xx1.casc, ignored
   Please check line .ic v(fb)=1.0 v(sns1)=0.6 v(sns2)=0.6 v(vref)=1.2 v(ibias)=0.6 v(xx1.casc)=1.8

Note: Starting dynamic gmin stepping
Note: Dynamic gmin stepping completed
Warning : IC on non-existent node - xx1.casc, ignored
   Please check line .ic v(fb)=1.0 v(sns1)=0.6 v(sns2)=0.6 v(vref)=1.2 v(ibias)=0.6 v(xx1.casc)=1.8

Note: Starting dynamic gmin stepping
Note: Dynamic gmin stepping completed
Warning : IC on non-existent node - xx1.casc, ignored
   Please check line .ic v(fb)=1.0 v(sns1)=0.6 v(sns2)=0.6 v(vref)=1.2 v(ibias)=0.6 v(xx1.casc)=1.8

Note: Starting dynamic gmin stepping
Note: Dynamic gmin stepping completed
Warning : IC on non-existent node - xx1.casc, ignored
   Please check line .ic v(fb)=1.0 v(sns1)=0.6 v(sns2)=0.6 v(vref)=1.2 v(ibias)=0.6 v(xx1.casc)=1.8

Note: Starting dynamic gmin stepping
Note: Dynamic gmin stepping completed
Warning : IC on non-existent node - xx1.casc, ignored
   Please check line .ic v(fb)=1.0 v(sns1)=0.6 v(sns2)=0.6 v(vref)=1.2 v(ibias)=0.6 v(xx1.casc)=1.8

Note: Starting dynamic gmin stepping
Note: Dynamic gmin stepping completed
Warning : IC on non-existent node - xx1.casc, ignored
   Please check line .ic v(fb)=1.0 v(sns1)=0.6 v(sns2)=0.6 v(vref)=1.2 v(ibias)=0.6 v(xx1.casc)=1.8

Note: Starting dynamic gmin stepping
Note: Dynamic gmin stepping completed
Warning : IC on non-existent node - xx1.casc, ignored
   Please check line .ic v(fb)=1.0 v(sns1)=0.6 v(sns2)=0.6 v(vref)=1.2 v(ibias)=0.6 v(xx1.casc)=1.8

Note: Starting dynamic gmin stepping
Note: Dynamic gmin stepping completed
Warning : IC on non-existent node - xx1.casc, ignored
   Please check line .ic v(fb)=1.0 v(sns1)=0.6 v(sns2)=0.6 v(vref)=1.2 v(ibias)=0.6 v(xx1.casc)=1.8

Note: Starting dynamic gmin stepping
Note: Dynamic gmin stepping completed
Warning : IC on non-existent node - xx1.casc, ignored
   Please check line .ic v(fb)=1.0 v(sns1)=0.6 v(sns2)=0.6 v(vref)=1.2 v(ibias)=0.6 v(xx1.casc)=1.8

Note: Starting dynamic gmin stepping
Note: Dynamic gmin stepping completed
Warning : IC on non-existent node - xx1.casc, ignored
   Please check line .ic v(fb)=1.0 v(sns1)=0.6 v(sns2)=0.6 v(vref)=1.2 v(ibias)=0.6 v(xx1.casc)=1.8

Note: Starting dynamic gmin stepping
Note: Dynamic gmin stepping completed
Warning : IC on non-existent node - xx1.casc, ignored
   Please check line .ic v(fb)=1.0 v(sns1)=0.6 v(sns2)=0.6 v(vref)=1.2 v(ibias)=0.6 v(xx1.casc)=1.8

Note: Starting dynamic gmin stepping
Note: Dynamic gmin stepping completed
Warning : IC on non-existent node - xx1.casc, ignored
   Please check line .ic v(fb)=1.0 v(sns1)=0.6 v(sns2)=0.6 v(vref)=1.2 v(ibias)=0.6 v(xx1.casc)=1.8

Note: Starting dynamic gmin stepping
Note: Dynamic gmin stepping completed
Warning : IC on non-existent node - xx1.casc, ignored
   Please check line .ic v(fb)=1.0 v(sns1)=0.6 v(sns2)=0.6 v(vref)=1.2 v(ibias)=0.6 v(xx1.casc)=1.8

Note: Starting dynamic gmin stepping
Note: Dynamic gmin stepping completed
Warning : IC on non-existent node - xx1.casc, ignored
   Please check line .ic v(fb)=1.0 v(sns1)=0.6 v(sns2)=0.6 v(vref)=1.2 v(ibias)=0.6 v(xx1.casc)=1.8

Note: Starting dynamic gmin stepping
Note: Dynamic gmin stepping completed
Warning : IC on non-existent node - xx1.casc, ignored
   Please check line .ic v(fb)=1.0 v(sns1)=0.6 v(sns2)=0.6 v(vref)=1.2 v(ibias)=0.6 v(xx1.casc)=1.8

Note: Starting dynamic gmin stepping
Note: Dynamic gmin stepping completed
Warning : IC on non-existent node - xx1.casc, ignored
   Please check line .ic v(fb)=1.0 v(sns1)=0.6 v(sns2)=0.6 v(vref)=1.2 v(ibias)=0.6 v(xx1.casc)=1.8

Note: Starting dynamic gmin stepping
Note: Dynamic gmin stepping completed
Warning : IC on non-existent node - xx1.casc, ignored
   Please check line .ic v(fb)=1.0 v(sns1)=0.6 v(sns2)=0.6 v(vref)=1.2 v(ibias)=0.6 v(xx1.casc)=1.8

Note: Starting dynamic gmin stepping
Note: Dynamic gmin stepping completed
Warning : IC on non-existent node - xx1.casc, ignored
   Please check line .ic v(fb)=1.0 v(sns1)=0.6 v(sns2)=0.6 v(vref)=1.2 v(ibias)=0.6 v(xx1.casc)=1.8

Note: Starting dynamic gmin stepping
Note: Dynamic gmin stepping completed
Warning : IC on non-existent node - xx1.casc, ignored
   Please check line .ic v(fb)=1.0 v(sns1)=0.6 v(sns2)=0.6 v(vref)=1.2 v(ibias)=0.6 v(xx1.casc)=1.8

Note: Starting dynamic gmin stepping
Note: Dynamic gmin stepping completed
Warning : IC on non-existent node - xx1.casc, ignored
   Please check line .ic v(fb)=1.0 v(sns1)=0.6 v(sns2)=0.6 v(vref)=1.2 v(ibias)=0.6 v(xx1.casc)=1.8

Note: Starting dynamic gmin stepping
Note: Dynamic gmin stepping completed
Warning : IC on non-existent node - xx1.casc, ignored
   Please check line .ic v(fb)=1.0 v(sns1)=0.6 v(sns2)=0.6 v(vref)=1.2 v(ibias)=0.6 v(xx1.casc)=1.8

Note: Starting dynamic gmin stepping
Note: Dynamic gmin stepping completed
Warning : IC on non-existent node - xx1.casc, ignored
   Please check line .ic v(fb)=1.0 v(sns1)=0.6 v(sns2)=0.6 v(vref)=1.2 v(ibias)=0.6 v(xx1.casc)=1.8

Note: Starting dynamic gmin stepping
Note: Dynamic gmin stepping completed
Warning : IC on non-existent node - xx1.casc, ignored
   Please check line .ic v(fb)=1.0 v(sns1)=0.6 v(sns2)=0.6 v(vref)=1.2 v(ibias)=0.6 v(xx1.casc)=1.8

Note: Starting dynamic gmin stepping
Note: Dynamic gmin stepping completed
Warning : IC on non-existent node - xx1.casc, ignored
   Please check line .ic v(fb)=1.0 v(sns1)=0.6 v(sns2)=0.6 v(vref)=1.2 v(ibias)=0.6 v(xx1.casc)=1.8

Note: Starting dynamic gmin stepping
Note: Dynamic gmin stepping completed
Warning : IC on non-existent node - xx1.casc, ignored
   Please check line .ic v(fb)=1.0 v(sns1)=0.6 v(sns2)=0.6 v(vref)=1.2 v(ibias)=0.6 v(xx1.casc)=1.8

Note: Starting dynamic gmin stepping
Note: Dynamic gmin stepping completed
Warning : IC on non-existent node - xx1.casc, ignored
   Please check line .ic v(fb)=1.0 v(sns1)=0.6 v(sns2)=0.6 v(vref)=1.2 v(ibias)=0.6 v(xx1.casc)=1.8

Note: Starting dynamic gmin stepping
Note: Dynamic gmin stepping completed
Warning : IC on non-existent node - xx1.casc, ignored
   Please check line .ic v(fb)=1.0 v(sns1)=0.6 v(sns2)=0.6 v(vref)=1.2 v(ibias)=0.6 v(xx1.casc)=1.8

Note: Starting dynamic gmin stepping
Note: Dynamic gmin stepping completed
Warning : IC on non-existent node - xx1.casc, ignored
   Please check line .ic v(fb)=1.0 v(sns1)=0.6 v(sns2)=0.6 v(vref)=1.2 v(ibias)=0.6 v(xx1.casc)=1.8

Note: Starting dynamic gmin stepping
Note: Dynamic gmin stepping completed
Warning : IC on non-existent node - xx1.casc, ignored
   Please check line .ic v(fb)=1.0 v(sns1)=0.6 v(sns2)=0.6 v(vref)=1.2 v(ibias)=0.6 v(xx1.casc)=1.8

Note: Starting dynamic gmin stepping
Note: Dynamic gmin stepping completed
Warning : IC on non-existent node - xx1.casc, ignored
   Please check line .ic v(fb)=1.0 v(sns1)=0.6 v(sns2)=0.6 v(vref)=1.2 v(ibias)=0.6 v(xx1.casc)=1.8

Note: Starting dynamic gmin stepping
Note: Dynamic gmin stepping completed
Warning : IC on non-existent node - xx1.casc, ignored
   Please check line .ic v(fb)=1.0 v(sns1)=0.6 v(sns2)=0.6 v(vref)=1.2 v(ibias)=0.6 v(xx1.casc)=1.8

Note: Starting dynamic gmin stepping
Note: Dynamic gmin stepping completed
Warning : IC on non-existent node - xx1.casc, ignored
   Please check line .ic v(fb)=1.0 v(sns1)=0.6 v(sns2)=0.6 v(vref)=1.2 v(ibias)=0.6 v(xx1.casc)=1.8

Note: Starting dynamic gmin stepping
Note: Dynamic gmin stepping completed
Warning : IC on non-existent node - xx1.casc, ignored
   Please check line .ic v(fb)=1.0 v(sns1)=0.6 v(sns2)=0.6 v(vref)=1.2 v(ibias)=0.6 v(xx1.casc)=1.8

Note: Starting dynamic gmin stepping
Note: Dynamic gmin stepping completed
Warning : IC on non-existent node - xx1.casc, ignored
   Please check line .ic v(fb)=1.0 v(sns1)=0.6 v(sns2)=0.6 v(vref)=1.2 v(ibias)=0.6 v(xx1.casc)=1.8

Note: Starting dynamic gmin stepping
Note: Dynamic gmin stepping completed
Warning : IC on non-existent node - xx1.casc, ignored
   Please check line .ic v(fb)=1.0 v(sns1)=0.6 v(sns2)=0.6 v(vref)=1.2 v(ibias)=0.6 v(xx1.casc)=1.8

Note: Starting dynamic gmin stepping
Note: Dynamic gmin stepping completed
Warning : IC on non-existent node - xx1.casc, ignored
   Please check line .ic v(fb)=1.0 v(sns1)=0.6 v(sns2)=0.6 v(vref)=1.2 v(ibias)=0.6 v(xx1.casc)=1.8

Note: Starting dynamic gmin stepping
Note: Dynamic gmin stepping completed
Warning : IC on non-existent node - xx1.casc, ignored
   Please check line .ic v(fb)=1.0 v(sns1)=0.6 v(sns2)=0.6 v(vref)=1.2 v(ibias)=0.6 v(xx1.casc)=1.8

Note: Starting dynamic gmin stepping
Note: Dynamic gmin stepping completed
Warning : IC on non-existent node - xx1.casc, ignored
   Please check line .ic v(fb)=1.0 v(sns1)=0.6 v(sns2)=0.6 v(vref)=1.2 v(ibias)=0.6 v(xx1.casc)=1.8

Note: Starting dynamic gmin stepping
Note: Dynamic gmin stepping completed
Warning : IC on non-existent node - xx1.casc, ignored
   Please check line .ic v(fb)=1.0 v(sns1)=0.6 v(sns2)=0.6 v(vref)=1.2 v(ibias)=0.6 v(xx1.casc)=1.8

Note: Starting dynamic gmin stepping
Note: Dynamic gmin stepping completed
Warning : IC on non-existent node - xx1.casc, ignored
   Please check line .ic v(fb)=1.0 v(sns1)=0.6 v(sns2)=0.6 v(vref)=1.2 v(ibias)=0.6 v(xx1.casc)=1.8

Note: Starting dynamic gmin stepping
Note: Dynamic gmin stepping completed
Warning : IC on non-existent node - xx1.casc, ignored
   Please check line .ic v(fb)=1.0 v(sns1)=0.6 v(sns2)=0.6 v(vref)=1.2 v(ibias)=0.6 v(xx1.casc)=1.8

Note: Starting dynamic gmin stepping
Note: Dynamic gmin stepping completed
Warning : IC on non-existent node - xx1.casc, ignored
   Please check line .ic v(fb)=1.0 v(sns1)=0.6 v(sns2)=0.6 v(vref)=1.2 v(ibias)=0.6 v(xx1.casc)=1.8

Note: Starting dynamic gmin stepping
Note: Dynamic gmin stepping completed
Warning : IC on non-existent node - xx1.casc, ignored
   Please check line .ic v(fb)=1.0 v(sns1)=0.6 v(sns2)=0.6 v(vref)=1.2 v(ibias)=0.6 v(xx1.casc)=1.8

Note: Starting dynamic gmin stepping
Note: Dynamic gmin stepping completed
Warning : IC on non-existent node - xx1.casc, ignored
   Please check line .ic v(fb)=1.0 v(sns1)=0.6 v(sns2)=0.6 v(vref)=1.2 v(ibias)=0.6 v(xx1.casc)=1.8

Note: Starting dynamic gmin stepping
Note: Dynamic gmin stepping completed
Warning : IC on non-existent node - xx1.casc, ignored
   Please check line .ic v(fb)=1.0 v(sns1)=0.6 v(sns2)=0.6 v(vref)=1.2 v(ibias)=0.6 v(xx1.casc)=1.8

Note: Starting dynamic gmin stepping
Note: Dynamic gmin stepping completed
Warning : IC on non-existent node - xx1.casc, ignored
   Please check line .ic v(fb)=1.0 v(sns1)=0.6 v(sns2)=0.6 v(vref)=1.2 v(ibias)=0.6 v(xx1.casc)=1.8

Note: Starting dynamic gmin stepping
Note: Dynamic gmin stepping completed
Warning : IC on non-existent node - xx1.casc, ignored
   Please check line .ic v(fb)=1.0 v(sns1)=0.6 v(sns2)=0.6 v(vref)=1.2 v(ibias)=0.6 v(xx1.casc)=1.8

Note: Starting dynamic gmin stepping
Note: Dynamic gmin stepping completed
Warning : IC on non-existent node - xx1.casc, ignored
   Please check line .ic v(fb)=1.0 v(sns1)=0.6 v(sns2)=0.6 v(vref)=1.2 v(ibias)=0.6 v(xx1.casc)=1.8

Note: Starting dynamic gmin stepping
Note: Dynamic gmin stepping completed
Warning : IC on non-existent node - xx1.casc, ignored
   Please check line .ic v(fb)=1.0 v(sns1)=0.6 v(sns2)=0.6 v(vref)=1.2 v(ibias)=0.6 v(xx1.casc)=1.8

Note: Starting dynamic gmin stepping
Note: Dynamic gmin stepping completed
Warning : IC on non-existent node - xx1.casc, ignored
   Please check line .ic v(fb)=1.0 v(sns1)=0.6 v(sns2)=0.6 v(vref)=1.2 v(ibias)=0.6 v(xx1.casc)=1.8

Note: Starting dynamic gmin stepping
Note: Dynamic gmin stepping completed
Warning : IC on non-existent node - xx1.casc, ignored
   Please check line .ic v(fb)=1.0 v(sns1)=0.6 v(sns2)=0.6 v(vref)=1.2 v(ibias)=0.6 v(xx1.casc)=1.8

Note: Starting dynamic gmin stepping
Note: Dynamic gmin stepping completed
Warning : IC on non-existent node - xx1.casc, ignored
   Please check line .ic v(fb)=1.0 v(sns1)=0.6 v(sns2)=0.6 v(vref)=1.2 v(ibias)=0.6 v(xx1.casc)=1.8

Note: Starting dynamic gmin stepping
Note: Dynamic gmin stepping completed
Warning : IC on non-existent node - xx1.casc, ignored
   Please check line .ic v(fb)=1.0 v(sns1)=0.6 v(sns2)=0.6 v(vref)=1.2 v(ibias)=0.6 v(xx1.casc)=1.8

Note: Starting dynamic gmin stepping
Note: Dynamic gmin stepping completed
Warning : IC on non-existent node - xx1.casc, ignored
   Please check line .ic v(fb)=1.0 v(sns1)=0.6 v(sns2)=0.6 v(vref)=1.2 v(ibias)=0.6 v(xx1.casc)=1.8

Note: Starting dynamic gmin stepping
Note: Dynamic gmin stepping completed
Warning : IC on non-existent node - xx1.casc, ignored
   Please check line .ic v(fb)=1.0 v(sns1)=0.6 v(sns2)=0.6 v(vref)=1.2 v(ibias)=0.6 v(xx1.casc)=1.8

Note: Starting dynamic gmin stepping
Note: Dynamic gmin stepping completed
Warning : IC on non-existent node - xx1.casc, ignored
   Please check line .ic v(fb)=1.0 v(sns1)=0.6 v(sns2)=0.6 v(vref)=1.2 v(ibias)=0.6 v(xx1.casc)=1.8

Note: Starting dynamic gmin stepping
Note: Dynamic gmin stepping completed
Warning : IC on non-existent node - xx1.casc, ignored
   Please check line .ic v(fb)=1.0 v(sns1)=0.6 v(sns2)=0.6 v(vref)=1.2 v(ibias)=0.6 v(xx1.casc)=1.8

Note: Starting dynamic gmin stepping
Note: Dynamic gmin stepping completed
Warning : IC on non-existent node - xx1.casc, ignored
   Please check line .ic v(fb)=1.0 v(sns1)=0.6 v(sns2)=0.6 v(vref)=1.2 v(ibias)=0.6 v(xx1.casc)=1.8

Note: Starting dynamic gmin stepping
Note: Dynamic gmin stepping completed
Warning : IC on non-existent node - xx1.casc, ignored
   Please check line .ic v(fb)=1.0 v(sns1)=0.6 v(sns2)=0.6 v(vref)=1.2 v(ibias)=0.6 v(xx1.casc)=1.8

Note: Starting dynamic gmin stepping
Note: Dynamic gmin stepping completed
Warning : IC on non-existent node - xx1.casc, ignored
   Please check line .ic v(fb)=1.0 v(sns1)=0.6 v(sns2)=0.6 v(vref)=1.2 v(ibias)=0.6 v(xx1.casc)=1.8

Note: Starting dynamic gmin stepping
Note: Dynamic gmin stepping completed
Warning : IC on non-existent node - xx1.casc, ignored
   Please check line .ic v(fb)=1.0 v(sns1)=0.6 v(sns2)=0.6 v(vref)=1.2 v(ibias)=0.6 v(xx1.casc)=1.8

Note: Starting dynamic gmin stepping
Note: Dynamic gmin stepping completed
Warning : IC on non-existent node - xx1.casc, ignored
   Please check line .ic v(fb)=1.0 v(sns1)=0.6 v(sns2)=0.6 v(vref)=1.2 v(ibias)=0.6 v(xx1.casc)=1.8

Note: Starting dynamic gmin stepping
Note: Dynamic gmin stepping completed
Warning : IC on non-existent node - xx1.casc, ignored
   Please check line .ic v(fb)=1.0 v(sns1)=0.6 v(sns2)=0.6 v(vref)=1.2 v(ibias)=0.6 v(xx1.casc)=1.8

Note: Starting dynamic gmin stepping
Note: Dynamic gmin stepping completed
Warning : IC on non-existent node - xx1.casc, ignored
   Please check line .ic v(fb)=1.0 v(sns1)=0.6 v(sns2)=0.6 v(vref)=1.2 v(ibias)=0.6 v(xx1.casc)=1.8

Note: Starting dynamic gmin stepping
Note: Dynamic gmin stepping completed
Warning : IC on non-existent node - xx1.casc, ignored
   Please check line .ic v(fb)=1.0 v(sns1)=0.6 v(sns2)=0.6 v(vref)=1.2 v(ibias)=0.6 v(xx1.casc)=1.8

Note: Starting dynamic gmin stepping
Note: Dynamic gmin stepping completed
Warning : IC on non-existent node - xx1.casc, ignored
   Please check line .ic v(fb)=1.0 v(sns1)=0.6 v(sns2)=0.6 v(vref)=1.2 v(ibias)=0.6 v(xx1.casc)=1.8

Note: Starting dynamic gmin stepping
Note: Dynamic gmin stepping completed
Warning : IC on non-existent node - xx1.casc, ignored
   Please check line .ic v(fb)=1.0 v(sns1)=0.6 v(sns2)=0.6 v(vref)=1.2 v(ibias)=0.6 v(xx1.casc)=1.8

Note: Starting dynamic gmin stepping
Note: Dynamic gmin stepping completed
Warning : IC on non-existent node - xx1.casc, ignored
   Please check line .ic v(fb)=1.0 v(sns1)=0.6 v(sns2)=0.6 v(vref)=1.2 v(ibias)=0.6 v(xx1.casc)=1.8

Note: Starting dynamic gmin stepping
Note: Dynamic gmin stepping completed
Warning : IC on non-existent node - xx1.casc, ignored
   Please check line .ic v(fb)=1.0 v(sns1)=0.6 v(sns2)=0.6 v(vref)=1.2 v(ibias)=0.6 v(xx1.casc)=1.8

Note: Starting dynamic gmin stepping
Note: Dynamic gmin stepping completed
Warning : IC on non-existent node - xx1.casc, ignored
   Please check line .ic v(fb)=1.0 v(sns1)=0.6 v(sns2)=0.6 v(vref)=1.2 v(ibias)=0.6 v(xx1.casc)=1.8

Note: Starting dynamic gmin stepping
Note: Dynamic gmin stepping completed
Warning : IC on non-existent node - xx1.casc, ignored
   Please check line .ic v(fb)=1.0 v(sns1)=0.6 v(sns2)=0.6 v(vref)=1.2 v(ibias)=0.6 v(xx1.casc)=1.8

Note: Starting dynamic gmin stepping
Note: Dynamic gmin stepping completed
Warning : IC on non-existent node - xx1.casc, ignored
   Please check line .ic v(fb)=1.0 v(sns1)=0.6 v(sns2)=0.6 v(vref)=1.2 v(ibias)=0.6 v(xx1.casc)=1.8

Note: Starting dynamic gmin stepping
Note: Dynamic gmin stepping completed
Warning : IC on non-existent node - xx1.casc, ignored
   Please check line .ic v(fb)=1.0 v(sns1)=0.6 v(sns2)=0.6 v(vref)=1.2 v(ibias)=0.6 v(xx1.casc)=1.8

Note: Starting dynamic gmin stepping
Note: Dynamic gmin stepping completed
Warning : IC on non-existent node - xx1.casc, ignored
   Please check line .ic v(fb)=1.0 v(sns1)=0.6 v(sns2)=0.6 v(vref)=1.2 v(ibias)=0.6 v(xx1.casc)=1.8

Note: Starting dynamic gmin stepping
Note: Dynamic gmin stepping completed
Warning : IC on non-existent node - xx1.casc, ignored
   Please check line .ic v(fb)=1.0 v(sns1)=0.6 v(sns2)=0.6 v(vref)=1.2 v(ibias)=0.6 v(xx1.casc)=1.8

Note: Starting dynamic gmin stepping
Note: Dynamic gmin stepping completed
Warning : IC on non-existent node - xx1.casc, ignored
   Please check line .ic v(fb)=1.0 v(sns1)=0.6 v(sns2)=0.6 v(vref)=1.2 v(ibias)=0.6 v(xx1.casc)=1.8

Note: Starting dynamic gmin stepping
Note: Dynamic gmin stepping completed
Warning : IC on non-existent node - xx1.casc, ignored
   Please check line .ic v(fb)=1.0 v(sns1)=0.6 v(sns2)=0.6 v(vref)=1.2 v(ibias)=0.6 v(xx1.casc)=1.8

Note: Starting dynamic gmin stepping
Note: Dynamic gmin stepping completed
Warning : IC on non-existent node - xx1.casc, ignored
   Please check line .ic v(fb)=1.0 v(sns1)=0.6 v(sns2)=0.6 v(vref)=1.2 v(ibias)=0.6 v(xx1.casc)=1.8

Note: Starting dynamic gmin stepping
Note: Dynamic gmin stepping completed
